owner,title,status,priority,ref_app_count,ref_public_app_count,ref_public_maptour_count,public_total_refs,risk_score,recommended_action,url
skitterman,Hawaii,LEGACY,HIGH,2,2,1,3,126,MIGRATE_FIRST,https://www.arcgis.com/home/item.html?id=75ed42f9a5ed4f2399ba753cd8deae6d
skitterman,New York trip,LEGACY,HIGH,3,1,1,2,124,MIGRATE_FIRST,https://www.arcgis.com/home/item.html?id=74e6b4c08b064a07a55997544339020e
StoryMaps,Cathedral test,LEGACY,HIGH,2,1,1,2,122,MIGRATE_FIRST,https://www.arcgis.com/home/item.html?id=6149418a867b4d548ada9612df6eb33e
dasbury_storymaps,Planet Hunter,LEGACY,HIGH,2,1,1,2,122,MIGRATE_FIRST,https://www.arcgis.com/home/item.html?id=817b3e36f52a4d67920c9aaab8cec1bb
StoryMaps,Renewable electricity in depth,LEGACY,HIGH,2,2,0,2,122,MIGRATE_FIRST,https://www.arcgis.com/home/item.html?id=25bc81de94f14b58878a0b67d8ddd5eb
StoryMaps,Washington DC Today and 1851,LEGACY,HIGH,2,2,0,2,122,MIGRATE_FIRST,https://www.arcgis.com/home/item.html?id=7076dcc3049c44c68ef7afc36b754e87
StoryMaps,DroughtSummer 2014,LEGACY,HIGH,4,1,0,1,122,MIGRATE_FIRST,https://www.arcgis.com/home/item.html?id=25c1bdfdc7cc4d9e88d5cf849c0e93e2
StoryMaps,2015 CGAP Photo Contest,LEGACY,HIGH,1,1,1,2,120,MIGRATE_FIRST,https://www.arcgis.com/home/item.html?id=a2f1d0a82b8b4dd886859f416bb331c7
StoryMaps,A Daytona Beach Walk,LEGACY,HIGH,1,1,1,2,120,MIGRATE_FIRST,https://www.arcgis.com/home/item.html?id=910b817c327d448c8e2880f6c2fed348
StoryMaps,Cornwall Hike 4,LEGACY,HIGH,1,1,1,2,120,MIGRATE_FIRST,https://www.arcgis.com/home/item.html?id=3277e996026e41bda06a06e518342056
StoryMaps,"Critical Area Trail, Patuxent River, Maryland",LEGACY,HIGH,1,1,1,2,120,MIGRATE_FIRST,https://www.arcgis.com/home/item.html?id=329e1fea9fd14195bc071e3bd21122f9
StoryMaps,Auto-play Map Series within Map Tour Experi,LEGACY,HIGH,1,1,1,2,120,MIGRATE_FIRST,https://www.arcgis.com/home/item.html?id=de9853d6502e4086b0e8513aac570b36
StoryMaps,Ayers to Esri,LEGACY,HIGH,1,1,1,2,120,MIGRATE_FIRST,https://www.arcgis.com/home/item.html?id=4362cd86bc38426097198ac3f2d2fa08
Rupert_Essinger,Bad example of a Story Map Tour,LEGACY,HIGH,1,1,1,2,120,MIGRATE_FIRST,https://www.arcgis.com/home/item.html?id=f473690427814f5587fe3db979b6a85b
glazou2,Ban Fracking,LEGACY,HIGH,1,1,1,2,120,MIGRATE_FIRST,https://www.arcgis.com/home/item.html?id=f576fd3e4d914a5d9bff8c972fc6218f
StoryMaps,Beautiful Bees,LEGACY,HIGH,1,1,1,2,120,MIGRATE_FIRST,https://www.arcgis.com/home/item.html?id=41be60d3ac454beaa90008cb90c398a2
StoryMaps,Bicycle outing in the Virginia Piedmont,LEGACY,HIGH,1,1,1,2,120,MIGRATE_FIRST,https://www.arcgis.com/home/item.html?id=9e78b4b0e9e34264964182fbe6fe8e59
StoryMaps,Biking to a Meeting,LEGACY,HIGH,1,1,1,2,120,MIGRATE_FIRST,https://www.arcgis.com/home/item.html?id=90649a4350be4f829210d9e9335d185f
StoryMaps,Birding Outing to Roosevelt Island,LEGACY,HIGH,1,1,1,2,120,MIGRATE_FIRST,https://www.arcgis.com/home/item.html?id=4f20e263917e4231bf58003ec4c36a1d
dwright_storymaps,Blue Ribbon Panel Web Map,LEGACY,HIGH,1,1,1,2,120,MIGRATE_FIRST,https://www.arcgis.com/home/item.html?id=77bb35c3dde3440083e6b78640f301f0
dwright_storymaps,AGU Social Media Poster Web Map,LEGACY,HIGH,1,1,1,2,120,MIGRATE_FIRST,https://www.arcgis.com/home/item.html?id=6b1e4f428ffa411b96b0e49d214ed17f
dwright_storymaps,AGU_Data_Science_Web_Map,LEGACY,HIGH,1,1,1,2,120,MIGRATE_FIRST,https://www.arcgis.com/home/item.html?id=c9cc33784c0f4746a68c34639ad40d46
StoryMaps,Arts and Industries Building,LEGACY,HIGH,1,1,1,2,120,MIGRATE_FIRST,https://www.arcgis.com/home/item.html?id=515b8a3402224eaeb843c6952c71aff6
StoryMaps,Ecosystems Tour,LEGACY,HIGH,1,1,1,2,120,MIGRATE_FIRST,https://www.arcgis.com/home/item.html?id=2ad29b969ab04148a53a67a91b3c15ad
StoryMaps,Esri Campus Tour,LEGACY,HIGH,1,1,1,2,120,MIGRATE_FIRST,https://www.arcgis.com/home/item.html?id=8c4b6f898998408691a091d4abe06f38
StoryMaps,Harvard October 2015,LEGACY,HIGH,1,1,1,2,120,MIGRATE_FIRST,https://www.arcgis.com/home/item.html?id=30645867b0ee42b68caa7a5b169500a3
glazou2,Hike to San Bernardino Peak,LEGACY,HIGH,1,1,1,2,120,MIGRATE_FIRST,https://www.arcgis.com/home/item.html?id=c350e8a1fb5649a2bef92608fc7e82f9
StoryMaps,Jacksonville map tour,LEGACY,HIGH,1,1,1,2,120,MIGRATE_FIRST,https://www.arcgis.com/home/item.html?id=52cc02a5330d4e499f6cb282826735ad
StoryMaps,Cape Cod Ride,LEGACY,HIGH,1,1,1,2,120,MIGRATE_FIRST,https://www.arcgis.com/home/item.html?id=2fa82fa41f234c5fb8a960c5d78bed06
StoryMaps,"Carmel, Indiana Arts and Design District",LEGACY,HIGH,1,1,1,2,120,MIGRATE_FIRST,https://www.arcgis.com/home/item.html?id=7556970b49324fd0b8ff8e414a8e362d
StoryMaps,Celebrating Great Trees,LEGACY,HIGH,1,1,1,2,120,MIGRATE_FIRST,https://www.arcgis.com/home/item.html?id=3d8443584f3c4bef82af96644675f6bc
StoryMaps,"Climate March, April 29, 2017",LEGACY,HIGH,1,1,1,2,120,MIGRATE_FIRST,https://www.arcgis.com/home/item.html?id=29a791956bea4979baf586e8099c9368
StoryMaps,Exploring the Tuscan countryside around Radda and Volpaia,LEGACY,HIGH,1,1,1,2,120,MIGRATE_FIRST,https://www.arcgis.com/home/item.html?id=f1cd596c139b4516997460f63e84167c
StoryMaps,"Finding the amazing in the ordinary: A morning walk in Redlands, CA",LEGACY,HIGH,1,1,1,2,120,MIGRATE_FIRST,https://www.arcgis.com/home/item.html?id=9319e682946148b68d2b09215a1ee530
glazou2,Greg's road trip in French Riviera,LEGACY,HIGH,1,1,1,2,120,MIGRATE_FIRST,https://www.arcgis.com/home/item.html?id=ffe073a99bf84d36af635ca3744a5ef5
StoryMaps,Photographing the President in 50 States,LEGACY,HIGH,1,1,1,2,120,MIGRATE_FIRST,https://www.arcgis.com/home/item.html?id=a3344aa1bee54f47ac4190ae4bd33641
StoryMaps,MIT Walk,LEGACY,HIGH,1,1,1,2,120,MIGRATE_FIRST,https://www.arcgis.com/home/item.html?id=2c8f60fc919b46c0b68679f3cd838d4f
glazou2,Tert 44,LEGACY,HIGH,1,1,1,2,120,MIGRATE_FIRST,https://www.arcgis.com/home/item.html?id=e28a47d405d94b408320bf7abf1c8ea1
glazou2,Test,LEGACY,HIGH,1,1,1,2,120,MIGRATE_FIRST,https://www.arcgis.com/home/item.html?id=8c5f0d646bae4f8fbe68387d79c1efa9
StoryMaps,On the Brink: The Sixth Great Extinction,LEGACY,HIGH,1,1,1,2,120,MIGRATE_FIRST,https://www.arcgis.com/home/item.html?id=c63f50f3623b46e2a60c518f4b2bf058
StoryMaps,Our Vacation,LEGACY,HIGH,1,1,1,2,120,MIGRATE_FIRST,https://www.arcgis.com/home/item.html?id=88b2d99ef16045569a1466a149941114
StoryMaps,Outer Hebrides,LEGACY,HIGH,1,1,1,2,120,MIGRATE_FIRST,https://www.arcgis.com/home/item.html?id=312ecb3d45534a70acdb30d7837c2fa2
dwright_storymaps,Pacific_Story_WebMap,LEGACY,HIGH,1,1,1,2,120,MIGRATE_FIRST,https://www.arcgis.com/home/item.html?id=cb530d04876a4ec0b6f8ab3b40e36204
glazou2,Palm Springs Map Tour,LEGACY,HIGH,1,1,1,2,120,MIGRATE_FIRST,https://www.arcgis.com/home/item.html?id=cfb75f99c520471f80a4b19fe8db4093
glazou2,Palm Springs Map Tour,LEGACY,HIGH,1,1,1,2,120,MIGRATE_FIRST,https://www.arcgis.com/home/item.html?id=31afc21028ec41b7b1cb2e069f2a443c
glazou2,Palm Springs Map Tour (demo),LEGACY,HIGH,1,1,1,2,120,MIGRATE_FIRST,https://www.arcgis.com/home/item.html?id=f06144a146464a9bbb39eb743ac35372
StoryMaps,Paris Cafes,LEGACY,HIGH,1,1,1,2,120,MIGRATE_FIRST,https://www.arcgis.com/home/item.html?id=f445c7890bf14249a0ec8e28fdf2587d
StoryMaps,Paris Impressions,LEGACY,HIGH,1,1,1,2,120,MIGRATE_FIRST,https://www.arcgis.com/home/item.html?id=3bc34c9da79247e787eccb0e33e52f68
StoryMaps,"Rappahannock County Birding Weekend, May 4-5 2013",LEGACY,HIGH,1,1,1,2,120,MIGRATE_FIRST,https://www.arcgis.com/home/item.html?id=4e629d36b0a64b58aba57cd8732259ea
glazou2,Test,LEGACY,HIGH,1,1,1,2,120,MIGRATE_FIRST,https://www.arcgis.com/home/item.html?id=f2ae473fc6b4424f883795e066ab88ad
glazou2,Test,LEGACY,HIGH,1,1,1,2,120,MIGRATE_FIRST,https://www.arcgis.com/home/item.html?id=18802dab9f4c4065b6093365b8918c30
StoryMaps,"Roosevelt Island May 7, 2014",LEGACY,HIGH,1,1,1,2,120,MIGRATE_FIRST,https://www.arcgis.com/home/item.html?id=7237c1d8318b4d36a4c7184c2b8fae2e
StoryMaps,"Roosevelt Island, Early Spring",LEGACY,HIGH,1,1,1,2,120,MIGRATE_FIRST,https://www.arcgis.com/home/item.html?id=4f7b79cdac444411895c95dea7fa5293
StoryMaps,RUPERT MJ SNAP2MAP Test 3,LEGACY,HIGH,1,1,1,2,120,MIGRATE_FIRST,https://www.arcgis.com/home/item.html?id=d85c4a1b6bcc4819811c4cea56a98199
StoryMaps,"San Diego - La Jolla Bikeride, July 2013",LEGACY,HIGH,1,1,1,2,120,MIGRATE_FIRST,https://www.arcgis.com/home/item.html?id=a852b440867545f0944039544bcf4462
glazou2,SanGorgonio-9Peaks-130831,LEGACY,HIGH,1,1,1,2,120,MIGRATE_FIRST,https://www.arcgis.com/home/item.html?id=e2d5d3a686724fed9e9701869907b043
StoryMaps,Selfies in Paris,LEGACY,HIGH,1,1,1,2,120,MIGRATE_FIRST,https://www.arcgis.com/home/item.html?id=12dcb330be854f0ca3533b3a57b2456f
glazou2,test 1,LEGACY,HIGH,1,1,1,2,120,MIGRATE_FIRST,https://www.arcgis.com/home/item.html?id=bd892906bef94977a3d8b467bf4b9794
glazou2,test-photosphere-071513,LEGACY,HIGH,1,1,1,2,120,MIGRATE_FIRST,https://www.arcgis.com/home/item.html?id=aa5bea72fc8042e6ba806498a421898b
glazou2,Test4,LEGACY,HIGH,1,1,1,2,120,MIGRATE_FIRST,https://www.arcgis.com/home/item.html?id=3f8b915a97ee48de96a5b6d376b3cf54
glazou2,Tfvv,LEGACY,HIGH,1,1,1,2,120,MIGRATE_FIRST,https://www.arcgis.com/home/item.html?id=1fa10591b8534232a70e07ac101b7618
StoryMaps,My Trip to Redlands,LEGACY,HIGH,1,1,1,2,120,MIGRATE_FIRST,https://www.arcgis.com/home/item.html?id=8560797744f449d189da83846859f0e8
StoryMaps,National Conservation Training Center,LEGACY,HIGH,1,1,1,2,120,MIGRATE_FIRST,https://www.arcgis.com/home/item.html?id=d8603539ee30461ca1b291cbef394346
StoryMaps,Near my office,LEGACY,HIGH,1,1,1,2,120,MIGRATE_FIRST,https://www.arcgis.com/home/item.html?id=a37cc3e7a17848fc90a2135fc6eb66da
StoryMaps,New York City March 2016,LEGACY,HIGH,1,1,1,2,120,MIGRATE_FIRST,https://www.arcgis.com/home/item.html?id=840e90e3a9c44cdf95132ef2c418bb5f
StoryMaps,Wildflower Inn and Vermont's Northeast Kingdom,LEGACY,HIGH,1,1,1,2,120,MIGRATE_FIRST,https://www.arcgis.com/home/item.html?id=94061b5021a043248ac6d4ec627fe7ae
StoryMaps,Various places,LEGACY,HIGH,1,1,1,2,120,MIGRATE_FIRST,https://www.arcgis.com/home/item.html?id=efa30725bcf945d8922a6affd961b624
StoryMaps,Veterans Day 2014,LEGACY,HIGH,1,1,1,2,120,MIGRATE_FIRST,https://www.arcgis.com/home/item.html?id=ffa8d0c3bc2044938977efbeb8c2c3d9
StoryMaps,"Walks in Cornwall: Camel River, Padstow",LEGACY,HIGH,1,1,1,2,120,MIGRATE_FIRST,https://www.arcgis.com/home/item.html?id=8bd973c5a09f437995427b9be34e4ac1
StoryMaps,Walks in Cornwall: Highlands near the Fowey Estuary,LEGACY,HIGH,1,1,1,2,120,MIGRATE_FIRST,https://www.arcgis.com/home/item.html?id=c1188b516df44faea16c53108adcc2f1
StoryMaps,West Falmouth to Woods Hole,LEGACY,HIGH,1,1,1,2,120,MIGRATE_FIRST,https://www.arcgis.com/home/item.html?id=4493d90316d14f58a4db1f96c969f148
StoryMaps,White House on the Move: President Obama's Travels in 2013,LEGACY,HIGH,1,1,1,2,120,MIGRATE_FIRST,https://www.arcgis.com/home/item.html?id=32f8a118f03d41b8a3a527cee3d902e1
StoryMaps,Why I Like the Northeasst,LEGACY,HIGH,1,1,1,2,120,MIGRATE_FIRST,https://www.arcgis.com/home/item.html?id=95e2ee025f3f404295bd9bbbdfad9906
StoryMaps,The Venues at Sochi,LEGACY,HIGH,1,1,1,2,120,MIGRATE_FIRST,https://www.arcgis.com/home/item.html?id=32342a21738c4cf8a0426aaba5076767
StoryMaps,Women's Marches Around the World,LEGACY,HIGH,1,1,1,2,120,MIGRATE_FIRST,https://www.arcgis.com/home/item.html?id=8a07ed6a7a6745a0a6b0fb46ae3a0a42
StoryMaps,Touring the MIT Campus,LEGACY,HIGH,1,1,1,2,120,MIGRATE_FIRST,https://www.arcgis.com/home/item.html?id=b7db5b96a77a4c6b920b5c27eb5fba35
StoryMaps,xBlue Ribbon Panel of the 2013 Sustainable Oceans Summit,LEGACY,HIGH,1,1,1,2,120,MIGRATE_FIRST,https://www.arcgis.com/home/item.html?id=d8adf7c02f654c9facf4e75ce6aaba15
StoryMaps,1990 Population with no High School Diploma-Copy,LEGACY,HIGH,3,1,0,1,120,MIGRATE_FIRST,https://www.arcgis.com/home/item.html?id=6d9289068efd47368c9b5298cbc16b6c
skitterman,veeeedio tour,LEGACY,HIGH,3,1,0,1,120,MIGRATE_FIRST,https://www.arcgis.com/home/item.html?id=20c6e65ab2444be89759b8819c6e2421
StoryMaps,2013 Esri User Conference,LEGACY,HIGH,2,1,0,1,118,MIGRATE_FIRST,https://www.arcgis.com/home/item.html?id=d320bb668abd456a8d7c7f8af8bbf100
StoryMaps,Around the world in 8 days - alone,LEGACY,HIGH,2,1,0,1,118,MIGRATE_FIRST,https://www.arcgis.com/home/item.html?id=124b5f15857f4eed869ae206631c93bd
StoryMaps,Major Shale Plays,LEGACY,HIGH,2,1,0,1,118,MIGRATE_FIRST,https://www.arcgis.com/home/item.html?id=04744b7ad124458489ea821da3129352
StoryMaps,Renewable electricity production,LEGACY,HIGH,2,1,0,1,118,MIGRATE_FIRST,https://www.arcgis.com/home/item.html?id=ecd0f881bfe6467a80252fcf26292f94
StoryMaps,10.  Hurricane Camille (1969)-Copy,LEGACY,HIGH,1,1,0,1,116,MIGRATE_FIRST,https://www.arcgis.com/home/item.html?id=1a49223c7eb146ff90c599c661f3f7f5
StoryMaps_services,County population change between 2012 and 2013,LEGACY,HIGH,1,1,0,1,116,MIGRATE_FIRST,https://www.arcgis.com/home/item.html?id=561788daf9d248bd94918b8ffc1b2e27
StoryMaps_services,County population change between 2012 and 2013 - Test,LEGACY,HIGH,1,1,0,1,116,MIGRATE_FIRST,https://www.arcgis.com/home/item.html?id=072c259ddc7a4b0381998a21801093a7
StoryMaps,Darwin Destinations,LEGACY,HIGH,1,1,0,1,116,MIGRATE_FIRST,https://www.arcgis.com/home/item.html?id=3942bb94d29b4dd7bda455abbdcbef3a
glazou2,DemoElephant1,LEGACY,HIGH,1,1,0,1,116,MIGRATE_FIRST,https://www.arcgis.com/home/item.html?id=d42b092191cf46de90f6ef42b9a9a1c5
glazou2,DemoElephant2,LEGACY,HIGH,1,1,0,1,116,MIGRATE_FIRST,https://www.arcgis.com/home/item.html?id=ee7c205dbb7a45ab9ac5442b185d4b51
glazou2,DemoElephant3,LEGACY,HIGH,1,1,0,1,116,MIGRATE_FIRST,https://www.arcgis.com/home/item.html?id=0e0d706e0fa34872974e9876f6f6b453
glazou2,DemoElephant4,LEGACY,HIGH,1,1,0,1,116,MIGRATE_FIRST,https://www.arcgis.com/home/item.html?id=a521988328f448fa920bfe1d489ae9e1
glazou2,DemoElephant5,LEGACY,HIGH,1,1,0,1,116,MIGRATE_FIRST,https://www.arcgis.com/home/item.html?id=dee83374b7554aa8b823ca2831b301d6
glazou2,DemoElephant6,LEGACY,HIGH,1,1,0,1,116,MIGRATE_FIRST,https://www.arcgis.com/home/item.html?id=39f748c83b5d4256be2c9ae336fee75d
glazou2,DemoElephant7,LEGACY,HIGH,1,1,0,1,116,MIGRATE_FIRST,https://www.arcgis.com/home/item.html?id=49b97ec8b669454e813bdd8604c869e3
StoryMaps,Dense Urban Landscapes,LEGACY,HIGH,1,1,0,1,116,MIGRATE_FIRST,https://www.arcgis.com/home/item.html?id=95e1c31df45b4c6b86f9e601bf9181c8
StoryMaps,Denver Today and 1879,LEGACY,HIGH,1,1,0,1,116,MIGRATE_FIRST,https://www.arcgis.com/home/item.html?id=2cddf0759d4e4c348b2a3d5accaa0d6b
will.storymaps,Better Rough Draft Marvel - Shortlist builder,LEGACY,HIGH,1,1,0,1,116,MIGRATE_FIRST,https://www.arcgis.com/home/item.html?id=e880b14a66534462aa2cd3380de3287b
StoryMaps,Brazil Beyond The Stadiums,LEGACY,HIGH,1,1,0,1,116,MIGRATE_FIRST,https://www.arcgis.com/home/item.html?id=168c951a731240d3a0ae3540a93c42d0
StoryMaps,Brazil World Cup Shortlist,LEGACY,HIGH,1,1,0,1,116,MIGRATE_FIRST,https://www.arcgis.com/home/item.html?id=bc57628b16ee41dca3264d885df2c95f
StoryMaps,Airport Demonstrations Against Trump's Immigration Policies,LEGACY,HIGH,1,1,0,1,116,MIGRATE_FIRST,https://www.arcgis.com/home/item.html?id=279399b45e5c42a5aaa4acaf04701243
dasbury_storymaps,Earthquake!,LEGACY,HIGH,1,1,0,1,116,MIGRATE_FIRST,https://www.arcgis.com/home/item.html?id=3006a4060a23474cb866a24cc5873dec
StoryMaps,"Homs, Syria Aerial Imagery",LEGACY,HIGH,1,1,0,1,116,MIGRATE_FIRST,https://www.arcgis.com/home/item.html?id=122399077dd84dab848cee60167a596e
acarroll73,Human activities are reshaping Earth's surface,LEGACY,HIGH,1,1,0,1,116,MIGRATE_FIRST,https://www.arcgis.com/home/item.html?id=75d536a69270440a952ae2e5c0143242
FedGISContent,Imagery with Labels,LEGACY,HIGH,1,1,0,1,116,MIGRATE_FIRST,https://www.arcgis.com/home/item.html?id=5cc75485d3864049bdd79c43bb4c7385
mystories,Campsites,LEGACY,HIGH,1,1,0,1,116,MIGRATE_FIRST,https://www.arcgis.com/home/item.html?id=e710da4433fd4778bc964d9209382d9a
StoryMaps,Chicago Today and 1868,LEGACY,HIGH,1,1,0,1,116,MIGRATE_FIRST,https://www.arcgis.com/home/item.html?id=aa48aa8e43f144eb849a34368b004fb2
StoryMaps_services,Comparing Metro and Micro Area Population Change 2002-2003,LEGACY,HIGH,1,1,0,1,116,MIGRATE_FIRST,https://www.arcgis.com/home/item.html?id=21c26cd7e6a5499dae2f543f10990537
StoryMaps,Consumption,LEGACY,HIGH,1,1,0,1,116,MIGRATE_FIRST,https://www.arcgis.com/home/item.html?id=6e6043385e824a89af2b6fba8450b656
StoryMaps,Population change by county between 2012 & 2013,LEGACY,HIGH,1,1,0,1,116,MIGRATE_FIRST,https://www.arcgis.com/home/item.html?id=cc9ef7d8693f46f5aed6a188e57c2fd9
StoryMaps,Mapping Traffic Fatalities by Congressional District,LEGACY,HIGH,1,1,0,1,116,MIGRATE_FIRST,https://www.arcgis.com/home/item.html?id=02a70d47451e4eb38c4ecb7a54d7b5fb
StoryMaps_services,Landsat Tasseled Cap (Impervious surfaces) - 1990 vs 2010,LEGACY,HIGH,1,1,0,1,116,MIGRATE_FIRST,https://www.arcgis.com/home/item.html?id=5bc9155386404cc7ab6c8ab206ba8947
StoryMaps_services,Landsat Tasseled Cap (Impervious surfaces) - 2010 vs Imagery,LEGACY,HIGH,1,1,0,1,116,MIGRATE_FIRST,https://www.arcgis.com/home/item.html?id=e12ba99cae3a4a7eab3117c10d65db67
StoryMaps,Los Angeles Today and 1880,LEGACY,HIGH,1,1,0,1,116,MIGRATE_FIRST,https://www.arcgis.com/home/item.html?id=1aaa0a06f71942a48fb56485daf2f371
StoryMaps,Moore Story,LEGACY,HIGH,1,1,0,1,116,MIGRATE_FIRST,https://www.arcgis.com/home/item.html?id=276d69071fd846a18ed72711f81360a7
skitterman,Sjajajaja,LEGACY,HIGH,1,1,0,1,116,MIGRATE_FIRST,https://www.arcgis.com/home/item.html?id=b5eae40443dd4d89a1222acb939c044f
StoryMaps,Sochi Winter Games: Events and Venues,LEGACY,HIGH,1,1,0,1,116,MIGRATE_FIRST,https://www.arcgis.com/home/item.html?id=90098087f38048ed95362059382fc436
StoryMaps,Olympic Social Media,LEGACY,HIGH,1,1,0,1,116,MIGRATE_FIRST,https://www.arcgis.com/home/item.html?id=22f3fd56e6554ffeabef914299a000eb
bock@esri.com_Story,oneesri-v4 - Shortlist builder,LEGACY,HIGH,1,1,0,1,116,MIGRATE_FIRST,https://www.arcgis.com/home/item.html?id=677a61ef5e534aaabe1579178ec56447
bock@esri.com_Story,oneesri-v5 - Shortlist builder,LEGACY,HIGH,1,1,0,1,116,MIGRATE_FIRST,https://www.arcgis.com/home/item.html?id=ded0086a332f42849d40ac2c86748cc7
bock@esri.com_Story,oneesri-v6 - Shortlist builder,LEGACY,HIGH,1,1,0,1,116,MIGRATE_FIRST,https://www.arcgis.com/home/item.html?id=1a4e2c7426c54375a650ef08efb87080
StoryMaps_services,Park Tiles,LEGACY,HIGH,1,1,0,1,116,MIGRATE_FIRST,https://www.arcgis.com/home/item.html?id=dec996e03d1740f0932c51b10b5c8a84
StoryMaps,Santa map,LEGACY,HIGH,1,1,0,1,116,MIGRATE_FIRST,https://www.arcgis.com/home/item.html?id=e3b0ca312a18403781f503e36821f986
StoryMaps,Thanksgiving,LEGACY,HIGH,1,1,0,1,116,MIGRATE_FIRST,https://www.arcgis.com/home/item.html?id=61504110b4c643a488bbcfffa46f250a
skitterman,"The Most Beutiful Places on Earth, Pt. 1",LEGACY,HIGH,1,1,0,1,116,MIGRATE_FIRST,https://www.arcgis.com/home/item.html?id=a0fbfe582234431eb32b74b60f722dc7
will.storymaps,Music of Downtown New York,LEGACY,HIGH,1,1,0,1,116,MIGRATE_FIRST,https://www.arcgis.com/home/item.html?id=b61da21c0e0946a7aa5e0a747eb46281
StoryMaps,New York City Today and 1836,LEGACY,HIGH,1,1,0,1,116,MIGRATE_FIRST,https://www.arcgis.com/home/item.html?id=5b4387d60bd647bb87177fcea8178763
FedGISContent,New York Population Density,LEGACY,HIGH,1,1,0,1,116,MIGRATE_FIRST,https://www.arcgis.com/home/item.html?id=527205d9c3404ccda31357c7b7cba581
StoryMaps,Touring the World's Densest Cities,LEGACY,HIGH,1,1,0,1,116,MIGRATE_FIRST,https://www.arcgis.com/home/item.html?id=03599fa6c418430d9149e1b68c10191e
StoryMaps,Yellowstone Trails,LEGACY,HIGH,1,1,0,1,116,MIGRATE_FIRST,https://www.arcgis.com/home/item.html?id=48bbdbcbdce640249154cafb45194469
StoryMaps,A Story Map Tour of Starbucks Reserve® Coffees,LEGACY,MEDIUM,2,0,0,0,74,MIGRATE_PLANNED,https://www.arcgis.com/home/item.html?id=acd1485b90ef46cd89c02010a89c6fad
skitterman,asdfas werawer awer,LEGACY,MEDIUM,2,0,0,0,74,MIGRATE_PLANNED,https://www.arcgis.com/home/item.html?id=7c8409303a3c49b59e761038d2efd5be
StoryMaps,Aral Sea Then and Now - 1990 Landsat/Current Imagery,LEGACY,MEDIUM,2,0,0,0,74,MIGRATE_PLANNED,https://www.arcgis.com/home/item.html?id=ed73d24172ba45be9403535aad269ea1
StoryMaps,Asbury_dynamic test,LEGACY,MEDIUM,2,0,0,0,74,MIGRATE_PLANNED,https://www.arcgis.com/home/item.html?id=f5e239d2f2da4466b3167d3ec34de13e
StoryMaps,Explore the Growing World of Story Maps - Old,LEGACY,MEDIUM,2,0,0,0,74,MIGRATE_PLANNED,https://www.arcgis.com/home/item.html?id=0becd387b4fe4151ac0fbb9d6073920d
StoryMaps,MIT map,LEGACY,MEDIUM,2,0,0,0,74,MIGRATE_PLANNED,https://www.arcgis.com/home/item.html?id=845834dfcd924766bb9380e865c74a27
StoryMaps,Syria Geography and Social Media,LEGACY,MEDIUM,2,0,0,0,74,MIGRATE_PLANNED,https://www.arcgis.com/home/item.html?id=644047cad4e24ff19ca459979c309718
dasbury_storymaps,"TEST Churches in Greenville, SC-Copy",LEGACY,MEDIUM,2,0,0,0,74,MIGRATE_PLANNED,https://www.arcgis.com/home/item.html?id=16e1c70d51e7485aa0bd9730c229d5d3
StoryMaps,2010 Terrorist Attacks in Russia,LEGACY,MEDIUM,1,0,0,0,72,MIGRATE_PLANNED,https://www.arcgis.com/home/item.html?id=2a8df421aefc485193e23e656a43c65d
StoryMaps,A walk around the Massachusetts Institute of Technology,LEGACY,MEDIUM,1,0,0,0,72,MIGRATE_PLANNED,https://www.arcgis.com/home/item.html?id=7a193a2c071040d28b5529b24bfa2432
StoryMaps,"Crimea: Russian majority, but diverse ethnicity",LEGACY,MEDIUM,1,0,0,0,72,MIGRATE_PLANNED,https://www.arcgis.com/home/item.html?id=6db5971ccd124ea4ae2366db660c2c21
StoryMaps,DC bike loop March 2014,LEGACY,MEDIUM,1,0,0,0,72,MIGRATE_PLANNED,https://www.arcgis.com/home/item.html?id=b8bfdfa6b3f8464caf43399f3d764117
dasbury_storymaps,Dead Sea pics,LEGACY,MEDIUM,1,0,0,0,72,MIGRATE_PLANNED,https://www.arcgis.com/home/item.html?id=d7d937e523074fa1882c2e9a8b956803
acarroll73,DIVERSITY 2010,LEGACY,MEDIUM,1,0,0,0,72,MIGRATE_PLANNED,https://www.arcgis.com/home/item.html?id=7f8676e2d063464ca42a78c2516f0fbd
StoryMaps,Aral Sea Then and Now (2010),LEGACY,MEDIUM,1,0,0,0,72,MIGRATE_PLANNED,https://www.arcgis.com/home/item.html?id=715207a4e8d24f288f0d6a8221fbf848
StoryMaps,Aral Sea Then and Now - Two layers,LEGACY,MEDIUM,1,0,0,0,72,MIGRATE_PLANNED,https://www.arcgis.com/home/item.html?id=00f4a803aaa449fca461a942bd52aa31
acarroll73,Aral Sea Today,LEGACY,MEDIUM,1,0,0,0,72,MIGRATE_PLANNED,https://www.arcgis.com/home/item.html?id=9c462d8468234d3380510fea48779de8
skitterman,earthquake POINTS - Shortlist builder,LEGACY,MEDIUM,1,0,0,0,72,MIGRATE_PLANNED,https://www.arcgis.com/home/item.html?id=e8402ea097824c779fec250155bd8659
StoryMaps,Hiking the Appalachian Trail with Twiggs,LEGACY,MEDIUM,1,0,0,0,72,MIGRATE_PLANNED,https://www.arcgis.com/home/item.html?id=051d2c8302a747ce8335a0a1f106fc86
dasbury_storymaps,Hurricance Matthew,LEGACY,MEDIUM,1,0,0,0,72,MIGRATE_PLANNED,https://www.arcgis.com/home/item.html?id=71e37f4751c043219c28465be98dcf1f
StoryMaps,Is income an issue?,LEGACY,MEDIUM,1,0,0,0,72,MIGRATE_PLANNED,https://www.arcgis.com/home/item.html?id=4c42bb71446a471ca52065f04db20fbb
StoryMaps,Is there an ethnic skew?,LEGACY,MEDIUM,1,0,0,0,72,MIGRATE_PLANNED,https://www.arcgis.com/home/item.html?id=57191f9582a1496a8e6b568d2076fa22
dasbury_storymaps,Israel,LEGACY,MEDIUM,1,0,0,0,72,MIGRATE_PLANNED,https://www.arcgis.com/home/item.html?id=1412d387838441d7b2390d03acb037b8
storymapslegacy,Kayak Ecuador,LEGACY,MEDIUM,1,0,0,0,72,MIGRATE_PLANNED,https://www.arcgis.com/home/item.html?id=029504de519741acad67460edd337d00
acarroll73,Census Test Map Tour,LEGACY,MEDIUM,1,0,0,0,72,MIGRATE_PLANNED,https://www.arcgis.com/home/item.html?id=c42ec07d961b4700be9697b8be21cb0f
dasbury_storymaps,Census_DirectorsMapTour,LEGACY,MEDIUM,1,0,0,0,72,MIGRATE_PLANNED,https://www.arcgis.com/home/item.html?id=75087b1c6d6e4de6bab3d92042cc44f9
StoryMaps,CEPF Demo,LEGACY,MEDIUM,1,0,0,0,72,MIGRATE_PLANNED,https://www.arcgis.com/home/item.html?id=8b17d18da05f44d4bed0752628c6eba3
StoryMaps,Charlotte map,LEGACY,MEDIUM,1,0,0,0,72,MIGRATE_PLANNED,https://www.arcgis.com/home/item.html?id=b81bc7f13cbf49e2ba588befd9f70485
StoryMaps,Cherry Blossom Loop,LEGACY,MEDIUM,1,0,0,0,72,MIGRATE_PLANNED,https://www.arcgis.com/home/item.html?id=067aa635bf204b7a92606ef82ddd7731
StoryMaps,Facebook Images tour test,LEGACY,MEDIUM,1,0,0,0,72,MIGRATE_PLANNED,https://www.arcgis.com/home/item.html?id=4774fbb9dbbe444d94b4dbe56cc17516
StoryMaps,Federal Lands of the United States,LEGACY,MEDIUM,1,0,0,0,72,MIGRATE_PLANNED,https://www.arcgis.com/home/item.html?id=b767aef03755445d8e3ef80d9d718821
mystories,flickr photos,LEGACY,MEDIUM,1,0,0,0,72,MIGRATE_PLANNED,https://www.arcgis.com/home/item.html?id=02317f5df078464188bfe97e9a548802
dasbury_storymaps,Forest elephant habitat comparison over time - NACIS 2013,LEGACY,MEDIUM,1,0,0,0,72,MIGRATE_PLANNED,https://www.arcgis.com/home/item.html?id=3e163d8e2c314b009707bcb43c7e997c
StoryMaps,greg10151,LEGACY,MEDIUM,1,0,0,0,72,MIGRATE_PLANNED,https://www.arcgis.com/home/item.html?id=ac170346643f48caa740f1d5c8a439b4
StoryMaps,greg10211,LEGACY,MEDIUM,1,0,0,0,72,MIGRATE_PLANNED,https://www.arcgis.com/home/item.html?id=9c240691b9e1475eaea7ce5024becda1
StoryMaps,greg7156,LEGACY,MEDIUM,1,0,0,0,72,MIGRATE_PLANNED,https://www.arcgis.com/home/item.html?id=5f3646d09714453eb4fcd6ea23f30fff
dasbury_storymaps,Photographing the President in 50 States,LEGACY,MEDIUM,1,0,0,0,72,MIGRATE_PLANNED,https://www.arcgis.com/home/item.html?id=568d9990c86442c78ea3c642f2a640e1
StoryMaps,Photosynth Test,LEGACY,MEDIUM,1,0,0,0,72,MIGRATE_PLANNED,https://www.arcgis.com/home/item.html?id=9dad491725b848698e21515a420dcbc5
StoryMaps,Place Matters in NYC,LEGACY,MEDIUM,1,0,0,0,72,MIGRATE_PLANNED,https://www.arcgis.com/home/item.html?id=00726632e6a34786ab95c2db9e016177
StoryMaps,Place Matters in NYC - Demo,LEGACY,MEDIUM,1,0,0,0,72,MIGRATE_PLANNED,https://www.arcgis.com/home/item.html?id=60d1b5d646114107980c73224e064740
StoryMapsTeam15,Map Tour Demo Large,LEGACY,MEDIUM,1,0,0,0,72,MIGRATE_PLANNED,https://www.arcgis.com/home/item.html?id=084bc3c900644e7eae045a77c5d3ac6a
dasbury_storymaps,Kepler,LEGACY,MEDIUM,1,0,0,0,72,MIGRATE_PLANNED,https://www.arcgis.com/home/item.html?id=3f8c8f5bba1f4855939ad11857e92a7f
StoryMapsTeam15,Map Tour Demo Large,LEGACY,MEDIUM,1,0,0,0,72,MIGRATE_PLANNED,https://www.arcgis.com/home/item.html?id=28afb6cb28084fba843410387bfbb7b7
StoryMapsTeam15,Map Tour Demo Thumbnail,LEGACY,MEDIUM,1,0,0,0,72,MIGRATE_PLANNED,https://www.arcgis.com/home/item.html?id=9bf01a8a703e4bd58788224d385d5d8b
StoryMaps,Lee's Test Map Tour,LEGACY,MEDIUM,1,0,0,0,72,MIGRATE_PLANNED,https://www.arcgis.com/home/item.html?id=a3e20aec32bc40659a156a3eea18f481
StoryMaps,Lee's Test Map Tour 2,LEGACY,MEDIUM,1,0,0,0,72,MIGRATE_PLANNED,https://www.arcgis.com/home/item.html?id=0b67068e340343e4ae1364b3e5121948
dasbury_storymaps,Legend bug test,LEGACY,MEDIUM,1,0,0,0,72,MIGRATE_PLANNED,https://www.arcgis.com/home/item.html?id=3e0caa0e6ab14de995680dd059457cad
StoryMaps,London Population Density-Copy,LEGACY,MEDIUM,1,0,0,0,72,MIGRATE_PLANNED,https://www.arcgis.com/home/item.html?id=5cbff73f7cb841e191511a3835a71062
owen.storymaps,Map Journal A: Map,LEGACY,MEDIUM,1,0,0,0,72,MIGRATE_PLANNED,https://www.arcgis.com/home/item.html?id=ce86e3a1b8834cb98387965bf1dcb7d8
will.storymaps,Marvel Origins Story Map,LEGACY,MEDIUM,1,0,0,0,72,MIGRATE_PLANNED,https://www.arcgis.com/home/item.html?id=7e10432c0e3c4d6eaa67cb68d3704e37
will.storymaps,Marvel Short,LEGACY,MEDIUM,1,0,0,0,72,MIGRATE_PLANNED,https://www.arcgis.com/home/item.html?id=82ddf9c14d3641fdb9fd4cbeb0005092
StoryMaps,Median Household Income,LEGACY,MEDIUM,1,0,0,0,72,MIGRATE_PLANNED,https://www.arcgis.com/home/item.html?id=df4b9f5b3619435fbea5abb763c42a47
StoryMaps,MIT and Vicinity,LEGACY,MEDIUM,1,0,0,0,72,MIGRATE_PLANNED,https://www.arcgis.com/home/item.html?id=1aab33ee3006457abfebf0035528d5a9
StoryMaps,MIT September 2013,LEGACY,MEDIUM,1,0,0,0,72,MIGRATE_PLANNED,https://www.arcgis.com/home/item.html?id=bdfa31f588be42b6a5a74dcdfe4f0cfd
StoryMaps,"Seven Bridges in Parke County, Indiana",LEGACY,MEDIUM,1,0,0,0,72,MIGRATE_PLANNED,https://www.arcgis.com/home/item.html?id=258dce0b9bd046b39d460bfc9f14e95a
StoryMaps,Smithsonian Journeys: The Trans-Siberian Express,LEGACY,MEDIUM,1,0,0,0,72,MIGRATE_PLANNED,https://www.arcgis.com/home/item.html?id=8c559188031443adb9c61bb511da5b2c
FedGISContent,Sochi Sanki Sliding Center,LEGACY,MEDIUM,1,0,0,0,72,MIGRATE_PLANNED,https://www.arcgis.com/home/item.html?id=ef4d31947f8748dfba10d6181a5103b7
ssylvia_storymaps,St. Croix Demo Map,LEGACY,MEDIUM,1,0,0,0,72,MIGRATE_PLANNED,https://www.arcgis.com/home/item.html?id=f7a3060696904d9c8b27231ece0668f6
skitterman,New York trip backwards,LEGACY,MEDIUM,1,0,0,0,72,MIGRATE_PLANNED,https://www.arcgis.com/home/item.html?id=9c41333fbac445d89426f0048da862e6
skitterman,No image shortlist,LEGACY,MEDIUM,1,0,0,0,72,MIGRATE_PLANNED,https://www.arcgis.com/home/item.html?id=f6eaf12f3d714dd8946ea8942d4a9c98
StoryMaps,NYC Fall 2013,LEGACY,MEDIUM,1,0,0,0,72,MIGRATE_PLANNED,https://www.arcgis.com/home/item.html?id=413db7510495442d83db176d9ea29b2a
StoryMaps,NYC Fall 2013,LEGACY,MEDIUM,1,0,0,0,72,MIGRATE_PLANNED,https://www.arcgis.com/home/item.html?id=23b338fc9b08452b9435b4ce743db8fa
dasbury_storymaps,NYC Swipe - Rumsey,LEGACY,MEDIUM,1,0,0,0,72,MIGRATE_PLANNED,https://www.arcgis.com/home/item.html?id=b71a7954ba5e45b49791b96372c7428e
StoryMaps,On the Road in North Dakota,LEGACY,MEDIUM,1,0,0,0,72,MIGRATE_PLANNED,https://www.arcgis.com/home/item.html?id=9b781aec884c4e259ef5c15c92b50850
storymapslegacy,On the Road in North Dakota,LEGACY,MEDIUM,1,0,0,0,72,MIGRATE_PLANNED,https://www.arcgis.com/home/item.html?id=e33cd4cbd2de4d7da7ae39f6d6fdb872
StoryMaps_services,Rhino population,LEGACY,MEDIUM,1,0,0,0,72,MIGRATE_PLANNED,https://www.arcgis.com/home/item.html?id=34aeb3a82e144839b24d721f25559bff
StoryMaps,Roosevelt Island Bird Walk,LEGACY,MEDIUM,1,0,0,0,72,MIGRATE_PLANNED,https://www.arcgis.com/home/item.html?id=ab7aa271fd6c4727993d71478c8ccdcb
StoryMaps,"Santa Cruz, Bolivia, 1990 and Today",LEGACY,MEDIUM,1,0,0,0,72,MIGRATE_PLANNED,https://www.arcgis.com/home/item.html?id=bc74453da00545f3a3b2b4b51b0e35dc
dasbury_storymaps,Test map of Utah fracking sites,LEGACY,MEDIUM,1,0,0,0,72,MIGRATE_PLANNED,https://www.arcgis.com/home/item.html?id=d084ac5b6ac348b5a4e10338ec3cfee4
dasbury_storymaps,The Location of People Serving Life Without Parole Sentences for Nonviolent Offenses-AsburyCopy,LEGACY,MEDIUM,1,0,0,0,72,MIGRATE_PLANNED,https://www.arcgis.com/home/item.html?id=84bf9701b4cd43afa9d6e5e382e24dde
skitterman,The test,LEGACY,MEDIUM,1,0,0,0,72,MIGRATE_PLANNED,https://www.arcgis.com/home/item.html?id=0ddd51561870458c832ba6348acdde21
testing_uc,The UC Craze,LEGACY,MEDIUM,1,0,0,0,72,MIGRATE_PLANNED,https://www.arcgis.com/home/item.html?id=092c48dd0c9440ab97ad4d6b183d9c4f
dasbury_storymaps,NACIS 2013,LEGACY,MEDIUM,1,0,0,0,72,MIGRATE_PLANNED,https://www.arcgis.com/home/item.html?id=7bc1b4966b014f3d87d420ac44fd7123
StoryMaps,New York City Place Matters - Demo,LEGACY,MEDIUM,1,0,0,0,72,MIGRATE_PLANNED,https://www.arcgis.com/home/item.html?id=727f7dfdd6c84a01ba16ac33fd391968
skitterman,New York trip,LEGACY,MEDIUM,1,0,0,0,72,MIGRATE_PLANNED,https://www.arcgis.com/home/item.html?id=5f6e9fd23e7c46f5ad92d1e50b4c02fb
skitterman,New York trip,LEGACY,MEDIUM,1,0,0,0,72,MIGRATE_PLANNED,https://www.arcgis.com/home/item.html?id=8d421aa6102b497f86f4b035af0daaa9
skitterman,New York trip,LEGACY,MEDIUM,1,0,0,0,72,MIGRATE_PLANNED,https://www.arcgis.com/home/item.html?id=719686e280184c5f9da85f1122e8a9ab
skitterman,video tour,LEGACY,MEDIUM,1,0,0,0,72,MIGRATE_PLANNED,https://www.arcgis.com/home/item.html?id=cd21938cc0934903815bbc31853b01fd
StoryMaps,Wesleyan University,LEGACY,MEDIUM,1,0,0,0,72,MIGRATE_PLANNED,https://www.arcgis.com/home/item.html?id=37c7f5cff7a04d908ac2b79a0dd18ba7
StoryMaps,White House Travels in 2013,LEGACY,MEDIUM,1,0,0,0,72,MIGRATE_PLANNED,https://www.arcgis.com/home/item.html?id=7ede27c9d37e4fc0bab65c627ffd663d
StoryMaps,The wealthy live in relative isolation from the less affluent,LEGACY,MEDIUM,1,0,0,0,72,MIGRATE_PLANNED,https://www.arcgis.com/home/item.html?id=c6e90de785bb45c79328411744285f4d
acarroll_storymaps,World's Busiest Airports,LEGACY,MEDIUM,1,0,0,0,72,MIGRATE_PLANNED,https://www.arcgis.com/home/item.html?id=554a3701c11945ca93675daa9b3cb645
dasbury_storymaps,"Traveling through a multi-layered land - a visit to Israel and Palestine
",LEGACY,MEDIUM,1,0,0,0,72,MIGRATE_PLANNED,https://www.arcgis.com/home/item.html?id=37a9713379c44157aa8a4f7a6ac29072
StoryMaps,Turkeys per farm,LEGACY,MEDIUM,1,0,0,0,72,MIGRATE_PLANNED,https://www.arcgis.com/home/item.html?id=05ee19e61ceb4188b298a5890d2a3a31
skitterman,yar har har,LEGACY,MEDIUM,1,0,0,0,72,MIGRATE_PLANNED,https://www.arcgis.com/home/item.html?id=fa88fce5d5cf44019684728df8c189a1
skitterman,yar har har - Shortlist builder,LEGACY,MEDIUM,1,0,0,0,72,MIGRATE_PLANNED,https://www.arcgis.com/home/item.html?id=d23736a2e12541e489d44e7e2f2c2f0e
StoryMaps,Zoo Points,LEGACY,MEDIUM,1,0,0,0,72,MIGRATE_PLANNED,https://www.arcgis.com/home/item.html?id=705c481ee1b542199d341ba31eb72f68
skitterman, asd erwaer awer ,LEGACY,LOW,0,0,0,0,58,REVIEW_OR_ARCHIVE,https://www.arcgis.com/home/item.html?id=a7dee514ad5449009ebe0ad1cbe534e5
skitterman, asdf a  erawer aweawer awer ,LEGACY,LOW,0,0,0,0,58,REVIEW_OR_ARCHIVE,https://www.arcgis.com/home/item.html?id=079a6d3b70fa4de09f6094b24922ea37
sabinebarrera,1,LEGACY,LOW,0,0,0,0,58,REVIEW_OR_ARCHIVE,https://www.arcgis.com/home/item.html?id=9de4a47c173142d287fc9aeba8424a72
glazou2,1,LEGACY,LOW,0,0,0,0,58,REVIEW_OR_ARCHIVE,https://www.arcgis.com/home/item.html?id=a0b763ec926f40c380263ff82a1cdf38
glazou2,1,LEGACY,LOW,0,0,0,0,58,REVIEW_OR_ARCHIVE,https://www.arcgis.com/home/item.html?id=1ddbc65d897642a29cd965ed212b03d5
glazou2,111,LEGACY,LOW,0,0,0,0,58,REVIEW_OR_ARCHIVE,https://www.arcgis.com/home/item.html?id=485ea6f0b0144156b7dab5dd8634fdef
StoryMaps,1900 Galveston Hurricane,LEGACY,LOW,0,0,0,0,58,REVIEW_OR_ARCHIVE,https://www.arcgis.com/home/item.html?id=78269e9e46734ce28cb113cce7c2e380
StoryMaps,1915 Galveston Hurricane,LEGACY,LOW,0,0,0,0,58,REVIEW_OR_ARCHIVE,https://www.arcgis.com/home/item.html?id=de02256f84b843b295def8c74ca09526
StoryMaps,1990 Landsat enhanced vs. today,LEGACY,LOW,0,0,0,0,58,REVIEW_OR_ARCHIVE,https://www.arcgis.com/home/item.html?id=73abc2c65f5e42559e1de68068068b63
sabinebarrera,1Shape,LEGACY,LOW,0,0,0,0,58,REVIEW_OR_ARCHIVE,https://www.arcgis.com/home/item.html?id=c33d8f4d79b84217b0c682a00ddc5ff2
sabinebarrera,2,LEGACY,LOW,0,0,0,0,58,REVIEW_OR_ARCHIVE,https://www.arcgis.com/home/item.html?id=ac2bd07c5fb141a39de9c2cbd6bc0e42
acarroll73,2011 Esri User Conference,LEGACY,LOW,0,0,0,0,58,REVIEW_OR_ARCHIVE,https://www.arcgis.com/home/item.html?id=54af8d63856740119518efa50fde9c0b
StoryMaps,2011 Terrorist Attacks in Russia,LEGACY,LOW,0,0,0,0,58,REVIEW_OR_ARCHIVE,https://www.arcgis.com/home/item.html?id=c12b533a317b4b7a8987a1692f1f66d3
StoryMaps,2012 Olympic Torch Relay,LEGACY,LOW,0,0,0,0,58,REVIEW_OR_ARCHIVE,https://www.arcgis.com/home/item.html?id=3df299d68c96459097de38fbd5c97575
StoryMaps,2012 Presidential Election Margin of Victory by County,LEGACY,LOW,0,0,0,0,58,REVIEW_OR_ARCHIVE,https://www.arcgis.com/home/item.html?id=28de9d1202aa4e63ad1e91b0b44416de
StoryMaps,2012 Terrorist Attacks in Russia,LEGACY,LOW,0,0,0,0,58,REVIEW_OR_ARCHIVE,https://www.arcgis.com/home/item.html?id=94009895f62146e6a817247e850be4e2
skitterman,22 Pictures,LEGACY,LOW,0,0,0,0,58,REVIEW_OR_ARCHIVE,https://www.arcgis.com/home/item.html?id=f90740dc4471423ea1c93ade78f61e17
sabinebarrera,2Shapes,LEGACY,LOW,0,0,0,0,58,REVIEW_OR_ARCHIVE,https://www.arcgis.com/home/item.html?id=c46d48a60f724bd3ae101a5fc71a76da
sabinebarrera,3,LEGACY,LOW,0,0,0,0,58,REVIEW_OR_ARCHIVE,https://www.arcgis.com/home/item.html?id=d413e10b878e42fa8d13c530ab014515
sabinebarrera,4,LEGACY,LOW,0,0,0,0,58,REVIEW_OR_ARCHIVE,https://www.arcgis.com/home/item.html?id=251af944533147d4a823cfcadee78c68
skitterman,43 Pictures,LEGACY,LOW,0,0,0,0,58,REVIEW_OR_ARCHIVE,https://www.arcgis.com/home/item.html?id=06f667e98b454fa7b3da83b8ad1e49d4
sabinebarrera,4Shapes,LEGACY,LOW,0,0,0,0,58,REVIEW_OR_ARCHIVE,https://www.arcgis.com/home/item.html?id=02ac9d6b73504584b3e37945a02e440f
sabinebarrera,5,LEGACY,LOW,0,0,0,0,58,REVIEW_OR_ARCHIVE,https://www.arcgis.com/home/item.html?id=4922c9dd9e894690bb814d8d932eaff2
sabinebarrera,6,LEGACY,LOW,0,0,0,0,58,REVIEW_OR_ARCHIVE,https://www.arcgis.com/home/item.html?id=5b1ad18f834f4dbba5ae73fafe43fdd3
acarroll73,9/25/11 bike ride,LEGACY,LOW,0,0,0,0,58,REVIEW_OR_ARCHIVE,https://www.arcgis.com/home/item.html?id=093333b3bbf7445db58a8affdddb2f22
acarroll_storymaps,A gallery of endangered plants and animals,LEGACY,LOW,0,0,0,0,58,REVIEW_OR_ARCHIVE,https://www.arcgis.com/home/item.html?id=88d535e2cc364a96bd8d46c10df5a705
acarroll73,A really long walk in Rome,LEGACY,LOW,0,0,0,0,58,REVIEW_OR_ARCHIVE,https://www.arcgis.com/home/item.html?id=7f75d41af4654b13860990ed6fcf6970
acarroll73,A Selection of LEEDS Platinum Buildings,LEGACY,LOW,0,0,0,0,58,REVIEW_OR_ARCHIVE,https://www.arcgis.com/home/item.html?id=13da3993292444f39ad782f484d5a0e9
StoryMaps,A Walk on the High Line,LEGACY,LOW,0,0,0,0,58,REVIEW_OR_ARCHIVE,https://www.arcgis.com/home/item.html?id=5676da8eaae74726ba75686a2224e13a
StoryMaps,A walk on the High Line,LEGACY,LOW,0,0,0,0,58,REVIEW_OR_ARCHIVE,https://www.arcgis.com/home/item.html?id=7fca9543e4d14ae7a9d5aba6f113bb3b
StoryMaps,A Walk on the High Line (web map),LEGACY,LOW,0,0,0,0,58,REVIEW_OR_ARCHIVE,https://www.arcgis.com/home/item.html?id=2be67406dd254d6b8cb5e99004623ba1
StoryMaps,A walking tour of the National Mall,LEGACY,LOW,0,0,0,0,58,REVIEW_OR_ARCHIVE,https://www.arcgis.com/home/item.html?id=88a5976d0c054e56972224c0a25050b3
StoryMaps,A walking tour of the National Mall,LEGACY,LOW,0,0,0,0,58,REVIEW_OR_ARCHIVE,https://www.arcgis.com/home/item.html?id=a5019e8c55d547eab69c0777dcd7509a
cooper.storymaps,Abandoned Islands,LEGACY,LOW,0,0,0,0,58,REVIEW_OR_ARCHIVE,https://www.arcgis.com/home/item.html?id=557cae74a9694ae88ba73b8be1b96a3d
StoryMaps,ABC Congressional Bird Walk,LEGACY,LOW,0,0,0,0,58,REVIEW_OR_ARCHIVE,https://www.arcgis.com/home/item.html?id=99fb72e3e1054a56b5d31cbd10634c10
dasbury_storymaps,Access to basic health care is inadequate in many parts of the U.S.,LEGACY,LOW,0,0,0,0,58,REVIEW_OR_ARCHIVE,https://www.arcgis.com/home/item.html?id=26bfd6759c554b95bfbc223cf3338895
StoryMaps,Access to basic health care is inadequate in many parts of the U.S.,LEGACY,LOW,0,0,0,0,58,REVIEW_OR_ARCHIVE,https://www.arcgis.com/home/item.html?id=26c9e4285bb14506b1c46dac3454672c
sabinebarrera,Access to basic health care is inadequate in many parts of the U.S.,LEGACY,LOW,0,0,0,0,58,REVIEW_OR_ARCHIVE,https://www.arcgis.com/home/item.html?id=4a99b43bfaf345ab974bc5c6a89c9e7e
acarroll73,Accessibility map of the Amazon basin,LEGACY,LOW,0,0,0,0,58,REVIEW_OR_ARCHIVE,https://www.arcgis.com/home/item.html?id=08febe9cd1844c01b843aaa60bd7c0b8
acarroll73,Aconcagua Climb,LEGACY,LOW,0,0,0,0,58,REVIEW_OR_ARCHIVE,https://www.arcgis.com/home/item.html?id=74930aaf5c0f4b9c8fee93854dbfd0c3
acarroll_storymaps,Actual Calories-Copy,LEGACY,LOW,0,0,0,0,58,REVIEW_OR_ARCHIVE,https://www.arcgis.com/home/item.html?id=1bdcdd01a13b4c56a550b6cf44e75524
sabinebarrera,Africa Population,LEGACY,LOW,0,0,0,0,58,REVIEW_OR_ARCHIVE,https://www.arcgis.com/home/item.html?id=2de1366d2483435ba21f390ffd0ef717
acarroll73,Correlation,LEGACY,LOW,0,0,0,0,58,REVIEW_OR_ARCHIVE,https://www.arcgis.com/home/item.html?id=b5f2a6a2e61044cba05c21fffb551998
acarroll73,Country Centroids,LEGACY,LOW,0,0,0,0,58,REVIEW_OR_ARCHIVE,https://www.arcgis.com/home/item.html?id=295c75ddf15a4f26af685968abbe5a1f
acarroll73,Creating geo-narratives with GPS and ArcGIS Online: San Diego to Coronado,LEGACY,LOW,0,0,0,0,58,REVIEW_OR_ARCHIVE,https://www.arcgis.com/home/item.html?id=6061d41ded0f4808a72906e1097d59a6
sabinebarrera,Crime in City,LEGACY,LOW,0,0,0,0,58,REVIEW_OR_ARCHIVE,https://www.arcgis.com/home/item.html?id=77e7cbfc84af43f9b7085873bfb58644
StoryMaps,Crimea: geography and hot spots,LEGACY,LOW,0,0,0,0,58,REVIEW_OR_ARCHIVE,https://www.arcgis.com/home/item.html?id=778a8e01c6ed489b95567fc3f8444e9f
StoryMaps,Crimean Tatars in Crimea-Copy,LEGACY,LOW,0,0,0,0,58,REVIEW_OR_ARCHIVE,https://www.arcgis.com/home/item.html?id=72c13adbea92488286d77e20e1e786d8
StoryMaps,Crowdsource test map,LEGACY,LOW,0,0,0,0,58,REVIEW_OR_ARCHIVE,https://www.arcgis.com/home/item.html?id=e1812f22ceb44136b724bf1d555f3a13
StoryMaps,Cuba-Florida Hurricane - 1944,LEGACY,LOW,0,0,0,0,58,REVIEW_OR_ARCHIVE,https://www.arcgis.com/home/item.html?id=5c4024d65652495d965943077ff54f22
acarroll_storymaps,Current Crop Yields,LEGACY,LOW,0,0,0,0,58,REVIEW_OR_ARCHIVE,https://www.arcgis.com/home/item.html?id=5bdab5087a324e57a84f2b0b7dd9e3b2
StoryMaps,Current hurricanes,LEGACY,LOW,0,0,0,0,58,REVIEW_OR_ARCHIVE,https://www.arcgis.com/home/item.html?id=06d04d87e7df4783b62817d06104eeac
acarroll73,Current U.S. Weather,LEGACY,LOW,0,0,0,0,58,REVIEW_OR_ARCHIVE,https://www.arcgis.com/home/item.html?id=4aa4658906344779bae14dd2f0f93786
acarroll73,Current Winds,LEGACY,LOW,0,0,0,0,58,REVIEW_OR_ARCHIVE,https://www.arcgis.com/home/item.html?id=9caee2b60e184e40ae9b13e74043f73f
skitterman,Da placez,LEGACY,LOW,0,0,0,0,58,REVIEW_OR_ARCHIVE,https://www.arcgis.com/home/item.html?id=6310a73368414c9d9ad11318042a3750
acarroll73,Dadaab Refugee Camp,LEGACY,LOW,0,0,0,0,58,REVIEW_OR_ARCHIVE,https://www.arcgis.com/home/item.html?id=29bde7b76f33499088179dde3da9fda5
dasbury_storymaps,Daily Planet Imagery-Copy,LEGACY,LOW,0,0,0,0,58,REVIEW_OR_ARCHIVE,https://www.arcgis.com/home/item.html?id=c6812d0524c044269b4b5bb74f2542ba
acarroll73,Daytona Beach walk,LEGACY,LOW,0,0,0,0,58,REVIEW_OR_ARCHIVE,https://www.arcgis.com/home/item.html?id=7fe7e2ec6a304af381b0f1866fa78156
StoryMaps,Daytona Beach Walk,LEGACY,LOW,0,0,0,0,58,REVIEW_OR_ARCHIVE,https://www.arcgis.com/home/item.html?id=e72e0c21fa7b40ac9cb220440eda9738
StoryMaps,DC Penn Quarter Shortlist,LEGACY,LOW,0,0,0,0,58,REVIEW_OR_ARCHIVE,https://www.arcgis.com/home/item.html?id=103b864d846f4a84828ae26d616173da
StoryMaps,DC Penn Quarter Shortlist,LEGACY,LOW,0,0,0,0,58,REVIEW_OR_ARCHIVE,https://www.arcgis.com/home/item.html?id=75f8ef08604e417ebd655507dec8da56
StoryMaps,Decline of the forest elephant,LEGACY,LOW,0,0,0,0,58,REVIEW_OR_ARCHIVE,https://www.arcgis.com/home/item.html?id=6c27d943b77f42c4bd419c312ab6bc0d
glazou2,DemoElephant8,LEGACY,LOW,0,0,0,0,58,REVIEW_OR_ARCHIVE,https://www.arcgis.com/home/item.html?id=d7c6882668af4398b590cffe25f8d83c
FedGISContent,Demographic Coverage,LEGACY,LOW,0,0,0,0,58,REVIEW_OR_ARCHIVE,https://www.arcgis.com/home/item.html?id=d14e80ccfe6340b8bac8f2f2ea295c57
StoryMaps,Dense Urban Landscapes-Copy,LEGACY,LOW,0,0,0,0,58,REVIEW_OR_ARCHIVE,https://www.arcgis.com/home/item.html?id=0932f23e97074b84b286717f9bd59f92
StoryMaps,Denver 1879 copy,LEGACY,LOW,0,0,0,0,58,REVIEW_OR_ARCHIVE,https://www.arcgis.com/home/item.html?id=0d147540d49349a7a361f6b775b9a2f7
sabinebarrera,df,LEGACY,LOW,0,0,0,0,58,REVIEW_OR_ARCHIVE,https://www.arcgis.com/home/item.html?id=a1f0f691c8fe4eb89f3ef9eff9e7377e
StoryMaps,Diabetes rates,LEGACY,LOW,0,0,0,0,58,REVIEW_OR_ARCHIVE,https://www.arcgis.com/home/item.html?id=2db9443e67744681ad2739cb70e8d008
dasbury_storymaps,Diabetes rates,LEGACY,LOW,0,0,0,0,58,REVIEW_OR_ARCHIVE,https://www.arcgis.com/home/item.html?id=08770b270a4543fa9086c91c9b65bad5
acarroll73,DIVERSITY 2000,LEGACY,LOW,0,0,0,0,58,REVIEW_OR_ARCHIVE,https://www.arcgis.com/home/item.html?id=f265aff3c88a402c82d3950635b6369a
StoryMaps,DIVERSITY 2000 and 2010,LEGACY,LOW,0,0,0,0,58,REVIEW_OR_ARCHIVE,https://www.arcgis.com/home/item.html?id=00c8803c12ff46a6a1905f0f0cd0bf8a
StoryMaps,Doctor's offices,LEGACY,LOW,0,0,0,0,58,REVIEW_OR_ARCHIVE,https://www.arcgis.com/home/item.html?id=23080a0b032b405e83bcec49b4a4b2f9
StoryMaps,Downtown Washington D.C. Shortlist,LEGACY,LOW,0,0,0,0,58,REVIEW_OR_ARCHIVE,https://www.arcgis.com/home/item.html?id=66502e241a6e4f72a1d9c1a80fcbc2d7
skitterman,asdf asrwer QWET,LEGACY,LOW,0,0,0,0,58,REVIEW_OR_ARCHIVE,https://www.arcgis.com/home/item.html?id=aca853794a57461a97804c9335d320fd
skitterman,asdf awer waer,LEGACY,LOW,0,0,0,0,58,REVIEW_OR_ARCHIVE,https://www.arcgis.com/home/item.html?id=70ebc6ea3e6a4cd98576e22c7c3f7e61
skitterman,asdf tew,LEGACY,LOW,0,0,0,0,58,REVIEW_OR_ARCHIVE,https://www.arcgis.com/home/item.html?id=2e0d1f7c40a94d858ad2bfc6d8ee1594
skitterman,asdfa asdfasdfas erere ,LEGACY,LOW,0,0,0,0,58,REVIEW_OR_ARCHIVE,https://www.arcgis.com/home/item.html?id=83e019288e6943bb81f1a0d61337ae15
skitterman,asdfa waet awet w,LEGACY,LOW,0,0,0,0,58,REVIEW_OR_ARCHIVE,https://www.arcgis.com/home/item.html?id=bfee154949e44ee19db68c97b4159fba
skitterman,asdfadf   asdfasdf a  asdfasdf ,LEGACY,LOW,0,0,0,0,58,REVIEW_OR_ARCHIVE,https://www.arcgis.com/home/item.html?id=cae8f53df15a434187f59c49d7b7fb8e
skitterman,asdfasdf   asdasdf,LEGACY,LOW,0,0,0,0,58,REVIEW_OR_ARCHIVE,https://www.arcgis.com/home/item.html?id=eb6425daf9864b6886a22ce79be6106e
skitterman,asdfasdf asdf   earwer awer ,LEGACY,LOW,0,0,0,0,58,REVIEW_OR_ARCHIVE,https://www.arcgis.com/home/item.html?id=42bd8d9fd7c643a68d76983c9626aa17
skitterman,asdfasdf asdff asdf a,LEGACY,LOW,0,0,0,0,58,REVIEW_OR_ARCHIVE,https://www.arcgis.com/home/item.html?id=dfd27000711f401c8928f44ed12e1682
skitterman,asdfasdf34342,LEGACY,LOW,0,0,0,0,58,REVIEW_OR_ARCHIVE,https://www.arcgis.com/home/item.html?id=4111946a532f4ba0bc5e13049659c5e6
skitterman,asdfasdfasd  asdfasdf asdf ,LEGACY,LOW,0,0,0,0,58,REVIEW_OR_ARCHIVE,https://www.arcgis.com/home/item.html?id=ab8ad4140f8a43cda6e66ac80428ce7b
sabinebarrera,Asia Population,LEGACY,LOW,0,0,0,0,58,REVIEW_OR_ARCHIVE,https://www.arcgis.com/home/item.html?id=e69f7ad6f49d4919a034c29292b46ba0
sabinebarrera,Assessments2,LEGACY,LOW,0,0,0,0,58,REVIEW_OR_ARCHIVE,https://www.arcgis.com/home/item.html?id=2b41e78b0f534a86b45725ddfa4f226f
StoryMaps,Audubon News Map,LEGACY,LOW,0,0,0,0,58,REVIEW_OR_ARCHIVE,https://www.arcgis.com/home/item.html?id=1770939306f54ede8ef1bf210f6e1429
sabinebarrera,Australia Population,LEGACY,LOW,0,0,0,0,58,REVIEW_OR_ARCHIVE,https://www.arcgis.com/home/item.html?id=5359d580111a4392aff3173ad965d5c6
FedGISContent,Available Water,LEGACY,LOW,0,0,0,0,58,REVIEW_OR_ARCHIVE,https://www.arcgis.com/home/item.html?id=e017f28aad8c4a78911595f5434bf40b
StoryMaps,Baby Animals at Smithsonian's National Zoo,LEGACY,LOW,0,0,0,0,58,REVIEW_OR_ARCHIVE,https://www.arcgis.com/home/item.html?id=c56620edc0b3481189e0ee1ca93a20d5
StoryMaps,Baby Animals in the Wild,LEGACY,LOW,0,0,0,0,58,REVIEW_OR_ARCHIVE,https://www.arcgis.com/home/item.html?id=3036395dd73f47e39ed4310db5357c05
acarroll73,Basemap preview,LEGACY,LOW,0,0,0,0,58,REVIEW_OR_ARCHIVE,https://www.arcgis.com/home/item.html?id=b88d173ee41b4884b70fb1e589eb3b5f
StoryMaps,BASEMAP Shaded Landsat-Copy,LEGACY,LOW,0,0,0,0,58,REVIEW_OR_ARCHIVE,https://www.arcgis.com/home/item.html?id=8b07fe518cf24edd8fea4cc6938cb590
StoryMaps,Basic webmap,LEGACY,LOW,0,0,0,0,58,REVIEW_OR_ARCHIVE,https://www.arcgis.com/home/item.html?id=624e7f7d9b4743448879eb6b20242ba5
acarroll73,Battlefields of the Civil War,LEGACY,LOW,0,0,0,0,58,REVIEW_OR_ARCHIVE,https://www.arcgis.com/home/item.html?id=c8b9bad77939489ea6e3cf5602e72614
dasbury_storymaps,Battlefields of the Civil War (classic version),LEGACY,LOW,0,0,0,0,58,REVIEW_OR_ARCHIVE,https://www.arcgis.com/home/item.html?id=87da8e86874b46128a6860cf9c7c0dba
StoryMaps,Battlefields of the Civil War (classic version),LEGACY,LOW,0,0,0,0,58,REVIEW_OR_ARCHIVE,https://www.arcgis.com/home/item.html?id=65e1c7d196404176be4d755560b597b0
StoryMaps,Bike to Work-Copy,LEGACY,LOW,0,0,0,0,58,REVIEW_OR_ARCHIVE,https://www.arcgis.com/home/item.html?id=5307716e45ec4628b5367c8372c83d81
StoryMaps,Bird Strikes per emplanement,LEGACY,LOW,0,0,0,0,58,REVIEW_OR_ARCHIVE,https://www.arcgis.com/home/item.html?id=b0e41cc71c6c45be981acdf87b6b6519
StoryMaps,Birds and Climate 1,LEGACY,LOW,0,0,0,0,58,REVIEW_OR_ARCHIVE,https://www.arcgis.com/home/item.html?id=b3cf035edd354d94bfe5627427701996
StoryMaps,Birds and Climate 2,LEGACY,LOW,0,0,0,0,58,REVIEW_OR_ARCHIVE,https://www.arcgis.com/home/item.html?id=71b47d1c98d341da9587a83f2579c223
StoryMaps,Birmingham Map Tour,LEGACY,LOW,0,0,0,0,58,REVIEW_OR_ARCHIVE,https://www.arcgis.com/home/item.html?id=0d5b0d06a4a349f98a9f2585f61e01c7
StoryMaps,Blank grayscale with counties,LEGACY,LOW,0,0,0,0,58,REVIEW_OR_ARCHIVE,https://www.arcgis.com/home/item.html?id=6675dccac7b849579a67d93bf5d94a29
StoryMaps,Blue Ribbon Panel for the Global Partnership for Oceans (GPO) - PUG Demo,LEGACY,LOW,0,0,0,0,58,REVIEW_OR_ARCHIVE,https://www.arcgis.com/home/item.html?id=5f19ad50642e4f3bac81a9e1d552c1db
sabinebarrera,Bookmarks,LEGACY,LOW,0,0,0,0,58,REVIEW_OR_ARCHIVE,https://www.arcgis.com/home/item.html?id=f3cda79cb1bf4adbbb2542be52cac705
StoryMaps,Brazil Beyond The Stadiums-Copy,LEGACY,LOW,0,0,0,0,58,REVIEW_OR_ARCHIVE,https://www.arcgis.com/home/item.html?id=a8819f0340ba460597f3951ca95848db
StoryMaps,Brazil Beyond The Stadiums-Copy-Copy,LEGACY,LOW,0,0,0,0,58,REVIEW_OR_ARCHIVE,https://www.arcgis.com/home/item.html?id=0074fb6c8c0c49a0b5cee944f8e6834f
StoryMaps,Brazil Beyond The Stadiums-Copy358pm12June,LEGACY,LOW,0,0,0,0,58,REVIEW_OR_ARCHIVE,https://www.arcgis.com/home/item.html?id=5294e768eed04503aad14e0a523f4e96
StoryMaps,Brazil Beyond The Stadiums-CopyFINAL,LEGACY,LOW,0,0,0,0,58,REVIEW_OR_ARCHIVE,https://www.arcgis.com/home/item.html?id=63ce109520b748599f20279b8f6a76e1
acarroll73,Brown U,LEGACY,LOW,0,0,0,0,58,REVIEW_OR_ARCHIVE,https://www.arcgis.com/home/item.html?id=39bb5af07b5e4e5a82d1c1078514d7b2
StoryMaps,African national parks,LEGACY,LOW,0,0,0,0,58,REVIEW_OR_ARCHIVE,https://www.arcgis.com/home/item.html?id=cc0f33847f4a4db39c10f247a884727a
StoryMaps_services,African national parks through time,LEGACY,LOW,0,0,0,0,58,REVIEW_OR_ARCHIVE,https://www.arcgis.com/home/item.html?id=a683a9acaed64708a78619ccb250dcb5
acarroll73,African-Americans in the U.S.,LEGACY,LOW,0,0,0,0,58,REVIEW_OR_ARCHIVE,https://www.arcgis.com/home/item.html?id=3a7b1fe7e85d427cb2c19da088d26bee
acarroll73,AidData etc from Salim Sawaya,LEGACY,LOW,0,0,0,0,58,REVIEW_OR_ARCHIVE,https://www.arcgis.com/home/item.html?id=6d6b05b726b84454807ec4f154b97a8b
StoryMaps,All Eight Species of Slow Loris are threatened with extinction,LEGACY,LOW,0,0,0,0,58,REVIEW_OR_ARCHIVE,https://www.arcgis.com/home/item.html?id=649074180ccd4c2ab9e5b487d9e98d79
StoryMaps,Allen Carroll: A carto-biography,LEGACY,LOW,0,0,0,0,58,REVIEW_OR_ARCHIVE,https://www.arcgis.com/home/item.html?id=f68e7d7ce1a348cdafa80d81c6679256
acarroll73,Allen's ride from DCRO to home,LEGACY,LOW,0,0,0,0,58,REVIEW_OR_ARCHIVE,https://www.arcgis.com/home/item.html?id=1821e7f3e0ee45d0af6f72407eb1eb2a
StoryMaps,Allen's test,LEGACY,LOW,0,0,0,0,58,REVIEW_OR_ARCHIVE,https://www.arcgis.com/home/item.html?id=7bd2198fabd94c6b8a935371faa12af6
StoryMaps,Alliance for Zero Extinction (AZE),LEGACY,LOW,0,0,0,0,58,REVIEW_OR_ARCHIVE,https://www.arcgis.com/home/item.html?id=c7a66a1f89d74bf0a2378e70b38f71dc
acarroll73,Amazing places from above,LEGACY,LOW,0,0,0,0,58,REVIEW_OR_ARCHIVE,https://www.arcgis.com/home/item.html?id=ec2f743156c34c2e9c2c2e62b5a95ed9
acarroll73,Amazon Basin ecosystems,LEGACY,LOW,0,0,0,0,58,REVIEW_OR_ARCHIVE,https://www.arcgis.com/home/item.html?id=b29c7749480f4c29a7d319d588345f36
StoryMaps,America's Best Golf Courses,LEGACY,LOW,0,0,0,0,58,REVIEW_OR_ARCHIVE,https://www.arcgis.com/home/item.html?id=f2c30c806023474fbb6d937a1921e7a5
StoryMaps,America's Most Polluted Cities,LEGACY,LOW,0,0,0,0,58,REVIEW_OR_ARCHIVE,https://www.arcgis.com/home/item.html?id=868710a443ec4eb6b96ebff0c37dfd8d
StoryMaps,America's Tinderbox,LEGACY,LOW,0,0,0,0,58,REVIEW_OR_ARCHIVE,https://www.arcgis.com/home/item.html?id=266e73d9880c4e91bff23cf60fd17066
dasbury_storymaps,American Futures candidate cities,LEGACY,LOW,0,0,0,0,58,REVIEW_OR_ARCHIVE,https://www.arcgis.com/home/item.html?id=e8d5c1a87d784750b20d497e280b489e
StoryMaps,American Futures: Sioux Falls-Copy,LEGACY,LOW,0,0,0,0,58,REVIEW_OR_ARCHIVE,https://www.arcgis.com/home/item.html?id=27ab860c5ffa4b1d98d6429d01677bc5
acarroll73,American Jobs Act,LEGACY,LOW,0,0,0,0,58,REVIEW_OR_ARCHIVE,https://www.arcgis.com/home/item.html?id=ebe33aeb7eff42d18c85a299e8c9940e
StoryMaps,Animation of NHTSA Fatality Analysis Reporting System Data-Copy,LEGACY,LOW,0,0,0,0,58,REVIEW_OR_ARCHIVE,https://www.arcgis.com/home/item.html?id=f5862040f9a343fda363c887888fb30b
acarroll73,"Appalachian Trail: Satellite Imagery, Photographs",LEGACY,LOW,0,0,0,0,58,REVIEW_OR_ARCHIVE,https://www.arcgis.com/home/item.html?id=e0b7a53ab4e3480995ac25f4879f2014
acarroll73,Appalachian Trail: Street Map View,LEGACY,LOW,0,0,0,0,58,REVIEW_OR_ARCHIVE,https://www.arcgis.com/home/item.html?id=b3898f68f4dc4233bd1077ca85e1bcbe
acarroll73,"Appalachian Trail: Topographic Map, Shelter Locations",LEGACY,LOW,0,0,0,0,58,REVIEW_OR_ARCHIVE,https://www.arcgis.com/home/item.html?id=9da801320d6f442d91be7bcd080562b6
StoryMaps,Aquifers,LEGACY,LOW,0,0,0,0,58,REVIEW_OR_ARCHIVE,https://www.arcgis.com/home/item.html?id=7ee13ee64ee34d6e91679ae625611ace
StoryMaps,Aral Sea Then and Now (1990),LEGACY,LOW,0,0,0,0,58,REVIEW_OR_ARCHIVE,https://www.arcgis.com/home/item.html?id=0107ca12349845fa974e321e6c099cb8
acarroll73,ArcGIS.com global data sampling,LEGACY,LOW,0,0,0,0,58,REVIEW_OR_ARCHIVE,https://www.arcgis.com/home/item.html?id=84a77f5bd1a14576926314a59d573c46
StoryMaps,Arctic maritime charts,LEGACY,LOW,0,0,0,0,58,REVIEW_OR_ARCHIVE,https://www.arcgis.com/home/item.html?id=0082968852484e5dbd691b2e0916ccac
dasbury_storymaps,Arctic maritime charts-Copy,LEGACY,LOW,0,0,0,0,58,REVIEW_OR_ARCHIVE,https://www.arcgis.com/home/item.html?id=726de4f5f13f4ba1a3cc03e6b4e30dbb
StoryMaps,Arctic shipping traffic,LEGACY,LOW,0,0,0,0,58,REVIEW_OR_ARCHIVE,https://www.arcgis.com/home/item.html?id=e99c1d5f465e4e19abcf731192d04bfb
StoryMaps,Arena Venues,LEGACY,LOW,0,0,0,0,58,REVIEW_OR_ARCHIVE,https://www.arcgis.com/home/item.html?id=a647a1eab5d242c09de4d9c326cfd2fc
StoryMaps_services,Arrests of poachers in South Africa,LEGACY,LOW,0,0,0,0,58,REVIEW_OR_ARCHIVE,https://www.arcgis.com/home/item.html?id=e226760a7e6741c9b2f21ab9308b7286
StoryMaps_services,Arrests of poachers in South Africa-2010,LEGACY,LOW,0,0,0,0,58,REVIEW_OR_ARCHIVE,https://www.arcgis.com/home/item.html?id=049a7ec3949b4cdf90ed3302c31ab508
StoryMaps_services,Arrests of poachers in South Africa-2011,LEGACY,LOW,0,0,0,0,58,REVIEW_OR_ARCHIVE,https://www.arcgis.com/home/item.html?id=1fa5b2ac66ec49f2944bd966b414880c
StoryMaps_services,Arrests of poachers in South Africa-2012,LEGACY,LOW,0,0,0,0,58,REVIEW_OR_ARCHIVE,https://www.arcgis.com/home/item.html?id=21d1153952324d8783ba20531c17d08c
acarroll73,Art Map,LEGACY,LOW,0,0,0,0,58,REVIEW_OR_ARCHIVE,https://www.arcgis.com/home/item.html?id=0cfcb63c16044246ad7fe98a3ffea375
StoryMaps,Art Map,LEGACY,LOW,0,0,0,0,58,REVIEW_OR_ARCHIVE,https://www.arcgis.com/home/item.html?id=dd2ab970a8b34d50bd79e39cf44a740e
skitterman,asdf   asdfete a,LEGACY,LOW,0,0,0,0,58,REVIEW_OR_ARCHIVE,https://www.arcgis.com/home/item.html?id=ed07fbd38f1f4a03a1d2eebb83934720
skitterman,asdf  asdf ere a,LEGACY,LOW,0,0,0,0,58,REVIEW_OR_ARCHIVE,https://www.arcgis.com/home/item.html?id=bde59230d9bc4d32a710b976b9c773be
skitterman,asdf  asdf ere a - Shortlist builder,LEGACY,LOW,0,0,0,0,58,REVIEW_OR_ARCHIVE,https://www.arcgis.com/home/item.html?id=b626825666e24519bcfe67d7f1452a57
skitterman,asdf  asdfadf asdf ,LEGACY,LOW,0,0,0,0,58,REVIEW_OR_ARCHIVE,https://www.arcgis.com/home/item.html?id=d566d0d73ee74400a9f2282f00b4990b
skitterman,asdf  asdfee,LEGACY,LOW,0,0,0,0,58,REVIEW_OR_ARCHIVE,https://www.arcgis.com/home/item.html?id=3289a97f896141f1a6f8ce91fac69782
skitterman,asdf asdf asdf aer e,LEGACY,LOW,0,0,0,0,58,REVIEW_OR_ARCHIVE,https://www.arcgis.com/home/item.html?id=783bf0a2bc804a2f9acb7eec1d82d92f
acarroll73,Drought in Eastern Africa,LEGACY,LOW,0,0,0,0,58,REVIEW_OR_ARCHIVE,https://www.arcgis.com/home/item.html?id=974c14bc77424a0eb693a2b7884553ca
dasbury_storymaps,Dynamic Earth-Copy,LEGACY,LOW,0,0,0,0,58,REVIEW_OR_ARCHIVE,https://www.arcgis.com/home/item.html?id=afb2f0f5e31a473a8622dce19cfb33bd
StoryMaps,Dzanga National Park,LEGACY,LOW,0,0,0,0,58,REVIEW_OR_ARCHIVE,https://www.arcgis.com/home/item.html?id=c5009617726e41b1b1bd4a866a9fa48e
sabinebarrera,Earth Tectonic Activity,LEGACY,LOW,0,0,0,0,58,REVIEW_OR_ARCHIVE,https://www.arcgis.com/home/item.html?id=36cc46d14f624156b8b5c2dced9233ed
acarroll73,Ecological Footprints of Nations,LEGACY,LOW,0,0,0,0,58,REVIEW_OR_ARCHIVE,https://www.arcgis.com/home/item.html?id=1a40fa5cc1ab4569b79f45444d728067
sabinebarrera,Ecoregions,LEGACY,LOW,0,0,0,0,58,REVIEW_OR_ARCHIVE,https://www.arcgis.com/home/item.html?id=5aaafcbb85274f47ad85fd677919fdd3
acarroll73,Ecoregions of Brazil,LEGACY,LOW,0,0,0,0,58,REVIEW_OR_ARCHIVE,https://www.arcgis.com/home/item.html?id=7b2b0fe91eb64184bbe91f18da98cd06
acarroll73,Ecoregions of Brazil and the Amazon Basin,LEGACY,LOW,0,0,0,0,58,REVIEW_OR_ARCHIVE,https://www.arcgis.com/home/item.html?id=638f4f754af640bea7aaf38669d77399
StoryMaps,Ecoregions of North America,LEGACY,LOW,0,0,0,0,58,REVIEW_OR_ARCHIVE,https://www.arcgis.com/home/item.html?id=6fa772f18a6546ff9b8fd86871c8d2c0
StoryMaps,Ecosystem Restoration-Copy,LEGACY,LOW,0,0,0,0,58,REVIEW_OR_ARCHIVE,https://www.arcgis.com/home/item.html?id=8e78c0a2476c4d58b413065ff6c214d2
FedGISContent,Ecosystems,LEGACY,LOW,0,0,0,0,58,REVIEW_OR_ARCHIVE,https://www.arcgis.com/home/item.html?id=46bb7e68a46c488ba4fed5270c2b5446
StoryMaps,Ecosystems and Land Cover,LEGACY,LOW,0,0,0,0,58,REVIEW_OR_ARCHIVE,https://www.arcgis.com/home/item.html?id=12d170b3ea7e451da2be7d167396faf2
StoryMaps,Ecosystems Map Tour,LEGACY,LOW,0,0,0,0,58,REVIEW_OR_ARCHIVE,https://www.arcgis.com/home/item.html?id=e524643013404acb8570430dee28f37a
skitterman,Edit me!asdfasdfasdfasdfa asdf ,LEGACY,LOW,0,0,0,0,58,REVIEW_OR_ARCHIVE,https://www.arcgis.com/home/item.html?id=15b42285635e480cb9bf8380e9052ef2
acarroll73,EdUC 2011 Plenary 2:  The International GIS in Education Community,LEGACY,LOW,0,0,0,0,58,REVIEW_OR_ARCHIVE,https://www.arcgis.com/home/item.html?id=d3c15a123bef4d6b9f6e365feeada8b0
acarroll73,EdUC 2011 Plenary:  The International GIS in Education Community,LEGACY,LOW,0,0,0,0,58,REVIEW_OR_ARCHIVE,https://www.arcgis.com/home/item.html?id=8e61609d6f6d4a5bb83e0c15149980ad
sabinebarrera,Electric Network in Riverside,LEGACY,LOW,0,0,0,0,58,REVIEW_OR_ARCHIVE,https://www.arcgis.com/home/item.html?id=58975590e44f4be489ffdb41185ebfb8
StoryMaps,Electricity from the sun: a small but growing force,LEGACY,LOW,0,0,0,0,58,REVIEW_OR_ARCHIVE,https://www.arcgis.com/home/item.html?id=15749afaecb643e3aff154413136516c
StoryMaps,Elephant Conservation Organizations,LEGACY,LOW,0,0,0,0,58,REVIEW_OR_ARCHIVE,https://www.arcgis.com/home/item.html?id=666c7307ea3e4a4582c90c236138b281
StoryMaps,Elephant Incident Locator,LEGACY,LOW,0,0,0,0,58,REVIEW_OR_ARCHIVE,https://www.arcgis.com/home/item.html?id=4d9d1d04d4c1465a85272b2bdd6b7f6f
glazou2,ElephantPoaching,LEGACY,LOW,0,0,0,0,58,REVIEW_OR_ARCHIVE,https://www.arcgis.com/home/item.html?id=b2e2a2a42b7a45a3991cb11399b2aede
glazou2,ElephantPoaching,LEGACY,LOW,0,0,0,0,58,REVIEW_OR_ARCHIVE,https://www.arcgis.com/home/item.html?id=9a198cb5195144c3b1b6bf90ccefba7c
dasbury_storymaps,Embassies in D.C,LEGACY,LOW,0,0,0,0,58,REVIEW_OR_ARCHIVE,https://www.arcgis.com/home/item.html?id=c2d95b3b5ae948d897a07e2c007f95ff
acarroll73,Emergency Department Visits-Copy,LEGACY,LOW,0,0,0,0,58,REVIEW_OR_ARCHIVE,https://www.arcgis.com/home/item.html?id=855467b5f41d4e449a9e7948edc46a47
StoryMaps,Enduring Voices 11.12,LEGACY,LOW,0,0,0,0,58,REVIEW_OR_ARCHIVE,https://www.arcgis.com/home/item.html?id=84be36ea992b4a53aa49505973360f91
sabinebarrera,Energy,LEGACY,LOW,0,0,0,0,58,REVIEW_OR_ARCHIVE,https://www.arcgis.com/home/item.html?id=9d4fd16e02464071948216005eebeaa0
StoryMaps,EPA ecoregions level III (and IV),LEGACY,LOW,0,0,0,0,58,REVIEW_OR_ARCHIVE,https://www.arcgis.com/home/item.html?id=d365f24383134a48acf18d59ba353ba3
FedGISContent,Esri Demographic Data Coverage (Esri Internal use),LEGACY,LOW,0,0,0,0,58,REVIEW_OR_ARCHIVE,https://www.arcgis.com/home/item.html?id=19f620c469364cd3adc5967ad469c321
FedGISContent,Esri Demographic Data Coverage (Esri Internal use)-Copy,LEGACY,LOW,0,0,0,0,58,REVIEW_OR_ARCHIVE,https://www.arcgis.com/home/item.html?id=66f122fe780946dd8a4852efe9990abc
dasbury_storymaps,Esri Map Tour demo,LEGACY,LOW,0,0,0,0,58,REVIEW_OR_ARCHIVE,https://www.arcgis.com/home/item.html?id=d1b09b5e0490421da419c90351feb0b1
FedGISContent,Esri NAIP Imagery,LEGACY,LOW,0,0,0,0,58,REVIEW_OR_ARCHIVE,https://www.arcgis.com/home/item.html?id=ca3420dcc565495c990c1e7468f31178
StoryMaps,Esri User Conference 2012,LEGACY,LOW,0,0,0,0,58,REVIEW_OR_ARCHIVE,https://www.arcgis.com/home/item.html?id=094e1f7c73374cbcad8fe49c21f30b97
StoryMaps,Esri User Conference 2012 5K Run-Walk,LEGACY,LOW,0,0,0,0,58,REVIEW_OR_ARCHIVE,https://www.arcgis.com/home/item.html?id=6f786361c5f9400db0ebb2ce6b8f9a15
StoryMaps,"Esri User Conference party, July 27, 2012",LEGACY,LOW,0,0,0,0,58,REVIEW_OR_ARCHIVE,https://www.arcgis.com/home/item.html?id=ab81fa1d40d2460689aad798ea134912
acarroll73,"Estimated Population Change, 2010 - 2011",LEGACY,LOW,0,0,0,0,58,REVIEW_OR_ARCHIVE,https://www.arcgis.com/home/item.html?id=afdb5314831a4ff49a5102a039618020
sabinebarrera,Europe Population,LEGACY,LOW,0,0,0,0,58,REVIEW_OR_ARCHIVE,https://www.arcgis.com/home/item.html?id=c7fed40a13af496d88fc17c58a6af739
StoryMaps,European cities will experience more severe heat waves,LEGACY,LOW,0,0,0,0,58,REVIEW_OR_ARCHIVE,https://www.arcgis.com/home/item.html?id=81631f50b71c4bdf9d67e0ec0fa173e9
StoryMaps,European heat waves: 1971-2000,LEGACY,LOW,0,0,0,0,58,REVIEW_OR_ARCHIVE,https://www.arcgis.com/home/item.html?id=6c83595e3a364aaa9a26efbec4947a96
StoryMaps,European heat waves: 2021-2050,LEGACY,LOW,0,0,0,0,58,REVIEW_OR_ARCHIVE,https://www.arcgis.com/home/item.html?id=96128d7897344e13904e0e01719b4d19
StoryMaps,European heat waves: 2071-2100,LEGACY,LOW,0,0,0,0,58,REVIEW_OR_ARCHIVE,https://www.arcgis.com/home/item.html?id=54dd3868a5344b499c707e0d41da24ec
StoryMaps,example,LEGACY,LOW,0,0,0,0,58,REVIEW_OR_ARCHIVE,https://www.arcgis.com/home/item.html?id=f5f2c244b3be4e90b06cf878c30311fe
StoryMaps,Explore the Growing World of Story Maps,LEGACY,LOW,0,0,0,0,58,REVIEW_OR_ARCHIVE,https://www.arcgis.com/home/item.html?id=9ec6c45f6ad249a8993527614a850077
StoryMaps,Explore the Growing World of Story Maps-Copy,LEGACY,LOW,0,0,0,0,58,REVIEW_OR_ARCHIVE,https://www.arcgis.com/home/item.html?id=84d732fa686f4597883c5e0bd1259d95
StoryMaps,Exploring a selection of the world's endangered Languages,LEGACY,LOW,0,0,0,0,58,REVIEW_OR_ARCHIVE,https://www.arcgis.com/home/item.html?id=56a3f283feb9465abb91f499a7879d56
StoryMaps,"Growth Rates of 100 Most Populous U.S. Cities, 2000 - 2010",LEGACY,LOW,0,0,0,0,58,REVIEW_OR_ARCHIVE,https://www.arcgis.com/home/item.html?id=83dd3e9c202c42e7b787ec66dbe73294
StoryMaps,Gunnison Sage Grouse,LEGACY,LOW,0,0,0,0,58,REVIEW_OR_ARCHIVE,https://www.arcgis.com/home/item.html?id=559c7b54de47457d9387aa572708b6fc
acarroll73,"Hat Point, Umatilla National Forest, Oregon",LEGACY,LOW,0,0,0,0,58,REVIEW_OR_ARCHIVE,https://www.arcgis.com/home/item.html?id=484f5b3624c84fae9b87841e1d395d6a
StoryMaps,Hello World,LEGACY,LOW,0,0,0,0,58,REVIEW_OR_ARCHIVE,https://www.arcgis.com/home/item.html?id=5773341cc9d7444fa15386803e1b14b4
acarroll73,Hispanic Population,LEGACY,LOW,0,0,0,0,58,REVIEW_OR_ARCHIVE,https://www.arcgis.com/home/item.html?id=708aee65d2e0403e8b5b8d009c3f1602
StoryMaps,Hispanic Population,LEGACY,LOW,0,0,0,0,58,REVIEW_OR_ARCHIVE,https://www.arcgis.com/home/item.html?id=3a80b760feb54e0f9429fbeb15aaf011
acarroll73,Hispanics in the U.S.,LEGACY,LOW,0,0,0,0,58,REVIEW_OR_ARCHIVE,https://www.arcgis.com/home/item.html?id=24f50da045f249618e1974599cf06f79
dasbury_storymaps,Hokule,LEGACY,LOW,0,0,0,0,58,REVIEW_OR_ARCHIVE,https://www.arcgis.com/home/item.html?id=ffc0923059f64cdc855198da2a0437fb
acarroll73,Home values vs. household income,LEGACY,LOW,0,0,0,0,58,REVIEW_OR_ARCHIVE,https://www.arcgis.com/home/item.html?id=618cda7764ad45d7a9c051f7562b3e4e
StoryMaps,"Homs, Syria Aerial",LEGACY,LOW,0,0,0,0,58,REVIEW_OR_ARCHIVE,https://www.arcgis.com/home/item.html?id=0fce61326a32464091c3c08af9f42a21
acarroll_storymaps,Calories Produced-Copy,LEGACY,LOW,0,0,0,0,58,REVIEW_OR_ARCHIVE,https://www.arcgis.com/home/item.html?id=9102d8add96748f79a3b949484303dd0
StoryMaps,"Homs, Syria imagery",LEGACY,LOW,0,0,0,0,58,REVIEW_OR_ARCHIVE,https://www.arcgis.com/home/item.html?id=bfdf95044c74417a98afde31fa457829
acarroll73,Horn of Africa agriculture and land cover,LEGACY,LOW,0,0,0,0,58,REVIEW_OR_ARCHIVE,https://www.arcgis.com/home/item.html?id=e2c592ba974d4674b9475019fd5d2681
acarroll73,Horn of Africa locator,LEGACY,LOW,0,0,0,0,58,REVIEW_OR_ARCHIVE,https://www.arcgis.com/home/item.html?id=0c99da0ec5a44b6387f39fb8f6025821
StoryMaps,Hot 'n Cold: Winter in Yellowstone National Park,LEGACY,LOW,0,0,0,0,58,REVIEW_OR_ARCHIVE,https://www.arcgis.com/home/item.html?id=850d09397ec74204a656ae77bf7b0a65
StoryMaps,Hotspot threat levels,LEGACY,LOW,0,0,0,0,58,REVIEW_OR_ARCHIVE,https://www.arcgis.com/home/item.html?id=fc03905236e64959bc605b6b8ee6f982
acarroll73,Household Income 2011,LEGACY,LOW,0,0,0,0,58,REVIEW_OR_ARCHIVE,https://www.arcgis.com/home/item.html?id=f149252942b241e39c55bffa39574566
acarroll73,How Long are People Living?,LEGACY,LOW,0,0,0,0,58,REVIEW_OR_ARCHIVE,https://www.arcgis.com/home/item.html?id=b723453434124cae89b0ecbe41a10613
acarroll73,How Rapidly is Population Growing?,LEGACY,LOW,0,0,0,0,58,REVIEW_OR_ARCHIVE,https://www.arcgis.com/home/item.html?id=547765ec18a940c5aeeef2b8e92c5268
StoryMaps,Hurricane Andrew - 1992,LEGACY,LOW,0,0,0,0,58,REVIEW_OR_ARCHIVE,https://www.arcgis.com/home/item.html?id=8b54720f15eb40fdb69f7f8e7d945ff7
StoryMaps,Hurricane Camille - 1969,LEGACY,LOW,0,0,0,0,58,REVIEW_OR_ARCHIVE,https://www.arcgis.com/home/item.html?id=ae4ba36e73c54378a7fb863bdf1267c8
StoryMaps,Hurricane Donna - 1960,LEGACY,LOW,0,0,0,0,58,REVIEW_OR_ARCHIVE,https://www.arcgis.com/home/item.html?id=ef1944f21cc94d048f7686ecd65476e5
StoryMaps,Hurricane Katrina - 2005,LEGACY,LOW,0,0,0,0,58,REVIEW_OR_ARCHIVE,https://www.arcgis.com/home/item.html?id=02e43ad0ec1c4234820f51a7734c6753
dasbury_storymaps,Imagery basemap,LEGACY,LOW,0,0,0,0,58,REVIEW_OR_ARCHIVE,https://www.arcgis.com/home/item.html?id=3d84cb88e0e84aa7a4b82555fc52c2f0
StoryMaps,Imagery PUG Demo - test,LEGACY,LOW,0,0,0,0,58,REVIEW_OR_ARCHIVE,https://www.arcgis.com/home/item.html?id=64903191a7f84140a3fd886bcc6432b5
FedGISContent,Imagerybasemap,LEGACY,LOW,0,0,0,0,58,REVIEW_OR_ARCHIVE,https://www.arcgis.com/home/item.html?id=04813af197574d64a7167c5c74b8c73f
acarroll73,In the Red or In the Black? Deficit and Surplus Nations,LEGACY,LOW,0,0,0,0,58,REVIEW_OR_ARCHIVE,https://www.arcgis.com/home/item.html?id=4a94692d5ec04a7a9f9a4d47e32d7cbc
acarroll73,Income Inequality in U.S. Metropolitan Areas,LEGACY,LOW,0,0,0,0,58,REVIEW_OR_ARCHIVE,https://www.arcgis.com/home/item.html?id=181827ff236d4a6d8bf584d82acfc09b
acarroll73,Intact Forest Landscapes,LEGACY,LOW,0,0,0,0,58,REVIEW_OR_ARCHIVE,https://www.arcgis.com/home/item.html?id=6fdf05b902b94c51b578e61809e691c7
acarroll73,InterAction sample map,LEGACY,LOW,0,0,0,0,58,REVIEW_OR_ARCHIVE,https://www.arcgis.com/home/item.html?id=356a0f70945b4609ad091c7a5d0d834a
StoryMaps,iPad test,LEGACY,LOW,0,0,0,0,58,REVIEW_OR_ARCHIVE,https://www.arcgis.com/home/item.html?id=dc422f5a8f964f29aa22be2279cd2553
StoryMaps,Is the World Full or Empty?,LEGACY,LOW,0,0,0,0,58,REVIEW_OR_ARCHIVE,https://www.arcgis.com/home/item.html?id=1726eb2da23e4a02ba25f54c98c31ec3
dasbury_storymaps,ISS on Slate,LEGACY,LOW,0,0,0,0,58,REVIEW_OR_ARCHIVE,https://www.arcgis.com/home/item.html?id=d51b3c7468b743368b02050688705645
StoryMaps,Ist die Welt voll oder leer?,LEGACY,LOW,0,0,0,0,58,REVIEW_OR_ARCHIVE,https://www.arcgis.com/home/item.html?id=16eb7f208f8e4db985b49d94b5483dcd
StoryMaps,Ivory trade,LEGACY,LOW,0,0,0,0,58,REVIEW_OR_ARCHIVE,https://www.arcgis.com/home/item.html?id=1f7166df494946d0b0c73817cb85c020
acarroll73,Jane Goodall Institute,LEGACY,LOW,0,0,0,0,58,REVIEW_OR_ARCHIVE,https://www.arcgis.com/home/item.html?id=635afff2fcc744319e5849b20413e908
StoryMaps,Jorge Montt Glacier,LEGACY,LOW,0,0,0,0,58,REVIEW_OR_ARCHIVE,https://www.arcgis.com/home/item.html?id=3ca9b7a5339e4c31acb20d2291f1de4e
StoryMaps,Just a Test,LEGACY,LOW,0,0,0,0,58,REVIEW_OR_ARCHIVE,https://www.arcgis.com/home/item.html?id=8fc06f2b60894b8aa7dac69ae738e0d6
mystories,Campsites,LEGACY,LOW,0,0,0,0,58,REVIEW_OR_ARCHIVE,https://www.arcgis.com/home/item.html?id=163cfa2390e34daa930de55fb5a08b2f
StoryMaps,Carbon Dioxide Emissions on the Rise,LEGACY,LOW,0,0,0,0,58,REVIEW_OR_ARCHIVE,https://www.arcgis.com/home/item.html?id=e037397d4e57417c933fc18500cfa8cb
acarroll73,Carbon Dioxide Emissions on the Rise,LEGACY,LOW,0,0,0,0,58,REVIEW_OR_ARCHIVE,https://www.arcgis.com/home/item.html?id=5ed651b95acb4a139ea2b2333e9ee8a7
StoryMaps,Case study: Forest elephants,LEGACY,LOW,0,0,0,0,58,REVIEW_OR_ARCHIVE,https://www.arcgis.com/home/item.html?id=45b01d4467dd4bc6995bc4fbeabcbe21
mystories,Cauldera,LEGACY,LOW,0,0,0,0,58,REVIEW_OR_ARCHIVE,https://www.arcgis.com/home/item.html?id=9c3c5e371c4e46f2b95a0a1eb9af192d
mystories,Cauldera,LEGACY,LOW,0,0,0,0,58,REVIEW_OR_ARCHIVE,https://www.arcgis.com/home/item.html?id=7a3958a92dda4c3f8edd4a66f220fe69
StoryMaps,Celebrating our nation's wild rivers,LEGACY,LOW,0,0,0,0,58,REVIEW_OR_ARCHIVE,https://www.arcgis.com/home/item.html?id=8b3e4602ed7c4b40a1a69195c23b15de
StoryMaps_services,Change in commute times between 2000 and 2012,LEGACY,LOW,0,0,0,0,58,REVIEW_OR_ARCHIVE,https://www.arcgis.com/home/item.html?id=51f0093701f349b5b5a349ad641eb075
acarroll73,Change in Household Income,LEGACY,LOW,0,0,0,0,58,REVIEW_OR_ARCHIVE,https://www.arcgis.com/home/item.html?id=c5e769281d544ad6baa5a3c17bb3c5f5
sabinebarrera,Chemlights,LEGACY,LOW,0,0,0,0,58,REVIEW_OR_ARCHIVE,https://www.arcgis.com/home/item.html?id=96c93977458d406e8cf0193e93fa8b9c
FedGISContent,Chicago Pop Change,LEGACY,LOW,0,0,0,0,58,REVIEW_OR_ARCHIVE,https://www.arcgis.com/home/item.html?id=539990932192423cbab5c376c8694a2b
StoryMaps,China's Burgeoning Highway System,LEGACY,LOW,0,0,0,0,58,REVIEW_OR_ARCHIVE,https://www.arcgis.com/home/item.html?id=e037c659b52e4fa68b358d720c5b998d
StoryMaps,Circle Treasure Hunt,LEGACY,LOW,0,0,0,0,58,REVIEW_OR_ARCHIVE,https://www.arcgis.com/home/item.html?id=64fba77b799d4583b115cd092125f6ea
sabinebarrera,City Of Redlands Improvement Projects,LEGACY,LOW,0,0,0,0,58,REVIEW_OR_ARCHIVE,https://www.arcgis.com/home/item.html?id=59d5d7cd324c4c60bda383a3f1369d25
StoryMaps,Climate Resilient Cities Rockefeller,LEGACY,LOW,0,0,0,0,58,REVIEW_OR_ARCHIVE,https://www.arcgis.com/home/item.html?id=07d4f2b6db904f819dad1a8565572dd2
StoryMaps,Climate Resilient Cities Rockefeller- Imagery,LEGACY,LOW,0,0,0,0,58,REVIEW_OR_ARCHIVE,https://www.arcgis.com/home/item.html?id=baa82910a716439dbaa653cdb34d90c0
StoryMaps,Climate Resilient Cities Rockefeller-Dakar,LEGACY,LOW,0,0,0,0,58,REVIEW_OR_ARCHIVE,https://www.arcgis.com/home/item.html?id=8362ebffb4224591a85d80919392c285
acarroll_storymaps,Closing Yield Gaps,LEGACY,LOW,0,0,0,0,58,REVIEW_OR_ARCHIVE,https://www.arcgis.com/home/item.html?id=9795b9546c4e44329458188cf8508cab
acarroll73,CO2 Emissions: Imagery Base,LEGACY,LOW,0,0,0,0,58,REVIEW_OR_ARCHIVE,https://www.arcgis.com/home/item.html?id=d9f428a5e2ad440588e634703283bc7d
acarroll73,CO2 Emissions: Light Gray Canvas Basemap,LEGACY,LOW,0,0,0,0,58,REVIEW_OR_ARCHIVE,https://www.arcgis.com/home/item.html?id=b027364edb86424da3cc854d0073a77d
acarroll73,CO2 Emissions: World Topo Basemap,LEGACY,LOW,0,0,0,0,58,REVIEW_OR_ARCHIVE,https://www.arcgis.com/home/item.html?id=a178f7119c004ee6a592c032f227c5d4
sabinebarrera,College 2014,LEGACY,LOW,0,0,0,0,58,REVIEW_OR_ARCHIVE,https://www.arcgis.com/home/item.html?id=a02aaa6e67b746cea7700fb7e8b622ad
StoryMaps,College Degrees1,LEGACY,LOW,0,0,0,0,58,REVIEW_OR_ARCHIVE,https://www.arcgis.com/home/item.html?id=65d8962bb9fa4bdab6190f2c45007bdf
acarroll73,College Tour 2012,LEGACY,LOW,0,0,0,0,58,REVIEW_OR_ARCHIVE,https://www.arcgis.com/home/item.html?id=d592d5f5d3634965aae831f1249b1d11
sabinebarrera,Colombia,LEGACY,LOW,0,0,0,0,58,REVIEW_OR_ARCHIVE,https://www.arcgis.com/home/item.html?id=11a74ea47db24982a887dd5929513e86
sabinebarrera,Colorado Geology,LEGACY,LOW,0,0,0,0,58,REVIEW_OR_ARCHIVE,https://www.arcgis.com/home/item.html?id=1dad9c7960b3440488c50c2fb2e6de6d
sabinebarrera,Colorado Scale Areas,LEGACY,LOW,0,0,0,0,58,REVIEW_OR_ARCHIVE,https://www.arcgis.com/home/item.html?id=32e8e9ffce5a4afc9c8f3e82f32aaf56
StoryMaps,Commitment to fight climate change,LEGACY,LOW,0,0,0,0,58,REVIEW_OR_ARCHIVE,https://www.arcgis.com/home/item.html?id=0b433f67152e489ba42da7ddf1f99570
StoryMaps_services,Commute times - Mean,LEGACY,LOW,0,0,0,0,58,REVIEW_OR_ARCHIVE,https://www.arcgis.com/home/item.html?id=48a2ac96b4e14e6d8b47569b75c26d77
StoryMaps_services,Commute times in 2000,LEGACY,LOW,0,0,0,0,58,REVIEW_OR_ARCHIVE,https://www.arcgis.com/home/item.html?id=0d5e32847e4b4c0cbc4c63b17a28f3a7
StoryMaps_services,Commute times in 2012,LEGACY,LOW,0,0,0,0,58,REVIEW_OR_ARCHIVE,https://www.arcgis.com/home/item.html?id=d78b310c142d44d2aed214f7c0b1bdcf
StoryMaps,Comparing 2008 election results with ethnicity and income,LEGACY,LOW,0,0,0,0,58,REVIEW_OR_ARCHIVE,https://www.arcgis.com/home/item.html?id=cd4d6c3297594c14850618c373081af1
acarroll73,Congressional districts,LEGACY,LOW,0,0,0,0,58,REVIEW_OR_ARCHIVE,https://www.arcgis.com/home/item.html?id=85754b253f9c40d183ee4581ecf762fe
StoryMaps,Conservation Lands-Copy,LEGACY,LOW,0,0,0,0,58,REVIEW_OR_ARCHIVE,https://www.arcgis.com/home/item.html?id=656116e64eb04897aca12aa85968d103
acarroll73,Coral Reefs Under Threat,LEGACY,LOW,0,0,0,0,58,REVIEW_OR_ARCHIVE,https://www.arcgis.com/home/item.html?id=5f8e97da0b1d4375ba47fc9cd55623b6
StoryMaps,Exploring the Gaza Strip's Varied Geography,LEGACY,LOW,0,0,0,0,58,REVIEW_OR_ARCHIVE,https://www.arcgis.com/home/item.html?id=3901bb77cd7a4e53aa48dd596f857d95
mystories,facebook photos,LEGACY,LOW,0,0,0,0,58,REVIEW_OR_ARCHIVE,https://www.arcgis.com/home/item.html?id=160de7b0dfeb40c18904f432a1a67cac
acarroll73,Famous shipwrecks,LEGACY,LOW,0,0,0,0,58,REVIEW_OR_ARCHIVE,https://www.arcgis.com/home/item.html?id=045798d4811140beb286720130498758
StoryMaps,Fateful voyage of the Titanic,LEGACY,LOW,0,0,0,0,58,REVIEW_OR_ARCHIVE,https://www.arcgis.com/home/item.html?id=31879b960f8c4c1eadd865c9b051a479
StoryMaps,FavoriteVacationSpots,LEGACY,LOW,0,0,0,0,58,REVIEW_OR_ARCHIVE,https://www.arcgis.com/home/item.html?id=2570e98ff237400d8bbba10dd93f90e1
StoryMaps,feature service map tour,LEGACY,LOW,0,0,0,0,58,REVIEW_OR_ARCHIVE,https://www.arcgis.com/home/item.html?id=f17034fa610e48aebca50c7944d9d611
dasbury_storymaps,Federal Prison locations,LEGACY,LOW,0,0,0,0,58,REVIEW_OR_ARCHIVE,https://www.arcgis.com/home/item.html?id=a1e1f337ba30469c8d20e5915bbe26f9
StoryMaps,Federal Prisons of the United States,LEGACY,LOW,0,0,0,0,58,REVIEW_OR_ARCHIVE,https://www.arcgis.com/home/item.html?id=cf60b2d006dd45cebc083c1f9e1d572f
StoryMaps,Fifty Largest Refugee Camps,LEGACY,LOW,0,0,0,0,58,REVIEW_OR_ARCHIVE,https://www.arcgis.com/home/item.html?id=0ce3ca907158463b87520d2d7c9a14fd
sabinebarrera,Fire Centroids,LEGACY,LOW,0,0,0,0,58,REVIEW_OR_ARCHIVE,https://www.arcgis.com/home/item.html?id=c6f04128ba4f438fb1233f07bcfbdeac
sabinebarrera,First Presentation,LEGACY,LOW,0,0,0,0,58,REVIEW_OR_ARCHIVE,https://www.arcgis.com/home/item.html?id=524759a00c7b4c6d8f9d7c6ac0344f08
acarroll_storymaps,Food Crops-Copy,LEGACY,LOW,0,0,0,0,58,REVIEW_OR_ARCHIVE,https://www.arcgis.com/home/item.html?id=05e80114de9f44c19284e66ca4eb4309
acarroll73,Food Insecurity in the Horn of Africa-Copy,LEGACY,LOW,0,0,0,0,58,REVIEW_OR_ARCHIVE,https://www.arcgis.com/home/item.html?id=3ae50ad661ad4e5b8ed29081739faa7f
acarroll_storymaps,"Food, Feed, & Fuel",LEGACY,LOW,0,0,0,0,58,REVIEW_OR_ARCHIVE,https://www.arcgis.com/home/item.html?id=ca05533cb0bc4293a63b4ee8048576bd
StoryMaps,Forest Cover and Loss: NatureServe,LEGACY,LOW,0,0,0,0,58,REVIEW_OR_ARCHIVE,https://www.arcgis.com/home/item.html?id=f5b28f3ad150408c98e556e6863daa98
dasbury_storymaps,Forest elephant habitat comparison over time - 2002,LEGACY,LOW,0,0,0,0,58,REVIEW_OR_ARCHIVE,https://www.arcgis.com/home/item.html?id=ae1f7a03ba8e488fae655e6eb0e21e1a
dasbury_storymaps,Forest elephant habitat comparison over time - 2011,LEGACY,LOW,0,0,0,0,58,REVIEW_OR_ARCHIVE,https://www.arcgis.com/home/item.html?id=77e171d4257c48ec9285653fc81682e6
acarroll73,"Fort Sumter, 1861 and today",LEGACY,LOW,0,0,0,0,58,REVIEW_OR_ARCHIVE,https://www.arcgis.com/home/item.html?id=f8e728bf2e494a989f05fcb1ae38934c
StoryMaps,France through the Ages-Copy,LEGACY,LOW,0,0,0,0,58,REVIEW_OR_ARCHIVE,https://www.arcgis.com/home/item.html?id=116eee40686f483e98b486e3c7571f85
acarroll73,Free and Clear Housing,LEGACY,LOW,0,0,0,0,58,REVIEW_OR_ARCHIVE,https://www.arcgis.com/home/item.html?id=35e217074baa4dccb10f26f1612bfdf9
acarroll73,Freshwater ecoregions and riverbasins of the U.S.,LEGACY,LOW,0,0,0,0,58,REVIEW_OR_ARCHIVE,https://www.arcgis.com/home/item.html?id=8d600623aac5492aa56ecf2e6f7edc6b
StoryMaps,General Countdown Satellite Map,LEGACY,LOW,0,0,0,0,58,REVIEW_OR_ARCHIVE,https://www.arcgis.com/home/item.html?id=08c8c7870b2d44e7822548cb3cc6c057
acarroll73,Geo-Genealogy of Irish Surnames-Copy,LEGACY,LOW,0,0,0,0,58,REVIEW_OR_ARCHIVE,https://www.arcgis.com/home/item.html?id=5fa2e1587fca429897e4ec5788d677d7
FedGISContent,Geoblog_basemap,LEGACY,LOW,0,0,0,0,58,REVIEW_OR_ARCHIVE,https://www.arcgis.com/home/item.html?id=0453264186ea485d9dfe6518bfc7cafb
storymapslegacy,Geography Hawaii Trip,LEGACY,LOW,0,0,0,0,58,REVIEW_OR_ARCHIVE,https://www.arcgis.com/home/item.html?id=de30652a56834f7e83080ca6ca0d2371
acarroll73,Geography Treasure Hunt,LEGACY,LOW,0,0,0,0,58,REVIEW_OR_ARCHIVE,https://www.arcgis.com/home/item.html?id=33026d900ebf400d821f3c3275475a36
acarroll73,Geography Treasure Hunt Version 2,LEGACY,LOW,0,0,0,0,58,REVIEW_OR_ARCHIVE,https://www.arcgis.com/home/item.html?id=175ab4c108b4463291ee621f52311e15
StoryMaps,Gettysburg_Layers,LEGACY,LOW,0,0,0,0,58,REVIEW_OR_ARCHIVE,https://www.arcgis.com/home/item.html?id=67236ca3ea7d45ceb4921d9331f78346
sabinebarrera,GIS Day Kids,LEGACY,LOW,0,0,0,0,58,REVIEW_OR_ARCHIVE,https://www.arcgis.com/home/item.html?id=0c2a4d72960c4add95e43ee5c2bb65fc
StoryMaps,Global Crossroads: The World's 25 Busiest Airports,LEGACY,LOW,0,0,0,0,58,REVIEW_OR_ARCHIVE,https://www.arcgis.com/home/item.html?id=91e2bd1ecfb943c8af893f5eb67d6ff7
acarroll73,Global EEZ plus oceans basemap,LEGACY,LOW,0,0,0,0,58,REVIEW_OR_ARCHIVE,https://www.arcgis.com/home/item.html?id=ed393190a04545079503814f583e811c
acarroll73,Global mobile phone subscriptions (World Bank)-Copy,LEGACY,LOW,0,0,0,0,58,REVIEW_OR_ARCHIVE,https://www.arcgis.com/home/item.html?id=76a980934b8a4a51be52bcf9c2cec628
StoryMaps,Global Sea Level Trends,LEGACY,LOW,0,0,0,0,58,REVIEW_OR_ARCHIVE,https://www.arcgis.com/home/item.html?id=0df2bbc0593549bb90cd2c3196ecc4b8
StoryMaps,Global shipping routes,LEGACY,LOW,0,0,0,0,58,REVIEW_OR_ARCHIVE,https://www.arcgis.com/home/item.html?id=c41b85118cae443f8fffa02d55988758
dasbury_storymaps,GPX test,LEGACY,LOW,0,0,0,0,58,REVIEW_OR_ARCHIVE,https://www.arcgis.com/home/item.html?id=3947294cb99541d98aa6f0ac6d40bcaf
acarroll73,Great Places,LEGACY,LOW,0,0,0,0,58,REVIEW_OR_ARCHIVE,https://www.arcgis.com/home/item.html?id=70424fae79f0458cb7fc79f2e13e46d4
glazou2,greg06111,LEGACY,LOW,0,0,0,0,58,REVIEW_OR_ARCHIVE,https://www.arcgis.com/home/item.html?id=ef35b3aaeca540b6bd6455cb994f8d46
StoryMaps,greg08051,LEGACY,LOW,0,0,0,0,58,REVIEW_OR_ARCHIVE,https://www.arcgis.com/home/item.html?id=d11993a77fa24a7294d7742304719c74
StoryMaps,greg08053,LEGACY,LOW,0,0,0,0,58,REVIEW_OR_ARCHIVE,https://www.arcgis.com/home/item.html?id=560bfe84db2f49c989de409267b075a8
acarroll73,Growth of cities as seen on Landsat imagery,LEGACY,LOW,0,0,0,0,58,REVIEW_OR_ARCHIVE,https://www.arcgis.com/home/item.html?id=0ff0c32ffac0490caf388d9421b1e363
StoryMaps,Paying respects to my uncle in Arlington National Cemetery,LEGACY,LOW,0,0,0,0,58,REVIEW_OR_ARCHIVE,https://www.arcgis.com/home/item.html?id=e94e66e1260e4102bcdcfab8c565c665
StoryMaps,Penn Quarter working map,LEGACY,LOW,0,0,0,0,58,REVIEW_OR_ARCHIVE,https://www.arcgis.com/home/item.html?id=35fb805f37574432a1758d75713c6647
StoryMaps,People Without Health Insurance,LEGACY,LOW,0,0,0,0,58,REVIEW_OR_ARCHIVE,https://www.arcgis.com/home/item.html?id=ab8c77d796444b85bbdaf49b807b75ca
StoryMaps,Per Capita Gross Domestic Product (World Bank),LEGACY,LOW,0,0,0,0,58,REVIEW_OR_ARCHIVE,https://www.arcgis.com/home/item.html?id=0b4fe5beabe3481da790bc998e2b5aa0
acarroll73,Per Capita Gross Domestic Product: World Bank for MyCOE,LEGACY,LOW,0,0,0,0,58,REVIEW_OR_ARCHIVE,https://www.arcgis.com/home/item.html?id=6f3d9d14b2784350ab2c425e4b076f07
StoryMaps,Per Capita Income in the U.S.,LEGACY,LOW,0,0,0,0,58,REVIEW_OR_ARCHIVE,https://www.arcgis.com/home/item.html?id=503f9d4c6fb848248024f5867bc21729
acarroll73,Percent Forested - World Bank,LEGACY,LOW,0,0,0,0,58,REVIEW_OR_ARCHIVE,https://www.arcgis.com/home/item.html?id=da62e6f59d3647bca9fb637c926fcbe7
StoryMaps,Percent Russians in Ukraine,LEGACY,LOW,0,0,0,0,58,REVIEW_OR_ARCHIVE,https://www.arcgis.com/home/item.html?id=16f685f27ab4468ea6d7c50849b43f2e
StoryMaps,Pew Seamounts Prototype,LEGACY,LOW,0,0,0,0,58,REVIEW_OR_ARCHIVE,https://www.arcgis.com/home/item.html?id=282b89e6abfb4386bf2d035c10de325f
mystories,picasa test,LEGACY,LOW,0,0,0,0,58,REVIEW_OR_ARCHIVE,https://www.arcgis.com/home/item.html?id=f33e83dd2c604019bff76b231d06118a
glazou2,PICASATOWEBMAP,LEGACY,LOW,0,0,0,0,58,REVIEW_OR_ARCHIVE,https://www.arcgis.com/home/item.html?id=85d9fef08b1d4a5193976c709d9e8a7b
StoryMaps,Pilgrimage Routes,LEGACY,LOW,0,0,0,0,58,REVIEW_OR_ARCHIVE,https://www.arcgis.com/home/item.html?id=54bd5dfb08474abbb1199176ba0cd8c1
StoryMaps,Piping plover,LEGACY,LOW,0,0,0,0,58,REVIEW_OR_ARCHIVE,https://www.arcgis.com/home/item.html?id=015f54544e0a49328adbdfe8dec58464
StoryMaps,Piping plover - fall migration,LEGACY,LOW,0,0,0,0,58,REVIEW_OR_ARCHIVE,https://www.arcgis.com/home/item.html?id=212de1d6be6347a983870c84fd20e0c7
StoryMaps,Piping plover - spring migration,LEGACY,LOW,0,0,0,0,58,REVIEW_OR_ARCHIVE,https://www.arcgis.com/home/item.html?id=dfee74e84f054b50bd8ae6680d41d7f8
StoryMaps,Piping Plover - summer breeding,LEGACY,LOW,0,0,0,0,58,REVIEW_OR_ARCHIVE,https://www.arcgis.com/home/item.html?id=d93025658b7f4db1bc46c35db70b5992
StoryMaps,Piping plover - winter rest,LEGACY,LOW,0,0,0,0,58,REVIEW_OR_ARCHIVE,https://www.arcgis.com/home/item.html?id=af2181821da34797b5e75582bf776208
StoryMaps,Piping Plover Range,LEGACY,LOW,0,0,0,0,58,REVIEW_OR_ARCHIVE,https://www.arcgis.com/home/item.html?id=43233343415a47bfaa56835bfeb9d665
acarroll_storymaps,Piping Plover Range,LEGACY,LOW,0,0,0,0,58,REVIEW_OR_ARCHIVE,https://www.arcgis.com/home/item.html?id=e60268ba7a7b4ff38d3d9cc97ec0600a
FedGISContent,Places,LEGACY,LOW,0,0,0,0,58,REVIEW_OR_ARCHIVE,https://www.arcgis.com/home/item.html?id=51e4bed5c22a4e90abc7759511647291
mystories,Planet Hunter,LEGACY,LOW,0,0,0,0,58,REVIEW_OR_ARCHIVE,https://www.arcgis.com/home/item.html?id=a8c6f9b579534fbaafea63aa0c0de9b7
StoryMaps,playlist_test,LEGACY,LOW,0,0,0,0,58,REVIEW_OR_ARCHIVE,https://www.arcgis.com/home/item.html?id=db29b5d012f84712908bb3980e041f80
StoryMaps,PNPM Indonesia offices,LEGACY,LOW,0,0,0,0,58,REVIEW_OR_ARCHIVE,https://www.arcgis.com/home/item.html?id=c57ebb9022fa4b44ac481446ece6fb12
StoryMaps,Pop-up config map,LEGACY,LOW,0,0,0,0,58,REVIEW_OR_ARCHIVE,https://www.arcgis.com/home/item.html?id=68a89a06a840454e9a5acc9399c87999
acarroll73,Population Change 2000-2010,LEGACY,LOW,0,0,0,0,58,REVIEW_OR_ARCHIVE,https://www.arcgis.com/home/item.html?id=7863e6e2cfab49879da5b0053df62cec
acarroll73,Population density,LEGACY,LOW,0,0,0,0,58,REVIEW_OR_ARCHIVE,https://www.arcgis.com/home/item.html?id=bf92c36b78b34effa336e0b8461eef69
StoryMaps,Population density and the elderly,LEGACY,LOW,0,0,0,0,58,REVIEW_OR_ARCHIVE,https://www.arcgis.com/home/item.html?id=2bd2e1aeaf1b49d1bf21d5a33b88ed8f
FedGISContent,Population Density Urban Observe,LEGACY,LOW,0,0,0,0,58,REVIEW_OR_ARCHIVE,https://www.arcgis.com/home/item.html?id=a137ead941f14760ac60630576430124
StoryMaps,Population growth by county between 2012 & 2013,LEGACY,LOW,0,0,0,0,58,REVIEW_OR_ARCHIVE,https://www.arcgis.com/home/item.html?id=3a98546a882944a2b40cb1a3bd3fa092
FedGISContent,Predicted Population Growth Rate from 2012 - 2017,LEGACY,LOW,0,0,0,0,58,REVIEW_OR_ARCHIVE,https://www.arcgis.com/home/item.html?id=ab2fd7c3efe246758fecbe7ab840ba7f
skitterman,Private Service mappy,LEGACY,LOW,0,0,0,0,58,REVIEW_OR_ARCHIVE,https://www.arcgis.com/home/item.html?id=84dfd7810640470890673d4557f0b0fd
skitterman,Profile Pictures,LEGACY,LOW,0,0,0,0,58,REVIEW_OR_ARCHIVE,https://www.arcgis.com/home/item.html?id=d646947c75744c9aa2d3a859b0e88921
skitterman,Profile Pictures,LEGACY,LOW,0,0,0,0,58,REVIEW_OR_ARCHIVE,https://www.arcgis.com/home/item.html?id=5a38aaf3e55b490fbc73593eb5fac6f6
StoryMaps,Progress Toward the Millennium Development Goals,LEGACY,LOW,0,0,0,0,58,REVIEW_OR_ARCHIVE,https://www.arcgis.com/home/item.html?id=9f3be37852a04f1caade152b006d6607
acarroll73,Protected Areas of Peru,LEGACY,LOW,0,0,0,0,58,REVIEW_OR_ARCHIVE,https://www.arcgis.com/home/item.html?id=30994a65758d462396a26616a0c155c0
acarroll73,Protected areas: Brazil,LEGACY,LOW,0,0,0,0,58,REVIEW_OR_ARCHIVE,https://www.arcgis.com/home/item.html?id=4c591890c700465fb73227ab485633b5
StoryMaps,Proxy-Test,LEGACY,LOW,0,0,0,0,58,REVIEW_OR_ARCHIVE,https://www.arcgis.com/home/item.html?id=1679cb22ffbf40ca9e5e509ee7322a0c
StoryMaps,PUG - demo imagery,LEGACY,LOW,0,0,0,0,58,REVIEW_OR_ARCHIVE,https://www.arcgis.com/home/item.html?id=f18858d1c3f54c448178e519ba709dd9
StoryMaps,PUG - demo topo,LEGACY,LOW,0,0,0,0,58,REVIEW_OR_ARCHIVE,https://www.arcgis.com/home/item.html?id=39634f9c20af449592e1ffb4aed08413
StoryMaps,PUG Demo Map Tour,LEGACY,LOW,0,0,0,0,58,REVIEW_OR_ARCHIVE,https://www.arcgis.com/home/item.html?id=8fb78e6181fd45bbb8bf69153b909c9b
StoryMaps,pug-2013-clancy,LEGACY,LOW,0,0,0,0,58,REVIEW_OR_ARCHIVE,https://www.arcgis.com/home/item.html?id=adf680a9318f42a4a38836875e120746
StoryMaps,pug-testfs,LEGACY,LOW,0,0,0,0,58,REVIEW_OR_ARCHIVE,https://www.arcgis.com/home/item.html?id=79525eacdfd345c3a5fb460fa0431673
sabinebarrera,Punta Arenas,LEGACY,LOW,0,0,0,0,58,REVIEW_OR_ARCHIVE,https://www.arcgis.com/home/item.html?id=16a77940c270474d931e8e9823e12fa6
sabinebarrera,Map Service Test,LEGACY,LOW,0,0,0,0,58,REVIEW_OR_ARCHIVE,https://www.arcgis.com/home/item.html?id=3eff0bfc8ea848458849622dd61be7ee
FedGISContent,Kenya Purchasing Power vs. Health Facilities,LEGACY,LOW,0,0,0,0,58,REVIEW_OR_ARCHIVE,https://www.arcgis.com/home/item.html?id=bc1425ff3dd04f01b8af9fa126eb4804
StoryMaps,Kepler Telescope,LEGACY,LOW,0,0,0,0,58,REVIEW_OR_ARCHIVE,https://www.arcgis.com/home/item.html?id=f140c24644154dcda4ccd7b80e99638e
StoryMaps,Kepler telscope,LEGACY,LOW,0,0,0,0,58,REVIEW_OR_ARCHIVE,https://www.arcgis.com/home/item.html?id=7792d63ad3494161a3996e752b30f9cc
acarroll73,Map trio 1: nuclear power plants,LEGACY,LOW,0,0,0,0,58,REVIEW_OR_ARCHIVE,https://www.arcgis.com/home/item.html?id=63e485bed45145eabda1d99e05fe4bed
acarroll73,Keystone Pipeline,LEGACY,LOW,0,0,0,0,58,REVIEW_OR_ARCHIVE,https://www.arcgis.com/home/item.html?id=2444e99e2ed7450db6e7bc2619ccf5a9
acarroll73,Map trio 2: population,LEGACY,LOW,0,0,0,0,58,REVIEW_OR_ARCHIVE,https://www.arcgis.com/home/item.html?id=c309eee2b8994105be09659b5cff42c1
acarroll73,Keystone Pipeline and Ecoregions,LEGACY,LOW,0,0,0,0,58,REVIEW_OR_ARCHIVE,https://www.arcgis.com/home/item.html?id=e746e79e556c43a6ba1052f58651130c
acarroll73,Map Trio 3: earthquake faults,LEGACY,LOW,0,0,0,0,58,REVIEW_OR_ARCHIVE,https://www.arcgis.com/home/item.html?id=425c7af0608243058a31352315fd119a
acarroll73,Keystone Pipeline and Land Cover,LEGACY,LOW,0,0,0,0,58,REVIEW_OR_ARCHIVE,https://www.arcgis.com/home/item.html?id=bf4e6799027a47138f15a9b7fb9d7956
sabinebarrera,Mapa Mundi,LEGACY,LOW,0,0,0,0,58,REVIEW_OR_ARCHIVE,https://www.arcgis.com/home/item.html?id=ed8de976cc07420daf597e1f697bada9
acarroll73,Keystone Pipeline and Rivers,LEGACY,LOW,0,0,0,0,58,REVIEW_OR_ARCHIVE,https://www.arcgis.com/home/item.html?id=567b5d9a91d6435a8ed51fc2c6e1ba68
dasbury_storymaps,MapBox tiles test,LEGACY,LOW,0,0,0,0,58,REVIEW_OR_ARCHIVE,https://www.arcgis.com/home/item.html?id=49dc27a5d1c541e2886929ea23732783
StoryMaps,Khadija Movement,LEGACY,LOW,0,0,0,0,58,REVIEW_OR_ARCHIVE,https://www.arcgis.com/home/item.html?id=82957e4350ea48ad9843fca1cf2eca5d
StoryMaps,Lake Okeechobee Hurricane - 1928,LEGACY,LOW,0,0,0,0,58,REVIEW_OR_ARCHIVE,https://www.arcgis.com/home/item.html?id=fd1eebc83dd942feb0e1015e1df81eaf
StoryMaps,mapstack_test-Copy,LEGACY,LOW,0,0,0,0,58,REVIEW_OR_ARCHIVE,https://www.arcgis.com/home/item.html?id=30cf642adc1d494d96cf2ceed69bc6f5
StoryMaps,Land Forms and Ecosystems,LEGACY,LOW,0,0,0,0,58,REVIEW_OR_ARCHIVE,https://www.arcgis.com/home/item.html?id=c6da9465a1b246e4928ae0aa2a1a4219
FedGISContent,Landsat 8 Image Map,LEGACY,LOW,0,0,0,0,58,REVIEW_OR_ARCHIVE,https://www.arcgis.com/home/item.html?id=a244c59b7c5348b099bee46c31b6f63e
dasbury_storymaps,Landsat 8 Layers-Copy,LEGACY,LOW,0,0,0,0,58,REVIEW_OR_ARCHIVE,https://www.arcgis.com/home/item.html?id=a1894e1da7e6420e8ed81d76ca376d6c
StoryMaps,maptour-130222-webmap,LEGACY,LOW,0,0,0,0,58,REVIEW_OR_ARCHIVE,https://www.arcgis.com/home/item.html?id=617051465dbd4ae3832f7a0a4c9d1207
StoryMaps,maptour-psp3,LEGACY,LOW,0,0,0,0,58,REVIEW_OR_ARCHIVE,https://www.arcgis.com/home/item.html?id=dfa87d94deec4f38991aa7b84d019208
FedGISContent,Landsat8 Services-africa,LEGACY,LOW,0,0,0,0,58,REVIEW_OR_ARCHIVE,https://www.arcgis.com/home/item.html?id=2d0bdb0f8c4941c8b1b407d561fabacf
FedGISContent,Landsat8 Services-FedGIS,LEGACY,LOW,0,0,0,0,58,REVIEW_OR_ARCHIVE,https://www.arcgis.com/home/item.html?id=3b50aba3b8a7410faf731acd99f80715
StoryMaps,Landscape and Protected Areas,LEGACY,LOW,0,0,0,0,58,REVIEW_OR_ARCHIVE,https://www.arcgis.com/home/item.html?id=9b3308cc63874d228b88e6b224adc03c
FedGISContent,Landscape Stuff,LEGACY,LOW,0,0,0,0,58,REVIEW_OR_ARCHIVE,https://www.arcgis.com/home/item.html?id=5f2aac1ab3e84625bd379373e75001b7
StoryMaps,LandScope articles and photos,LEGACY,LOW,0,0,0,0,58,REVIEW_OR_ARCHIVE,https://www.arcgis.com/home/item.html?id=4ba8957d415e44b19f4b8f685871e8f7
StoryMaps,Lee's Mars Map,LEGACY,LOW,0,0,0,0,58,REVIEW_OR_ARCHIVE,https://www.arcgis.com/home/item.html?id=3bf6368fa70647adaad630db014e70c9
StoryMaps,Lee's Test Google Spreadsheet Map,LEGACY,LOW,0,0,0,0,58,REVIEW_OR_ARCHIVE,https://www.arcgis.com/home/item.html?id=55ab75c32fff4761afbaf809a3c70881
StoryMaps,Lee's Test Multi-layer Map,LEGACY,LOW,0,0,0,0,58,REVIEW_OR_ARCHIVE,https://www.arcgis.com/home/item.html?id=01aa7b0cc94e46968551520e279c2d88
StoryMaps,Leopold Leadership Program,LEGACY,LOW,0,0,0,0,58,REVIEW_OR_ARCHIVE,https://www.arcgis.com/home/item.html?id=b419c120f46848cc9c040b7c926d9df0
StoryMaps,Light Gray plus Shaded Relief,LEGACY,LOW,0,0,0,0,58,REVIEW_OR_ARCHIVE,https://www.arcgis.com/home/item.html?id=62303d0822454f37ab7551f2ed70cff5
FedGISContent,Local Impact & Owner Occupied Housing,LEGACY,LOW,0,0,0,0,58,REVIEW_OR_ARCHIVE,https://www.arcgis.com/home/item.html?id=6dea85d10b41417aa13a52986bb359c8
StoryMaps,Los Angeles 1880 copy,LEGACY,LOW,0,0,0,0,58,REVIEW_OR_ARCHIVE,https://www.arcgis.com/home/item.html?id=4ec2074aca004c0285b319d212626a8d
acarroll73,Lower Mekong River,LEGACY,LOW,0,0,0,0,58,REVIEW_OR_ARCHIVE,https://www.arcgis.com/home/item.html?id=caad1a69b47c421abcd911f31c148ce1
acarroll73,"Lunchtime walk, Vienna Virginia",LEGACY,LOW,0,0,0,0,58,REVIEW_OR_ARCHIVE,https://www.arcgis.com/home/item.html?id=217abb6236894f84b436216936a0eebc
dasbury_storymaps,LWOP,LEGACY,LOW,0,0,0,0,58,REVIEW_OR_ARCHIVE,https://www.arcgis.com/home/item.html?id=4f90017f789c4732b11480a16f51bd66
acarroll73,Lymphoma benefit bicycle ride 2011,LEGACY,LOW,0,0,0,0,58,REVIEW_OR_ARCHIVE,https://www.arcgis.com/home/item.html?id=31e044546a8946c3b674cb0f7e241a9a
StoryMaps,Lymphoma Research Ride 2012,LEGACY,LOW,0,0,0,0,58,REVIEW_OR_ARCHIVE,https://www.arcgis.com/home/item.html?id=abd17066b0c2424ea34161d1e5d5ae82
StoryMaps,Maker Mayors and Maker Cities,LEGACY,LOW,0,0,0,0,58,REVIEW_OR_ARCHIVE,https://www.arcgis.com/home/item.html?id=f37107fcb19d43b287c857b8be0df042
StoryMaps,Making History...GIS and Women-Copy,LEGACY,LOW,0,0,0,0,58,REVIEW_OR_ARCHIVE,https://www.arcgis.com/home/item.html?id=720acfcfac1a44c691a4703716c2bb27
StoryMaps,Malaria,LEGACY,LOW,0,0,0,0,58,REVIEW_OR_ARCHIVE,https://www.arcgis.com/home/item.html?id=d4270a89788a4a46877dd19d5569d9ee
StoryMaps,Malaria Cases and Deaths,LEGACY,LOW,0,0,0,0,58,REVIEW_OR_ARCHIVE,https://www.arcgis.com/home/item.html?id=ff068d7dde50443cad60f6dcbbb61455
StoryMaps,Malaria-Copy with .csv country points,LEGACY,LOW,0,0,0,0,58,REVIEW_OR_ARCHIVE,https://www.arcgis.com/home/item.html?id=85fd962bb9504a5cad857b4b1db1ffad
mystories,Mangroves: Nature's Defense Against Climate Change,LEGACY,LOW,0,0,0,0,58,REVIEW_OR_ARCHIVE,https://www.arcgis.com/home/item.html?id=15565c85874947a298b0708e659302a1
owen.storymaps,Map Journal B: Section 1 Map,LEGACY,LOW,0,0,0,0,58,REVIEW_OR_ARCHIVE,https://www.arcgis.com/home/item.html?id=3405c5a982d54e978916ff10928b1acc
owen.storymaps,Map Journal B: Section 2 Map,LEGACY,LOW,0,0,0,0,58,REVIEW_OR_ARCHIVE,https://www.arcgis.com/home/item.html?id=7138f0c9e32a401a9b1692d34bb8da58
owen.storymaps,Map Journal B: Section 3 Map,LEGACY,LOW,0,0,0,0,58,REVIEW_OR_ARCHIVE,https://www.arcgis.com/home/item.html?id=1d7de448bf524aaf930c46e51676d2e0
owen.storymaps,Map Journal B: Section 4 Map,LEGACY,LOW,0,0,0,0,58,REVIEW_OR_ARCHIVE,https://www.arcgis.com/home/item.html?id=17181f1057714eb5b0f82ab57b7ac9b2
owen.storymaps,Map Journal B: Section 5 Map,LEGACY,LOW,0,0,0,0,58,REVIEW_OR_ARCHIVE,https://www.arcgis.com/home/item.html?id=913965a8425e434da3a95c5d975609b2
glazou2,MapTourCollectorDemo,LEGACY,LOW,0,0,0,0,58,REVIEW_OR_ARCHIVE,https://www.arcgis.com/home/item.html?id=b57010d896c7429aacfe18a9764bac72
StoryMaps,Marriage Equality - State Laws,LEGACY,LOW,0,0,0,0,58,REVIEW_OR_ARCHIVE,https://www.arcgis.com/home/item.html?id=7d5241288c8e476496a7a83699ac6c91
dasbury_storymaps,Mars,LEGACY,LOW,0,0,0,0,58,REVIEW_OR_ARCHIVE,https://www.arcgis.com/home/item.html?id=f7d6ca79a2e644e6af3df56e3fd2c986
dasbury_storymaps,Mars - Color + Hillshade,LEGACY,LOW,0,0,0,0,58,REVIEW_OR_ARCHIVE,https://www.arcgis.com/home/item.html?id=a6ff55a2837d49f681f242cf289d67dd
StoryMaps,Mars - Color + Hillshade & Sites,LEGACY,LOW,0,0,0,0,58,REVIEW_OR_ARCHIVE,https://www.arcgis.com/home/item.html?id=76c3d4d58a614730b4a212c448628ae9
StoryMaps,Mars Rovers,LEGACY,LOW,0,0,0,0,58,REVIEW_OR_ARCHIVE,https://www.arcgis.com/home/item.html?id=7ab5f488af7a4ceda8615a2a2cfee166
acarroll73,"Maryland Home Value Change, 2008-2009",LEGACY,LOW,0,0,0,0,58,REVIEW_OR_ARCHIVE,https://www.arcgis.com/home/item.html?id=8438f48a8ae04213a0e937b480c05968
acarroll73,Maryland Median Household Income 2009,LEGACY,LOW,0,0,0,0,58,REVIEW_OR_ARCHIVE,https://www.arcgis.com/home/item.html?id=b9512917947642489a8e8852de8b7065
acarroll73,Maryland Population Density 2009,LEGACY,LOW,0,0,0,0,58,REVIEW_OR_ARCHIVE,https://www.arcgis.com/home/item.html?id=72f3ca1c7c594c89abf8bfcfc69c7b04
acarroll73,"Maryland Population Growth Rate, 2009-2014",LEGACY,LOW,0,0,0,0,58,REVIEW_OR_ARCHIVE,https://www.arcgis.com/home/item.html?id=dce8e48c3d624cf49c24c73cb26561bb
acarroll73,Maryland Unemployment Rate 2009,LEGACY,LOW,0,0,0,0,58,REVIEW_OR_ARCHIVE,https://www.arcgis.com/home/item.html?id=9240e5a29c8f43e9bd283672b0a50424
acarroll73,Median Household Income,LEGACY,LOW,0,0,0,0,58,REVIEW_OR_ARCHIVE,https://www.arcgis.com/home/item.html?id=0d70ee461fae4541b6e90d3fa071cc93
StoryMaps,Median Household Income,LEGACY,LOW,0,0,0,0,58,REVIEW_OR_ARCHIVE,https://www.arcgis.com/home/item.html?id=4859188482e6490481132468e01232b6
StoryMaps,MetaTest_da,LEGACY,LOW,0,0,0,0,58,REVIEW_OR_ARCHIVE,https://www.arcgis.com/home/item.html?id=6d7492f1db8a4d4f9f8718ef1eecb66a
StoryMaps,"Michigan: Cities, townships and school districts - a study in balkanization",LEGACY,LOW,0,0,0,0,58,REVIEW_OR_ARCHIVE,https://www.arcgis.com/home/item.html?id=280d8c06b6b64a6f8af531f20b7d6b44
sabinebarrera,Microbrewery,LEGACY,LOW,0,0,0,0,58,REVIEW_OR_ARCHIVE,https://www.arcgis.com/home/item.html?id=85939a8c5b5e4ae88934ba048fa1bf84
StoryMaps,Micropolitan Statistical Area Population Change 2012-2013,LEGACY,LOW,0,0,0,0,58,REVIEW_OR_ARCHIVE,https://www.arcgis.com/home/item.html?id=2f81cc332a6048c2a657f67006109be2
StoryMaps,MidWest,LEGACY,LOW,0,0,0,0,58,REVIEW_OR_ARCHIVE,https://www.arcgis.com/home/item.html?id=e726210189a44bf79b34f248515aa51c
acarroll73,Mobile Cell Subscription Trends,LEGACY,LOW,0,0,0,0,58,REVIEW_OR_ARCHIVE,https://www.arcgis.com/home/item.html?id=e00a598f0ec149e191be32e7cb4cbabc
sabinebarrera,Montana - Fires,LEGACY,LOW,0,0,0,0,58,REVIEW_OR_ARCHIVE,https://www.arcgis.com/home/item.html?id=ad850fb99ea346a0950d9f6a952ce890
StoryMaps,Montgomery County loop,LEGACY,LOW,0,0,0,0,58,REVIEW_OR_ARCHIVE,https://www.arcgis.com/home/item.html?id=f9aa0d8b48da40908b086de088344b50
StoryMaps,Monument Men: Draft Web Map,LEGACY,LOW,0,0,0,0,58,REVIEW_OR_ARCHIVE,https://www.arcgis.com/home/item.html?id=4bd74222b4bc44b8bbbf7a972289b821
StoryMaps,Monuments Men: Saving Europe's Plundered Treasures,LEGACY,LOW,0,0,0,0,58,REVIEW_OR_ARCHIVE,https://www.arcgis.com/home/item.html?id=962b44f5590a4800955d4c55033021b5
StoryMaps,Moore 1 Year Anniversary,LEGACY,LOW,0,0,0,0,58,REVIEW_OR_ARCHIVE,https://www.arcgis.com/home/item.html?id=d2036163227b46c3b53fc8f7beeba376
StoryMaps,Moore Oklahoma Post-Tornado Imagery Map-Copy-Copy,LEGACY,LOW,0,0,0,0,58,REVIEW_OR_ARCHIVE,https://www.arcgis.com/home/item.html?id=1a4f9b481b0a4b049b550c56816eccc7
StoryMaps,Moore Oklahoma Post-Tornado Imagery_2013,LEGACY,LOW,0,0,0,0,58,REVIEW_OR_ARCHIVE,https://www.arcgis.com/home/item.html?id=93b2957857364e7c98f6dbf49263e57d
StoryMaps,Moore_1YR Cached,LEGACY,LOW,0,0,0,0,58,REVIEW_OR_ARCHIVE,https://www.arcgis.com/home/item.html?id=a67b923047514ef9b7ef60d1855f0c22
sabinebarrera,Mountain Bike Trails - Northern CA-Copy,LEGACY,LOW,0,0,0,0,58,REVIEW_OR_ARCHIVE,https://www.arcgis.com/home/item.html?id=432b8ee06d344d0c86a6a6ff9c597cee
StoryMaps,Mountain Venues,LEGACY,LOW,0,0,0,0,58,REVIEW_OR_ARCHIVE,https://www.arcgis.com/home/item.html?id=304a3ebd52a94dfa8744240dd690bf4b
StoryMaps,"Shale basins, fracking, oil and gas wells",LEGACY,LOW,0,0,0,0,58,REVIEW_OR_ARCHIVE,https://www.arcgis.com/home/item.html?id=678756535fac48699c366eee928497a3
dasbury_storymaps,"Shale basins, fracking, oil and gas wells-Copy",LEGACY,LOW,0,0,0,0,58,REVIEW_OR_ARCHIVE,https://www.arcgis.com/home/item.html?id=04d96683d5694bd893ffcb199947c42a
StoryMaps,"Share of ""green"" and ""blue"" urban areas",LEGACY,LOW,0,0,0,0,58,REVIEW_OR_ARCHIVE,https://www.arcgis.com/home/item.html?id=9571fdb0ff854073a5011acf967d9674
StoryMaps,Shared Countdown Satellite Map,LEGACY,LOW,0,0,0,0,58,REVIEW_OR_ARCHIVE,https://www.arcgis.com/home/item.html?id=aaeeb088f21e42d6abf6204fac61aeb8
skitterman,Shortlist test map - Shortlist builder,LEGACY,LOW,0,0,0,0,58,REVIEW_OR_ARCHIVE,https://www.arcgis.com/home/item.html?id=b25ef78924eb4271983ca355e922601e
skitterman,Shortlist test map - Shortlist builder,LEGACY,LOW,0,0,0,0,58,REVIEW_OR_ARCHIVE,https://www.arcgis.com/home/item.html?id=f7aadfa60e93430b83c0786fb0fc7716
skitterman,Shortlist test map - Shortlist builder,LEGACY,LOW,0,0,0,0,58,REVIEW_OR_ARCHIVE,https://www.arcgis.com/home/item.html?id=2db887635bf64647a4b215aa3a75f674
skitterman,Shortlist test map - Shortlist builder,LEGACY,LOW,0,0,0,0,58,REVIEW_OR_ARCHIVE,https://www.arcgis.com/home/item.html?id=d6c2458e1e9f43c8a92389e6e217716d
skitterman,Shortlist test map - Shortlist builder,LEGACY,LOW,0,0,0,0,58,REVIEW_OR_ARCHIVE,https://www.arcgis.com/home/item.html?id=545cb9693b57468281a6170131fab8a1
StoryMaps,Slow Lorises are viewable at many U.S. zoos,LEGACY,LOW,0,0,0,0,58,REVIEW_OR_ARCHIVE,https://www.arcgis.com/home/item.html?id=e56581f9dbbf4dc8b9759bd72b1217d3
StoryMaps,Slow Lorises are viewable at many U.S. zoos,LEGACY,LOW,0,0,0,0,58,REVIEW_OR_ARCHIVE,https://www.arcgis.com/home/item.html?id=d4bb21a72d0b45b3a363829a8e40e738
dasbury_storymaps,Smith Family Heritage,LEGACY,LOW,0,0,0,0,58,REVIEW_OR_ARCHIVE,https://www.arcgis.com/home/item.html?id=299828004e9648c7abb2225fccd35fe5
StoryMaps,Smithsonian Folkways Holiday Music Map,LEGACY,LOW,0,0,0,0,58,REVIEW_OR_ARCHIVE,https://www.arcgis.com/home/item.html?id=776832cc44b3498d92d8af2eb0c27e5f
StoryMaps,Smithsonian Journeys,LEGACY,LOW,0,0,0,0,58,REVIEW_OR_ARCHIVE,https://www.arcgis.com/home/item.html?id=406810b6bd484d4eb50d11df75a68c2e
StoryMaps,Smithsonian's 20 Best Small Towns to Visit in 2013 (and 2012)-Embed,LEGACY,LOW,0,0,0,0,58,REVIEW_OR_ARCHIVE,https://www.arcgis.com/home/item.html?id=be7f34cb2f6f47799d5fec3f061ac6b9
skitterman,Snap test,LEGACY,LOW,0,0,0,0,58,REVIEW_OR_ARCHIVE,https://www.arcgis.com/home/item.html?id=84d9d662c71e40aa9960e98a906052e5
skitterman,Snappy to Maloy,LEGACY,LOW,0,0,0,0,58,REVIEW_OR_ARCHIVE,https://www.arcgis.com/home/item.html?id=a9ff94c1aa6b4f2c843084929c431390
FedGISContent,Sochi Demographics,LEGACY,LOW,0,0,0,0,58,REVIEW_OR_ARCHIVE,https://www.arcgis.com/home/item.html?id=f8fef190c63f405b82ed5737106c843a
FedGISContent,Sochi Imagery Map (Content),LEGACY,LOW,0,0,0,0,58,REVIEW_OR_ARCHIVE,https://www.arcgis.com/home/item.html?id=7404ba166a4d47fb87fc3e6c7ac79130
StoryMaps,Social sentiment,LEGACY,LOW,0,0,0,0,58,REVIEW_OR_ARCHIVE,https://www.arcgis.com/home/item.html?id=13da391fc4a8486885c6dcafed59939f
StoryMaps,Solutions Journalism Network's Series on Global Health,LEGACY,LOW,0,0,0,0,58,REVIEW_OR_ARCHIVE,https://www.arcgis.com/home/item.html?id=699d2245b743447eb29ade2736902c2c
sabinebarrera,South America Population,LEGACY,LOW,0,0,0,0,58,REVIEW_OR_ARCHIVE,https://www.arcgis.com/home/item.html?id=d5cfb32dda84420f8387041028279f93
StoryMaps,South West Regional Climate Resilience,LEGACY,LOW,0,0,0,0,58,REVIEW_OR_ARCHIVE,https://www.arcgis.com/home/item.html?id=618053b1c8194059b4e655bf73999f0b
sabinebarrera,Southern Cali Trails,LEGACY,LOW,0,0,0,0,58,REVIEW_OR_ARCHIVE,https://www.arcgis.com/home/item.html?id=8277454dbc514955abc7e9da8fbfebb8
acarroll73,SpecialPlaces Prototype (mockup),LEGACY,LOW,0,0,0,0,58,REVIEW_OR_ARCHIVE,https://www.arcgis.com/home/item.html?id=5dd8110b590c46f29a6e6527a51f66e7
StoryMaps,St. Croix Demo,LEGACY,LOW,0,0,0,0,58,REVIEW_OR_ARCHIVE,https://www.arcgis.com/home/item.html?id=b562d2acaf1648b5868c4358e941d994
StoryMaps,Stamen Watercolor,LEGACY,LOW,0,0,0,0,58,REVIEW_OR_ARCHIVE,https://www.arcgis.com/home/item.html?id=c78146e76106421bbef83537184e6aea
StoryMaps,Starbucks Bean to Cup,LEGACY,LOW,0,0,0,0,58,REVIEW_OR_ARCHIVE,https://www.arcgis.com/home/item.html?id=a28da6fcb07f45d3920ad16e42d48c3f
acarroll73,Steep Declines in U.S. House Prices,LEGACY,LOW,0,0,0,0,58,REVIEW_OR_ARCHIVE,https://www.arcgis.com/home/item.html?id=00abdb4e583d4cd5b1196d1905e4c4ce
StoryMaps,STEM schools,LEGACY,LOW,0,0,0,0,58,REVIEW_OR_ARCHIVE,https://www.arcgis.com/home/item.html?id=8048e290f7e042cca505cb0f071eb009
acarroll73,Stephen Brown's Aconcagua Climb,LEGACY,LOW,0,0,0,0,58,REVIEW_OR_ARCHIVE,https://www.arcgis.com/home/item.html?id=891edc51821b41bf8324ec83abc615f7
StoryMaps,Superstorm Sandy Before and After,LEGACY,LOW,0,0,0,0,58,REVIEW_OR_ARCHIVE,https://www.arcgis.com/home/item.html?id=88710945d8f74d49bde12d9e9c92321a
StoryMaps,Swainson's hawk test map,LEGACY,LOW,0,0,0,0,58,REVIEW_OR_ARCHIVE,https://www.arcgis.com/home/item.html?id=da357146d7a34134861d5689ba616501
sabinebarrera,Tactical Location,LEGACY,LOW,0,0,0,0,58,REVIEW_OR_ARCHIVE,https://www.arcgis.com/home/item.html?id=0eca0b2517ab4429b42d9d7eb91d548f
acarroll73,Talking Map of Endangered Languages,LEGACY,LOW,0,0,0,0,58,REVIEW_OR_ARCHIVE,https://www.arcgis.com/home/item.html?id=0304014f34334800b2194dfd002fc4e7
StoryMaps,Ten Best Geological Sites,LEGACY,LOW,0,0,0,0,58,REVIEW_OR_ARCHIVE,https://www.arcgis.com/home/item.html?id=8c07591874864bff9fe894b628ff234e
acarroll73,Ten Wealthiest and Ten Least Wealthy Zip Codes,LEGACY,LOW,0,0,0,0,58,REVIEW_OR_ARCHIVE,https://www.arcgis.com/home/item.html?id=c2c394e5632f4e29a5f07284d2ccd1bd
FedGISContent,Terrain Map,LEGACY,LOW,0,0,0,0,58,REVIEW_OR_ARCHIVE,https://www.arcgis.com/home/item.html?id=0ad4e1df11be40d981e55b68cc493911
glazou2,Test,LEGACY,LOW,0,0,0,0,58,REVIEW_OR_ARCHIVE,https://www.arcgis.com/home/item.html?id=ef571972030949438f9c30eadc71e5e5
StoryMaps,Test,LEGACY,LOW,0,0,0,0,58,REVIEW_OR_ARCHIVE,https://www.arcgis.com/home/item.html?id=e93b4841d8494d9886a073cc4702aa6b
skitterman,New York trip,LEGACY,LOW,0,0,0,0,58,REVIEW_OR_ARCHIVE,https://www.arcgis.com/home/item.html?id=6bb295979663472d862e0b753baf559a
sabinebarrera,New Zeland,LEGACY,LOW,0,0,0,0,58,REVIEW_OR_ARCHIVE,https://www.arcgis.com/home/item.html?id=d6c2b341846f41ccbc63643dc9e743ba
acarroll73,NHD on terrain base,LEGACY,LOW,0,0,0,0,58,REVIEW_OR_ARCHIVE,https://www.arcgis.com/home/item.html?id=4f720f55fa5a4b01bb0cdc921ba86fcc
sabinebarrera,No Popup,LEGACY,LOW,0,0,0,0,58,REVIEW_OR_ARCHIVE,https://www.arcgis.com/home/item.html?id=f5ecac22506f43bebe81033c82872e10
StoryMaps,NOAA coastal map,LEGACY,LOW,0,0,0,0,58,REVIEW_OR_ARCHIVE,https://www.arcgis.com/home/item.html?id=a1d3be5b0ddd4de98050b86569949837
StoryMaps,NOAA Tornado Tracks-Copy,LEGACY,LOW,0,0,0,0,58,REVIEW_OR_ARCHIVE,https://www.arcgis.com/home/item.html?id=f13003fb9b9a495988f35021242eb0dc
sabinebarrera,North & Central America Population,LEGACY,LOW,0,0,0,0,58,REVIEW_OR_ARCHIVE,https://www.arcgis.com/home/item.html?id=999c1fd1d2384227ab292b1cbb7d1eca
StoryMaps,North America 1811 copy,LEGACY,LOW,0,0,0,0,58,REVIEW_OR_ARCHIVE,https://www.arcgis.com/home/item.html?id=f9344b591ce34f0d95e8816535adfa0f
StoryMaps,North East Climate Resilience,LEGACY,LOW,0,0,0,0,58,REVIEW_OR_ARCHIVE,https://www.arcgis.com/home/item.html?id=7b0d530b102c4a99aa2bff9ef27887fd
sabinebarrera,North Vancouver NAD,LEGACY,LOW,0,0,0,0,58,REVIEW_OR_ARCHIVE,https://www.arcgis.com/home/item.html?id=6f9e4983fe334a53887f093689389669
StoryMaps,Nuclear Weapons Stockpiles,LEGACY,LOW,0,0,0,0,58,REVIEW_OR_ARCHIVE,https://www.arcgis.com/home/item.html?id=9b00b8f807f24bd1a9deb9bd0291553f
StoryMaps,Nuke events test map,LEGACY,LOW,0,0,0,0,58,REVIEW_OR_ARCHIVE,https://www.arcgis.com/home/item.html?id=2deafe12f67b4ce4af92b786fb0731cc
StoryMaps,Nuke events test map: Yucca Flats,LEGACY,LOW,0,0,0,0,58,REVIEW_OR_ARCHIVE,https://www.arcgis.com/home/item.html?id=106793271142463180dd0deb10faa245
sabinebarrera,NYC Links,LEGACY,LOW,0,0,0,0,58,REVIEW_OR_ARCHIVE,https://www.arcgis.com/home/item.html?id=cbfb18d8c61b4fb38c7bcea76f879b8c
StoryMaps,NYC Place Matters: 1,LEGACY,LOW,0,0,0,0,58,REVIEW_OR_ARCHIVE,https://www.arcgis.com/home/item.html?id=9f27819efbb44cabb8a64b75c27a933c
StoryMaps,NYC Place Matters: 2,LEGACY,LOW,0,0,0,0,58,REVIEW_OR_ARCHIVE,https://www.arcgis.com/home/item.html?id=32edd2ed2b384b7c8f051b78ae3b88d3
StoryMaps,NYC Place Matters: 3,LEGACY,LOW,0,0,0,0,58,REVIEW_OR_ARCHIVE,https://www.arcgis.com/home/item.html?id=e054329eac35401fa9be489e2abf28bc
StoryMaps,NYC Place Matters: 4,LEGACY,LOW,0,0,0,0,58,REVIEW_OR_ARCHIVE,https://www.arcgis.com/home/item.html?id=860e6e5644984f65925ed4db9269b55f
acarroll73,NYC Place Matters: with Parks,LEGACY,LOW,0,0,0,0,58,REVIEW_OR_ARCHIVE,https://www.arcgis.com/home/item.html?id=b3b47157ffae407b9edf09e2ff3ffff0
StoryMaps,Obesity,LEGACY,LOW,0,0,0,0,58,REVIEW_OR_ARCHIVE,https://www.arcgis.com/home/item.html?id=554b6dea9e3d44428bf35764882f52d3
dasbury_storymaps,Obesity rates,LEGACY,LOW,0,0,0,0,58,REVIEW_OR_ARCHIVE,https://www.arcgis.com/home/item.html?id=81e804a8aeca4961a3728aaa9b9607b6
acarroll73,Oceans atlas sampler,LEGACY,LOW,0,0,0,0,58,REVIEW_OR_ARCHIVE,https://www.arcgis.com/home/item.html?id=5936093aa1a24801bcaa112d43a99dde
acarroll73,Oceans Basemap Plus Nat Geo map,LEGACY,LOW,0,0,0,0,58,REVIEW_OR_ARCHIVE,https://www.arcgis.com/home/item.html?id=2b0b2474375a463ab13e18917bb24bcc
StoryMaps,Olympic Cities,LEGACY,LOW,0,0,0,0,58,REVIEW_OR_ARCHIVE,https://www.arcgis.com/home/item.html?id=615262d42c6a4852bfdff9ecae663bee
StoryMaps,Olympic Medals by Country,LEGACY,LOW,0,0,0,0,58,REVIEW_OR_ARCHIVE,https://www.arcgis.com/home/item.html?id=aa8c55454b474633bec9eda8da9158bc
StoryMaps,Paris Population Density-Copy,LEGACY,LOW,0,0,0,0,58,REVIEW_OR_ARCHIVE,https://www.arcgis.com/home/item.html?id=0ad79942431c4e8b8069ae948f068e30
StoryMaps,Paris_Transit_Access-Copy,LEGACY,LOW,0,0,0,0,58,REVIEW_OR_ARCHIVE,https://www.arcgis.com/home/item.html?id=b8dd2cf7719d40fc851b256602717b09
acarroll73,"Participation in presidential elections, 1980-2008",LEGACY,LOW,0,0,0,0,58,REVIEW_OR_ARCHIVE,https://www.arcgis.com/home/item.html?id=756c3307cd2342e5881ad051123f3ce4
StoryMaps,Paul Salopek's Route,LEGACY,LOW,0,0,0,0,58,REVIEW_OR_ARCHIVE,https://www.arcgis.com/home/item.html?id=cd2ce75e3e6740759320ed2e711f06f9
StoryMaps,qweqwe,LEGACY,LOW,0,0,0,0,58,REVIEW_OR_ARCHIVE,https://www.arcgis.com/home/item.html?id=8c79cb2b8eb647ebb06dc6e2dbb538b4
StoryMaps,test,LEGACY,LOW,0,0,0,0,58,REVIEW_OR_ARCHIVE,https://www.arcgis.com/home/item.html?id=83fe1a8ee50f4ec8a221cb5ec029f555
StoryMaps,RE Test 1,LEGACY,LOW,0,0,0,0,58,REVIEW_OR_ARCHIVE,https://www.arcgis.com/home/item.html?id=a4ced79a172743a9926422cc050cb5c1
glazou2,test,LEGACY,LOW,0,0,0,0,58,REVIEW_OR_ARCHIVE,https://www.arcgis.com/home/item.html?id=6ca6b1857c864e17b59659933953fafc
StoryMaps,Reader's City Suggestions,LEGACY,LOW,0,0,0,0,58,REVIEW_OR_ARCHIVE,https://www.arcgis.com/home/item.html?id=ceab7d55b04345d18331653cde7d39b7
acarroll73,Real-Time Dashboard mockup,LEGACY,LOW,0,0,0,0,58,REVIEW_OR_ARCHIVE,https://www.arcgis.com/home/item.html?id=c6b3610811384da3a6f8a6d57f21f8cc
acarroll73,Recovery Act News,LEGACY,LOW,0,0,0,0,58,REVIEW_OR_ARCHIVE,https://www.arcgis.com/home/item.html?id=75e917f778cc4e798007c7bc6add33b6
acarroll73,Recovery Project News Stories,LEGACY,LOW,0,0,0,0,58,REVIEW_OR_ARCHIVE,https://www.arcgis.com/home/item.html?id=444379017074461784d88f4f86fb3e5a
glazou2,Test,LEGACY,LOW,0,0,0,0,58,REVIEW_OR_ARCHIVE,https://www.arcgis.com/home/item.html?id=cb8e430cc67e4c4ea4a84977646cf896
StoryMaps,Red List point map,LEGACY,LOW,0,0,0,0,58,REVIEW_OR_ARCHIVE,https://www.arcgis.com/home/item.html?id=c76ed088d50745bf8327c93132165687
StoryMaps,Red List species map,LEGACY,LOW,0,0,0,0,58,REVIEW_OR_ARCHIVE,https://www.arcgis.com/home/item.html?id=892ef364a00543f08f961b70eb210535
acarroll73,"Refugee camps in Dolo Ado, Ethiopia",LEGACY,LOW,0,0,0,0,58,REVIEW_OR_ARCHIVE,https://www.arcgis.com/home/item.html?id=e96fa88c9fc64512a4a45663c694c791
StoryMaps,Refugees: Country of Asylum,LEGACY,LOW,0,0,0,0,58,REVIEW_OR_ARCHIVE,https://www.arcgis.com/home/item.html?id=5fa9df176473421f9463a26b73c99063
StoryMaps,Refugees: Country of Origin,LEGACY,LOW,0,0,0,0,58,REVIEW_OR_ARCHIVE,https://www.arcgis.com/home/item.html?id=a5f45f0b56fa48f8b31b417434aef029
StoryMaps,Regional Climate Resilience,LEGACY,LOW,0,0,0,0,58,REVIEW_OR_ARCHIVE,https://www.arcgis.com/home/item.html?id=c01d9139824648669659aa927f2e0943
StoryMaps,Renewable Electricity Generation,LEGACY,LOW,0,0,0,0,58,REVIEW_OR_ARCHIVE,https://www.arcgis.com/home/item.html?id=f982f6124595416c949f40e7c9707da2
StoryMaps,Renewable electricity in depth - non-hydro,LEGACY,LOW,0,0,0,0,58,REVIEW_OR_ARCHIVE,https://www.arcgis.com/home/item.html?id=b612163ac1384afead6544c3feadf9ce
StoryMaps,Rescue Centers strive to interrupt the illegal transport of Slow Lorises,LEGACY,LOW,0,0,0,0,58,REVIEW_OR_ARCHIVE,https://www.arcgis.com/home/item.html?id=2ae310e4ed24490abd1272e2e6ecdb60
StoryMaps_services,Rhino poaching incidents in South Africa,LEGACY,LOW,0,0,0,0,58,REVIEW_OR_ARCHIVE,https://www.arcgis.com/home/item.html?id=a63e4640f3c4499faee32811c85e82b5
StoryMaps_services,Rhino poaching incidents in South Africa-2010,LEGACY,LOW,0,0,0,0,58,REVIEW_OR_ARCHIVE,https://www.arcgis.com/home/item.html?id=bcb49fbef50547bc88c5cc4009a5d473
StoryMaps_services,Rhino population-AGOL services,LEGACY,LOW,0,0,0,0,58,REVIEW_OR_ARCHIVE,https://www.arcgis.com/home/item.html?id=6090e728ba1a4807a17cd5b7ae5643b7
StoryMaps,Richest And Poorest,LEGACY,LOW,0,0,0,0,58,REVIEW_OR_ARCHIVE,https://www.arcgis.com/home/item.html?id=23c60afb8586424593a16be4dbb24943
sabinebarrera,Riverside_SR,LEGACY,LOW,0,0,0,0,58,REVIEW_OR_ARCHIVE,https://www.arcgis.com/home/item.html?id=ef9335ed22ad491b86a05299bc6b93e1
sabinebarrera,Riverside_SR-TempCopy,LEGACY,LOW,0,0,0,0,58,REVIEW_OR_ARCHIVE,https://www.arcgis.com/home/item.html?id=3c4c1022e2f44673b30897edfbbc54ac
sabinebarrera,Riverside_SR-TempCopyBrokenBasemapUrl,LEGACY,LOW,0,0,0,0,58,REVIEW_OR_ARCHIVE,https://www.arcgis.com/home/item.html?id=7c65f5ef5baf46a6b1d52470df63f0e0
StoryMaps,Roadtrips- USA,LEGACY,LOW,0,0,0,0,58,REVIEW_OR_ARCHIVE,https://www.arcgis.com/home/item.html?id=a7228aff1da448de8b03da9dcacf7d8f
acarroll73,Roots & Shoots Projects,LEGACY,LOW,0,0,0,0,58,REVIEW_OR_ARCHIVE,https://www.arcgis.com/home/item.html?id=05721222e4b14e1787663f4f1f835c4b
acarroll73,Roots & Shoots Projects-NG Basemap,LEGACY,LOW,0,0,0,0,58,REVIEW_OR_ARCHIVE,https://www.arcgis.com/home/item.html?id=85c5604123434d8bb62985e53d83986f
acarroll73,Roots & Shoots Projects-World Topo Basemap,LEGACY,LOW,0,0,0,0,58,REVIEW_OR_ARCHIVE,https://www.arcgis.com/home/item.html?id=fa2b4fbc0029499fbd880337d59abac4
StoryMaps,Rupert Snap2Map test 4 Not working well Android,LEGACY,LOW,0,0,0,0,58,REVIEW_OR_ARCHIVE,https://www.arcgis.com/home/item.html?id=e5d4a7470b1d41c096913cfe543939d8
storymapslegacy,Russian Terrorism,LEGACY,LOW,0,0,0,0,58,REVIEW_OR_ARCHIVE,https://www.arcgis.com/home/item.html?id=b47ed7163e404617bf02dd21296c2b67
StoryMaps,Russians in Crimea-Copy,LEGACY,LOW,0,0,0,0,58,REVIEW_OR_ARCHIVE,https://www.arcgis.com/home/item.html?id=f079460d4a1646b583d5dc226da292e5
sabinebarrera,Sabine Test,LEGACY,LOW,0,0,0,0,58,REVIEW_OR_ARCHIVE,https://www.arcgis.com/home/item.html?id=d5ab6ac029ed414bb8fd86249ac161cd
StoryMaps,Same-Sex Marriage Acceptance Index,LEGACY,LOW,0,0,0,0,58,REVIEW_OR_ARCHIVE,https://www.arcgis.com/home/item.html?id=679bd95e2a26491b99433f6ae10981f5
StoryMaps,Sample Countdown Map,LEGACY,LOW,0,0,0,0,58,REVIEW_OR_ARCHIVE,https://www.arcgis.com/home/item.html?id=caca75ada5f14f1dad84a560db831a50
StoryMaps,Sandy Damage Estimates,LEGACY,LOW,0,0,0,0,58,REVIEW_OR_ARCHIVE,https://www.arcgis.com/home/item.html?id=9b121165b47447c4a8a534807bf8c812
StoryMaps,Sandy Storm Surge,LEGACY,LOW,0,0,0,0,58,REVIEW_OR_ARCHIVE,https://www.arcgis.com/home/item.html?id=a26ff868c6034672b7d1b8e9e1611cc1
glazou2,SCALEVIS,LEGACY,LOW,0,0,0,0,58,REVIEW_OR_ARCHIVE,https://www.arcgis.com/home/item.html?id=ff81fa897f234095b82bd1f44759e1a8
acarroll73,Sears and Kmart Closings vs. Retail Spending Patterns,LEGACY,LOW,0,0,0,0,58,REVIEW_OR_ARCHIVE,https://www.arcgis.com/home/item.html?id=fd84b2c8a0a64ed6b89410f4618edd09
sabinebarrera,Secure_MapService,LEGACY,LOW,0,0,0,0,58,REVIEW_OR_ARCHIVE,https://www.arcgis.com/home/item.html?id=99923a55ab1943fab860e6f7b424694d
glazou2,Test - Project Web Map,LEGACY,LOW,0,0,0,0,58,REVIEW_OR_ARCHIVE,https://www.arcgis.com/home/item.html?id=ccb17383006b4f7fa897549b0ac3f6d7
StoryMaps,test greg,LEGACY,LOW,0,0,0,0,58,REVIEW_OR_ARCHIVE,https://www.arcgis.com/home/item.html?id=d44a77219a6d46528cf12f591c1542b0
StoryMaps,Test map for Collector app,LEGACY,LOW,0,0,0,0,58,REVIEW_OR_ARCHIVE,https://www.arcgis.com/home/item.html?id=b8622dd3845c44d293ee50f579e1a777
StoryMaps,Test MapBuilder Web Map,LEGACY,LOW,0,0,0,0,58,REVIEW_OR_ARCHIVE,https://www.arcgis.com/home/item.html?id=6c67eda4630c4a4387567c0567c62282
StoryMaps,Test webmap of FL zip codes shapefile,LEGACY,LOW,0,0,0,0,58,REVIEW_OR_ARCHIVE,https://www.arcgis.com/home/item.html?id=e8302782bf1847f6bb40ba21f4288fd3
glazou2,test wms,LEGACY,LOW,0,0,0,0,58,REVIEW_OR_ARCHIVE,https://www.arcgis.com/home/item.html?id=45ccd363fcce478ba3317685e0625b84
glazou2,TEST-EXTENT-ISSUE,LEGACY,LOW,0,0,0,0,58,REVIEW_OR_ARCHIVE,https://www.arcgis.com/home/item.html?id=89d8ccaeb25f4f6aad0b855ceb9c0dd0
glazou2,TEST-ISSUE-ZOOM,LEGACY,LOW,0,0,0,0,58,REVIEW_OR_ARCHIVE,https://www.arcgis.com/home/item.html?id=4f4cb668d998430d87147642e3bb67a4
glazou2,testdynams,LEGACY,LOW,0,0,0,0,58,REVIEW_OR_ARCHIVE,https://www.arcgis.com/home/item.html?id=9199e266167248f5a0bf598bf0ac5655
glazou2,TestGreg_dispatchers,LEGACY,LOW,0,0,0,0,58,REVIEW_OR_ARCHIVE,https://www.arcgis.com/home/item.html?id=a55d71e613f64b45bbcadf27dda737d9
glazou2,TestGreg_workers,LEGACY,LOW,0,0,0,0,58,REVIEW_OR_ARCHIVE,https://www.arcgis.com/home/item.html?id=06131a1e95aa4b03b0c91891df43f98c
StoryMaps,testsharing1,LEGACY,LOW,0,0,0,0,58,REVIEW_OR_ARCHIVE,https://www.arcgis.com/home/item.html?id=8113e87ab81a45c5b1249be8adc4fd43
StoryMaps,Thanksgiving - Albers composite,LEGACY,LOW,0,0,0,0,58,REVIEW_OR_ARCHIVE,https://www.arcgis.com/home/item.html?id=1ae7aa88604247db9896ca610a33e57e
StoryMaps,Thanksgiving Cranberries,LEGACY,LOW,0,0,0,0,58,REVIEW_OR_ARCHIVE,https://www.arcgis.com/home/item.html?id=f72874f3ef154bddbbb7492786259eae
StoryMaps,Thanksgiving Grean Beans,LEGACY,LOW,0,0,0,0,58,REVIEW_OR_ARCHIVE,https://www.arcgis.com/home/item.html?id=4ab7cabf02a2421f951b39941ae16ab4
StoryMaps,Thanksgiving Sweet Potatoes,LEGACY,LOW,0,0,0,0,58,REVIEW_OR_ARCHIVE,https://www.arcgis.com/home/item.html?id=f959446292c14d8cae1420191f2f18be
StoryMaps,The Best and Worst Counties for Adult Obesity and Diabetes-Copy,LEGACY,LOW,0,0,0,0,58,REVIEW_OR_ARCHIVE,https://www.arcgis.com/home/item.html?id=e9219f8415f343ff9452a7c5e4886364
StoryMaps,The Cellular Explosion,LEGACY,LOW,0,0,0,0,58,REVIEW_OR_ARCHIVE,https://www.arcgis.com/home/item.html?id=bad21f9519424457b88c501af453ca9a
StoryMaps,The Center of the World,LEGACY,LOW,0,0,0,0,58,REVIEW_OR_ARCHIVE,https://www.arcgis.com/home/item.html?id=eeec219c7c8148fcb8673f6033ac7bbf
StoryMaps,The Great Miami Hurricane - 1926,LEGACY,LOW,0,0,0,0,58,REVIEW_OR_ARCHIVE,https://www.arcgis.com/home/item.html?id=be6253ba32ce4258b3c06a03ae4af65d
StoryMaps,The Great New England Hurricane - 1938,LEGACY,LOW,0,0,0,0,58,REVIEW_OR_ARCHIVE,https://www.arcgis.com/home/item.html?id=a54162344af148dcafd0ce48e958fd6b
StoryMaps,The linked burdens of obesity and diabetes - duplicate,LEGACY,LOW,0,0,0,0,58,REVIEW_OR_ARCHIVE,https://www.arcgis.com/home/item.html?id=daad45eed06a4482a3003b73f9257f38
StoryMaps,The linked burdens of obesity and diabetes-version 1,LEGACY,LOW,0,0,0,0,58,REVIEW_OR_ARCHIVE,https://www.arcgis.com/home/item.html?id=75039404fce44f8488ace0663e4b19f5
skitterman,"The Most Beutiful Places on Earth, Pt. 1",LEGACY,LOW,0,0,0,0,58,REVIEW_OR_ARCHIVE,https://www.arcgis.com/home/item.html?id=c10d8b15b62a4849bb95b0f5d1e0fe2a
StoryMaps,The most polluted cities in America,LEGACY,LOW,0,0,0,0,58,REVIEW_OR_ARCHIVE,https://www.arcgis.com/home/item.html?id=45eaa2b3056a49169d4cc6f79bf2b4b3
acarroll73,The Nat Geo Basemap,LEGACY,LOW,0,0,0,0,58,REVIEW_OR_ARCHIVE,https://www.arcgis.com/home/item.html?id=41d2d84b410e4e1db3e2c8c29f013a5d
skitterman,The ocean for fun,LEGACY,LOW,0,0,0,0,58,REVIEW_OR_ARCHIVE,https://www.arcgis.com/home/item.html?id=d1e4ce382e4840808c9f2586eb65fc40
acarroll73,The Persistent Plague of Urban Unemployment,LEGACY,LOW,0,0,0,0,58,REVIEW_OR_ARCHIVE,https://www.arcgis.com/home/item.html?id=bc66268444744e058d7e3a146d86f145
StoryMaps,The Sochi Winter Games: Coastal Cluster,LEGACY,LOW,0,0,0,0,58,REVIEW_OR_ARCHIVE,https://www.arcgis.com/home/item.html?id=40f95d64b1e64aba9215e5b524e67601
StoryMaps,The Sochi Winter Games: Events and Venues,LEGACY,LOW,0,0,0,0,58,REVIEW_OR_ARCHIVE,https://www.arcgis.com/home/item.html?id=b1b18cd4a530428db1cccb0d5b3bfd6c
StoryMaps,The Sochi Winter Games: Locator,LEGACY,LOW,0,0,0,0,58,REVIEW_OR_ARCHIVE,https://www.arcgis.com/home/item.html?id=c103265dcf1a45079892235d114545a5
StoryMaps,The Sochi Winter Games: Mountain Cluster,LEGACY,LOW,0,0,0,0,58,REVIEW_OR_ARCHIVE,https://www.arcgis.com/home/item.html?id=8b26d58197cf49e6866275f53886f44c
StoryMaps,The Sochi Winter Games: Venues by Sport,LEGACY,LOW,0,0,0,0,58,REVIEW_OR_ARCHIVE,https://www.arcgis.com/home/item.html?id=1aa35af098b6463d811ca27af0994357
acarroll73,My life in maps: work in progress,LEGACY,LOW,0,0,0,0,58,REVIEW_OR_ARCHIVE,https://www.arcgis.com/home/item.html?id=85998bfbed9e4682ab7b1a16c32ac9e2
StoryMaps,My new swipe demo,LEGACY,LOW,0,0,0,0,58,REVIEW_OR_ARCHIVE,https://www.arcgis.com/home/item.html?id=7364928d010a4630a37dccf478927c1a
StoryMaps,My SL,LEGACY,LOW,0,0,0,0,58,REVIEW_OR_ARCHIVE,https://www.arcgis.com/home/item.html?id=e5d45086b29145b180d488cebf5529c2
skitterman,My Title,LEGACY,LOW,0,0,0,0,58,REVIEW_OR_ARCHIVE,https://www.arcgis.com/home/item.html?id=1595c6370e704278839fd80c78c9afb2
acarroll73,My UNESCO World Heritage Sites,LEGACY,LOW,0,0,0,0,58,REVIEW_OR_ARCHIVE,https://www.arcgis.com/home/item.html?id=b23b7b9be44e4d8c8284bcf9575b91eb
StoryMaps,My walk to work,LEGACY,LOW,0,0,0,0,58,REVIEW_OR_ARCHIVE,https://www.arcgis.com/home/item.html?id=d546d73b0b644948be6ebe6fd4d88083
acarroll73,National Geographic Giant Maps,LEGACY,LOW,0,0,0,0,58,REVIEW_OR_ARCHIVE,https://www.arcgis.com/home/item.html?id=77ce2c84d32e4d2595b57f36ee7b72de
acarroll73,National Geographic World Map (Latest Prototype)-,LEGACY,LOW,0,0,0,0,58,REVIEW_OR_ARCHIVE,https://www.arcgis.com/home/item.html?id=af01342f3a704f8c952e0733e23d140e
acarroll73,National Geographic World Map (Latest Prototype)--JJV Level 10 Edit,LEGACY,LOW,0,0,0,0,58,REVIEW_OR_ARCHIVE,https://www.arcgis.com/home/item.html?id=0d0cd7d1e96349f994e550f295788d15
acarroll73,National Geographic World Map (Latest Prototype)--JJV Level 5 Edit,LEGACY,LOW,0,0,0,0,58,REVIEW_OR_ARCHIVE,https://www.arcgis.com/home/item.html?id=8dd1e2837b664d0fad9f86cf43ff0671
acarroll73,National Geographic World Map (Latest Prototype)--JJV Level 8 Edit,LEGACY,LOW,0,0,0,0,58,REVIEW_OR_ARCHIVE,https://www.arcgis.com/home/item.html?id=5489749d3cdf4c74a19d180315737f14
acarroll73,National Geographic World Map (Latest Prototype)--JJV Level 9 Edit,LEGACY,LOW,0,0,0,0,58,REVIEW_OR_ARCHIVE,https://www.arcgis.com/home/item.html?id=0acd0290a3b143c2a21cb268dbc1f766
acarroll73,National Geographic World Map (Latest Prototype)--Layer 7 JJV Edit,LEGACY,LOW,0,0,0,0,58,REVIEW_OR_ARCHIVE,https://www.arcgis.com/home/item.html?id=ed7e94f0511e4bca95021f2574fca45a
acarroll73,National Geographic World Map (Latest Prototype)-JJV Level 2 Edit-Copy,LEGACY,LOW,0,0,0,0,58,REVIEW_OR_ARCHIVE,https://www.arcgis.com/home/item.html?id=637ebc41cb6d4f3a8755bf0d4a9005f7
acarroll73,National Geographic World Map (Latest Prototype)-JJV Level 3 Edit,LEGACY,LOW,0,0,0,0,58,REVIEW_OR_ARCHIVE,https://www.arcgis.com/home/item.html?id=5ae842b72f484b80ac8cca72febecdf7
acarroll73,National Geographic World Map (Latest Prototype)-JJV Level 4 Edits,LEGACY,LOW,0,0,0,0,58,REVIEW_OR_ARCHIVE,https://www.arcgis.com/home/item.html?id=ac394024ebce4f688dd30a70d96512ed
acarroll73,National Geographic World Map (Latest Prototype)-JJV Level 6 Edit,LEGACY,LOW,0,0,0,0,58,REVIEW_OR_ARCHIVE,https://www.arcgis.com/home/item.html?id=6e91ac0f94b645288f25d7e7f7810bca
StoryMaps,National Monuments-Copy,LEGACY,LOW,0,0,0,0,58,REVIEW_OR_ARCHIVE,https://www.arcgis.com/home/item.html?id=0cef20f99d72431dac67aaa3b5a2689e
StoryMaps,National Wilderness Preservation System,LEGACY,LOW,0,0,0,0,58,REVIEW_OR_ARCHIVE,https://www.arcgis.com/home/item.html?id=5ee741dc610045b69fefd565ee0dc7bf
acarroll73,National Wildlife Refuges,LEGACY,LOW,0,0,0,0,58,REVIEW_OR_ARCHIVE,https://www.arcgis.com/home/item.html?id=cc84e254e78d4f958c7ee0e9c8676a5f
StoryMaps,National Wildlife Repository,LEGACY,LOW,0,0,0,0,58,REVIEW_OR_ARCHIVE,https://www.arcgis.com/home/item.html?id=bcb467174ce54691b547ab4f0c2dd148
acarroll73,"Natural Earth layers, etc.",LEGACY,LOW,0,0,0,0,58,REVIEW_OR_ARCHIVE,https://www.arcgis.com/home/item.html?id=7197ad0751504b68bad6df0267d25083
StoryMaps,Natural Landscapes of the U.S.,LEGACY,LOW,0,0,0,0,58,REVIEW_OR_ARCHIVE,https://www.arcgis.com/home/item.html?id=417f634b9812400f9327538e05054be3
StoryMaps,NaturalEarth basemap,LEGACY,LOW,0,0,0,0,58,REVIEW_OR_ARCHIVE,https://www.arcgis.com/home/item.html?id=0184394ca4884b09aedf76379b046524
StoryMaps,NaturalEarth basemap - Web Mercator,LEGACY,LOW,0,0,0,0,58,REVIEW_OR_ARCHIVE,https://www.arcgis.com/home/item.html?id=7cbe5985f28c4ea68e5ff5eff413e83f
acarroll73,NCAA Football Fanbases-Chris Olsen,LEGACY,LOW,0,0,0,0,58,REVIEW_OR_ARCHIVE,https://www.arcgis.com/home/item.html?id=adb65176103d4ee687c98aa6d5c8b586
StoryMaps,New Cities,LEGACY,LOW,0,0,0,0,58,REVIEW_OR_ARCHIVE,https://www.arcgis.com/home/item.html?id=bb7e788f230d463a87914a5d87048f78
acarroll73,New Madrid and other historical earthquakes,LEGACY,LOW,0,0,0,0,58,REVIEW_OR_ARCHIVE,https://www.arcgis.com/home/item.html?id=aabd3cf9459f4ca9af77bfd1475284b4
StoryMaps,New Madrid and Other U.S. Historical Earthquakes,LEGACY,LOW,0,0,0,0,58,REVIEW_OR_ARCHIVE,https://www.arcgis.com/home/item.html?id=1a29ea23fe044290a51547fc06ac5fcf
acarroll73,New Madrid and Other U.S. Historical Earthquakes,LEGACY,LOW,0,0,0,0,58,REVIEW_OR_ARCHIVE,https://www.arcgis.com/home/item.html?id=55e9b5b544ac490ca1bcc2f78a50c760
acarroll73,New Madrid Earthquake Accounts,LEGACY,LOW,0,0,0,0,58,REVIEW_OR_ARCHIVE,https://www.arcgis.com/home/item.html?id=1beb8f9352b44ce2a7c5c9b1046ff981
StoryMaps,New York City 1836 copy,LEGACY,LOW,0,0,0,0,58,REVIEW_OR_ARCHIVE,https://www.arcgis.com/home/item.html?id=a0f13f4e130044519cc627b3dd771cac
acarroll73,New York City Place Matters,LEGACY,LOW,0,0,0,0,58,REVIEW_OR_ARCHIVE,https://www.arcgis.com/home/item.html?id=50ece17e29ef4f22baec8a0db06008a7
StoryMaps,New York City Place Matters - final webmap,LEGACY,LOW,0,0,0,0,58,REVIEW_OR_ARCHIVE,https://www.arcgis.com/home/item.html?id=df2a8ff0742d44dda1a5f15b9de67e19
StoryMaps,New York City Place Matters - final webmap-Copy,LEGACY,LOW,0,0,0,0,58,REVIEW_OR_ARCHIVE,https://www.arcgis.com/home/item.html?id=3c9ab7258c8e453e8021e31dccd37a2f
acarroll73,New York City's Places that Matter-Basemap&Symbol experiment,LEGACY,LOW,0,0,0,0,58,REVIEW_OR_ARCHIVE,https://www.arcgis.com/home/item.html?id=238c73f216a642138c3761f41e6352ff
acarroll73,USA Poverty Rates,LEGACY,LOW,0,0,0,0,58,REVIEW_OR_ARCHIVE,https://www.arcgis.com/home/item.html?id=9c90766ea11848a190fd99bf778e3989
FedGISContent,USA Soil Survey - SD,LEGACY,LOW,0,0,0,0,58,REVIEW_OR_ARCHIVE,https://www.arcgis.com/home/item.html?id=24e1779461844c33b14dc9220566d117
StoryMaps,USDA Farmers Markets,LEGACY,LOW,0,0,0,0,58,REVIEW_OR_ARCHIVE,https://www.arcgis.com/home/item.html?id=a95d91e8e8394c7db6850534c04de288
FedGISContent,USGS Historical Map and Faults,LEGACY,LOW,0,0,0,0,58,REVIEW_OR_ARCHIVE,https://www.arcgis.com/home/item.html?id=44317e50f7a54c268ff0a357fc38100c
glazou2,USGS Shale Gas Basins and Plays-Copy,LEGACY,LOW,0,0,0,0,58,REVIEW_OR_ARCHIVE,https://www.arcgis.com/home/item.html?id=c0b0754e00064c62a36e52a7321e446a
StoryMaps,"Vacancy Rates for Owned Homes: U.S. States and Metropolitan Areas, 1995 - 2011",LEGACY,LOW,0,0,0,0,58,REVIEW_OR_ARCHIVE,https://www.arcgis.com/home/item.html?id=024ca75eb4c74742807f8690dd80c9cb
StoryMaps,"Vacancy Rates for Owned Homes: U.S. States and Metropolitan Areas, 1995 - 2011 - Revised",LEGACY,LOW,0,0,0,0,58,REVIEW_OR_ARCHIVE,https://www.arcgis.com/home/item.html?id=3b532924c8094fd9aca038fdc423e76c
StoryMaps,"Vacancy Rates for Rented Homes: U.S. States and Metropolitan Areas, 1995 - 2011",LEGACY,LOW,0,0,0,0,58,REVIEW_OR_ARCHIVE,https://www.arcgis.com/home/item.html?id=c7e015e30f6c42e39a0106d0bf540d7a
StoryMaps,"Vacancy Rates for Rented Homes: U.S. States and Metropolitan Areas, 1995 - 2011 - Revised",LEGACY,LOW,0,0,0,0,58,REVIEW_OR_ARCHIVE,https://www.arcgis.com/home/item.html?id=025c2e64ffdb4e81a63297807994755b
sabinebarrera,Vancouver - Buildings,LEGACY,LOW,0,0,0,0,58,REVIEW_OR_ARCHIVE,https://www.arcgis.com/home/item.html?id=40fb22d1a24946d1b29b77c892c8f55e
sabinebarrera,Vancouver - Buildings - No Address,LEGACY,LOW,0,0,0,0,58,REVIEW_OR_ARCHIVE,https://www.arcgis.com/home/item.html?id=ff536e8f80964f14b1468e0cf38d93de
sabinebarrera,Vancouver - Water Main,LEGACY,LOW,0,0,0,0,58,REVIEW_OR_ARCHIVE,https://www.arcgis.com/home/item.html?id=075a80b8d8bb4236b850a02959f191f6
sabinebarrera,Vancouver Assessments,LEGACY,LOW,0,0,0,0,58,REVIEW_OR_ARCHIVE,https://www.arcgis.com/home/item.html?id=a334a48e2ed74c968b94b65785060350
sabinebarrera,Vancouver_MS,LEGACY,LOW,0,0,0,0,58,REVIEW_OR_ARCHIVE,https://www.arcgis.com/home/item.html?id=088d8d78fc524ef8bd8734fdd3da81aa
acarroll73,The United Counties of Baseball 2011 on Canvas base,LEGACY,LOW,0,0,0,0,58,REVIEW_OR_ARCHIVE,https://www.arcgis.com/home/item.html?id=43b0b373f6874139aef97c180399a21a
StoryMaps,Venues by Sport Map,LEGACY,LOW,0,0,0,0,58,REVIEW_OR_ARCHIVE,https://www.arcgis.com/home/item.html?id=3ccbc48772aa4122b16389ce18d2eae7
StoryMaps,Vermont Farmers Markets,LEGACY,LOW,0,0,0,0,58,REVIEW_OR_ARCHIVE,https://www.arcgis.com/home/item.html?id=096e0e1b53774eed8f1ce45c380e0988
FedGISContent,View 5 - Faults of Yucaipa,LEGACY,LOW,0,0,0,0,58,REVIEW_OR_ARCHIVE,https://www.arcgis.com/home/item.html?id=c0006f89c2d4478198aed93422f63475
FedGISContent,View 6 - Global Faults,LEGACY,LOW,0,0,0,0,58,REVIEW_OR_ARCHIVE,https://www.arcgis.com/home/item.html?id=8a52ef5cdd2d452aa0e607a3db8d558b
FedGISContent,"View 7 - GAP Landcover, Columbia, South Carolina",LEGACY,LOW,0,0,0,0,58,REVIEW_OR_ARCHIVE,https://www.arcgis.com/home/item.html?id=66883999f2ac40a485d7c6ad430ccf41
FedGISContent,View 8 - The Sand Seas of the Namib Desert,LEGACY,LOW,0,0,0,0,58,REVIEW_OR_ARCHIVE,https://www.arcgis.com/home/item.html?id=6bcb82f2f65a43d7b954721b2d015d34
StoryMaps,"Visiting Rice University, March 2017",LEGACY,LOW,0,0,0,0,58,REVIEW_OR_ARCHIVE,https://www.arcgis.com/home/item.html?id=4eafcf40f3da42fb8075030388a1dc06
acarroll73,Voyage of the St. Louis,LEGACY,LOW,0,0,0,0,58,REVIEW_OR_ARCHIVE,https://www.arcgis.com/home/item.html?id=b33fcf9c36c949f88cf15b6eb9b0f247
acarroll73,Walking Tour of the National Mall,LEGACY,LOW,0,0,0,0,58,REVIEW_OR_ARCHIVE,https://www.arcgis.com/home/item.html?id=7ee09d25dd7846e5844e7f43e6caab49
StoryMaps,Washington DC 1851 and Today,LEGACY,LOW,0,0,0,0,58,REVIEW_OR_ARCHIVE,https://www.arcgis.com/home/item.html?id=e0f3d25505f14357a55b90fda715e5dc
FedGISContent,"Washington, DC Pop Change",LEGACY,LOW,0,0,0,0,58,REVIEW_OR_ARCHIVE,https://www.arcgis.com/home/item.html?id=78cb4cd92ce84dfca4354f2a57c1cef2
StoryMaps,Water Management,LEGACY,LOW,0,0,0,0,58,REVIEW_OR_ARCHIVE,https://www.arcgis.com/home/item.html?id=11b568b59ad84fe8804af8a1e0adad80
acarroll_storymaps,Water Use Efficiency,LEGACY,LOW,0,0,0,0,58,REVIEW_OR_ARCHIVE,https://www.arcgis.com/home/item.html?id=5e3625c219924889b49b6591084fab8d
StoryMaps,Watersheds and imperiled species,LEGACY,LOW,0,0,0,0,58,REVIEW_OR_ARCHIVE,https://www.arcgis.com/home/item.html?id=e12f664a022944bd82cd01e55c758225
sabinebarrera,WATS Projects,LEGACY,LOW,0,0,0,0,58,REVIEW_OR_ARCHIVE,https://www.arcgis.com/home/item.html?id=8b027a306e154770986a3298c855cb1c
StoryMaps,WCS range map,LEGACY,LOW,0,0,0,0,58,REVIEW_OR_ARCHIVE,https://www.arcgis.com/home/item.html?id=d93dda0c88b746ee9ee466681063fd3d
StoryMaps,WCS range map,LEGACY,LOW,0,0,0,0,58,REVIEW_OR_ARCHIVE,https://www.arcgis.com/home/item.html?id=50a6957ba915484588d21a653038f60d
StoryMaps,WCS range map,LEGACY,LOW,0,0,0,0,58,REVIEW_OR_ARCHIVE,https://www.arcgis.com/home/item.html?id=fe11057a9f274ca28d9966b6cf49fe72
StoryMaps,WCS range map,LEGACY,LOW,0,0,0,0,58,REVIEW_OR_ARCHIVE,https://www.arcgis.com/home/item.html?id=a78e9e3f4407447d8e73607bcd4fc744
StoryMaps,Web Map for Editing Malls,LEGACY,LOW,0,0,0,0,58,REVIEW_OR_ARCHIVE,https://www.arcgis.com/home/item.html?id=a3896a45851548a090712a89be6ae223
acarroll73,Where do People Live?,LEGACY,LOW,0,0,0,0,58,REVIEW_OR_ARCHIVE,https://www.arcgis.com/home/item.html?id=10c64edff010407aa767a8c799c8af1c
StoryMaps,White House Maker Faire Honored Makers,LEGACY,LOW,0,0,0,0,58,REVIEW_OR_ARCHIVE,https://www.arcgis.com/home/item.html?id=1e2784f61e604ae8b83627e57084cbbe
StoryMaps,White House Maker Faire: Exhibitors and Honored Makers,LEGACY,LOW,0,0,0,0,58,REVIEW_OR_ARCHIVE,https://www.arcgis.com/home/item.html?id=beb7ad903eb8459c92165f1916c5375d
StoryMaps,White House Maker Faire: Participating Libraries,LEGACY,LOW,0,0,0,0,58,REVIEW_OR_ARCHIVE,https://www.arcgis.com/home/item.html?id=dd4c5d6628b74bb49ea4700c1e18f024
StoryMaps,White House Maker Faire: Participating Universities,LEGACY,LOW,0,0,0,0,58,REVIEW_OR_ARCHIVE,https://www.arcgis.com/home/item.html?id=f6dbfaddf0cf481caa4099f48caeec6f
StoryMaps,White Nose Syndrome-Copy,LEGACY,LOW,0,0,0,0,58,REVIEW_OR_ARCHIVE,https://www.arcgis.com/home/item.html?id=71d610c325aa46ffade52b58c337409a
acarroll73,Wild and Scenic Rivers of the United States,LEGACY,LOW,0,0,0,0,58,REVIEW_OR_ARCHIVE,https://www.arcgis.com/home/item.html?id=8a95f0a385a6499fae91393c5309f62f
StoryMaps,Wild_Zoo Babies AGOL (final),LEGACY,LOW,0,0,0,0,58,REVIEW_OR_ARCHIVE,https://www.arcgis.com/home/item.html?id=79a7568bb38d4ee1adf5dacca438696f
StoryMaps,Wilderness Area Photo Contest Prototype 1,LEGACY,LOW,0,0,0,0,58,REVIEW_OR_ARCHIVE,https://www.arcgis.com/home/item.html?id=d9eb0944bf1241b3b26c08ded81132a4
StoryMaps,Wilderness areas,LEGACY,LOW,0,0,0,0,58,REVIEW_OR_ARCHIVE,https://www.arcgis.com/home/item.html?id=c5543a52d0d0465ca4ae703d43bf6390
StoryMaps,Wilderness Areas and no 3G Services,LEGACY,LOW,0,0,0,0,58,REVIEW_OR_ARCHIVE,https://www.arcgis.com/home/item.html?id=453fb85b4da9463786b2712bb6ee7e36
StoryMaps,Wilderness thematic map selection,LEGACY,LOW,0,0,0,0,58,REVIEW_OR_ARCHIVE,https://www.arcgis.com/home/item.html?id=d21aa1083521494b8fcb23d35e166a8a
StoryMaps,Wiley Post's Round-the-World Flight,LEGACY,LOW,0,0,0,0,58,REVIEW_OR_ARCHIVE,https://www.arcgis.com/home/item.html?id=9b8af56da418495b90019b4f65ba31ba
acarroll73,Wind Resource Potential and Wind Farm Locations,LEGACY,LOW,0,0,0,0,58,REVIEW_OR_ARCHIVE,https://www.arcgis.com/home/item.html?id=7f0ef89a31fe4734aee8bce374b37655
StoryMaps,WMS - Example,LEGACY,LOW,0,0,0,0,58,REVIEW_OR_ARCHIVE,https://www.arcgis.com/home/item.html?id=3fdf2ac8f4434573bd68f0f44f4b36bc
sabinebarrera,WMS with Legend,LEGACY,LOW,0,0,0,0,58,REVIEW_OR_ARCHIVE,https://www.arcgis.com/home/item.html?id=004d2a6abf5348758a22d15cebddd660
sabinebarrera,WMS with Legend 3,LEGACY,LOW,0,0,0,0,58,REVIEW_OR_ARCHIVE,https://www.arcgis.com/home/item.html?id=a5408221cc60490281b9dea1c4d4245d
StoryMaps,The wealthy live in relative isolation from less affluent populations,LEGACY,LOW,0,0,0,0,58,REVIEW_OR_ARCHIVE,https://www.arcgis.com/home/item.html?id=3c79920ead89453d8e7153857bd91a72
StoryMaps,The wealthy live in relative isolation from the less affluent,LEGACY,LOW,0,0,0,0,58,REVIEW_OR_ARCHIVE,https://www.arcgis.com/home/item.html?id=a895f596643e40c78333d4ec99bc9112
acarroll73,World Bank Gross Domestic Product,LEGACY,LOW,0,0,0,0,58,REVIEW_OR_ARCHIVE,https://www.arcgis.com/home/item.html?id=ed6e6412c5484c9d9f7853ef5497fc33
acarroll73,World Bank Headquarters and neighborhood,LEGACY,LOW,0,0,0,0,58,REVIEW_OR_ARCHIVE,https://www.arcgis.com/home/item.html?id=53ab42ed2a3c4fd7bdb726a76ecac702
acarroll73,World Bank Life Expectancy,LEGACY,LOW,0,0,0,0,58,REVIEW_OR_ARCHIVE,https://www.arcgis.com/home/item.html?id=237312eb41a445459760874f556780f5
acarroll73,The wealthy live in relative isolation from the less affluent,LEGACY,LOW,0,0,0,0,58,REVIEW_OR_ARCHIVE,https://www.arcgis.com/home/item.html?id=4b0b4ddc13264284b6f2438af0e37d4c
acarroll73,World Bank Per Capita Gross Domestic Product,LEGACY,LOW,0,0,0,0,58,REVIEW_OR_ARCHIVE,https://www.arcgis.com/home/item.html?id=71e7c3b3dcc542d289269f7cbdd820fd
StoryMaps,The wealthy live in relative isolation from the less affluent - final webmap,LEGACY,LOW,0,0,0,0,58,REVIEW_OR_ARCHIVE,https://www.arcgis.com/home/item.html?id=c1ba743728b14c858422e501a79bf304
acarroll73,World Bank Percent Rural Population,LEGACY,LOW,0,0,0,0,58,REVIEW_OR_ARCHIVE,https://www.arcgis.com/home/item.html?id=baaa8917407642a985c8698cd82239ac
sabinebarrera,thumbnail,LEGACY,LOW,0,0,0,0,58,REVIEW_OR_ARCHIVE,https://www.arcgis.com/home/item.html?id=9a0461483a2745c794b11f3d326e4ec9
acarroll73,World Bank Population Growth,LEGACY,LOW,0,0,0,0,58,REVIEW_OR_ARCHIVE,https://www.arcgis.com/home/item.html?id=246036023db1407daa8331316a843336
StoryMaps,Tokyo 1680,LEGACY,LOW,0,0,0,0,58,REVIEW_OR_ARCHIVE,https://www.arcgis.com/home/item.html?id=89b3a6e6ca964889b8e222b3f110658d
acarroll73,World Bank Projects in Georgia,LEGACY,LOW,0,0,0,0,58,REVIEW_OR_ARCHIVE,https://www.arcgis.com/home/item.html?id=648992fba6cd404b940d303b62502d0c
StoryMaps,Top Fifty Shopping Malls in the U.S.,LEGACY,LOW,0,0,0,0,58,REVIEW_OR_ARCHIVE,https://www.arcgis.com/home/item.html?id=4ac50a36511a4884b75bde89e6234730
StoryMaps,World Bank Projects in Georgia-Copy,LEGACY,LOW,0,0,0,0,58,REVIEW_OR_ARCHIVE,https://www.arcgis.com/home/item.html?id=9ed8b097771d4a5693f2c7af2645827f
StoryMaps,Top Ten Spenders,LEGACY,LOW,0,0,0,0,58,REVIEW_OR_ARCHIVE,https://www.arcgis.com/home/item.html?id=6791a41d5d7b488d86ad40a909e0cbb0
StoryMaps,World Bank Projects Map,LEGACY,LOW,0,0,0,0,58,REVIEW_OR_ARCHIVE,https://www.arcgis.com/home/item.html?id=acffde24baf741dcb952b7c632f1002c
StoryMaps,Topo - PUG Demo - test,LEGACY,LOW,0,0,0,0,58,REVIEW_OR_ARCHIVE,https://www.arcgis.com/home/item.html?id=3c2cbd3e28874914969a03519e9a03d3
acarroll73,World Ecoregions,LEGACY,LOW,0,0,0,0,58,REVIEW_OR_ARCHIVE,https://www.arcgis.com/home/item.html?id=469c60741d544580b3d4e23f16fe7105
StoryMaps,Tour of Washington DC,LEGACY,LOW,0,0,0,0,58,REVIEW_OR_ARCHIVE,https://www.arcgis.com/home/item.html?id=73139fc6357646af855867a29ee99690
StoryMaps,World Energy Consumption,LEGACY,LOW,0,0,0,0,58,REVIEW_OR_ARCHIVE,https://www.arcgis.com/home/item.html?id=a535b220350142df83f54615060f617a
acarroll73,World Heritage Demo,LEGACY,LOW,0,0,0,0,58,REVIEW_OR_ARCHIVE,https://www.arcgis.com/home/item.html?id=4d3d9fdb60954c22b694fc0e89995365
acarroll73,World Heritage Test,LEGACY,LOW,0,0,0,0,58,REVIEW_OR_ARCHIVE,https://www.arcgis.com/home/item.html?id=fd695d28daf44af2acde4e0ee7cd7f14
acarroll73,Toward a National GIS,LEGACY,LOW,0,0,0,0,58,REVIEW_OR_ARCHIVE,https://www.arcgis.com/home/item.html?id=a08963f7f4df4d2c85b249b35f441b1c
StoryMaps,World Population and Growth Rates,LEGACY,LOW,0,0,0,0,58,REVIEW_OR_ARCHIVE,https://www.arcgis.com/home/item.html?id=efa21fc460a245889b02e7fae70fbab8
dwright_storymaps,Traffic with Refresh-Copy,LEGACY,LOW,0,0,0,0,58,REVIEW_OR_ARCHIVE,https://www.arcgis.com/home/item.html?id=97ba62587c7e4a6b8b805b9952e72cef
StoryMaps,World's Fifty Largest Container Ports (publish),LEGACY,LOW,0,0,0,0,58,REVIEW_OR_ARCHIVE,https://www.arcgis.com/home/item.html?id=930979c835f44746b67538b9cd4d2d04
acarroll73,World's Largest Buildings,LEGACY,LOW,0,0,0,0,58,REVIEW_OR_ARCHIVE,https://www.arcgis.com/home/item.html?id=4d7c3ee928664035bc8161eedadaa827
StoryMaps,"Travels by President Obama and Vice President Biden, 2014",LEGACY,LOW,0,0,0,0,58,REVIEW_OR_ARCHIVE,https://www.arcgis.com/home/item.html?id=b616fe5978ec4d7ea714acbad946331a
StoryMaps,World's Tallest Buildings,LEGACY,LOW,0,0,0,0,58,REVIEW_OR_ARCHIVE,https://www.arcgis.com/home/item.html?id=65457a36ce4948b6815c998144f1aee9
StoryMaps,Travels of President Obama and the First Lady,LEGACY,LOW,0,0,0,0,58,REVIEW_OR_ARCHIVE,https://www.arcgis.com/home/item.html?id=6c20af1c626b4e82a81f85001066dd19
StoryMaps,World's Thirty Largest Cities,LEGACY,LOW,0,0,0,0,58,REVIEW_OR_ARCHIVE,https://www.arcgis.com/home/item.html?id=6594b48292dc429ca2284ea9f4e3f4f1
StoryMaps,Treasure Hunt: Cities,LEGACY,LOW,0,0,0,0,58,REVIEW_OR_ARCHIVE,https://www.arcgis.com/home/item.html?id=bdbac6c23b0e49a196854b8c9051b544
StoryMaps,xAfrica Ecoregions,LEGACY,LOW,0,0,0,0,58,REVIEW_OR_ARCHIVE,https://www.arcgis.com/home/item.html?id=3fbc691cd5ca48baaa58598dbda77b11
StoryMaps,Treasure Hunt: Mountains,LEGACY,LOW,0,0,0,0,58,REVIEW_OR_ARCHIVE,https://www.arcgis.com/home/item.html?id=762f7be4243f4505b0291f8e8adfd281
StoryMaps,xAll Eight Species of Slow Loris are threatened with extinction-Copy,LEGACY,LOW,0,0,0,0,58,REVIEW_OR_ARCHIVE,https://www.arcgis.com/home/item.html?id=cd9e8998885943efa09e0a8c27ff82f5
acarroll73,Trends in Urban Unemployment: 2006-2010,LEGACY,LOW,0,0,0,0,58,REVIEW_OR_ARCHIVE,https://www.arcgis.com/home/item.html?id=54019e66f2914d1e98b5610d2d2246f3
acarroll73,Trip map mockup,LEGACY,LOW,0,0,0,0,58,REVIEW_OR_ARCHIVE,https://www.arcgis.com/home/item.html?id=e258584ac0fb4cf7a0984727a1613596
StoryMaps_services,xComparing Metro and Micro Area Population Change 2012-2013 (Not used - right map),LEGACY,LOW,0,0,0,0,58,REVIEW_OR_ARCHIVE,https://www.arcgis.com/home/item.html?id=c65580ac979149a4a1d220de8a12ceee
sabinebarrera,Trips to South America,LEGACY,LOW,0,0,0,0,58,REVIEW_OR_ARCHIVE,https://www.arcgis.com/home/item.html?id=3f06e32942874490975fad1b4019e2dc
StoryMaps_services,xCounty population growth between 2012 and 2013 (right map),LEGACY,LOW,0,0,0,0,58,REVIEW_OR_ARCHIVE,https://www.arcgis.com/home/item.html?id=c37459141f694a22a7c43ca3558dc7b8
StoryMaps,ttest,LEGACY,LOW,0,0,0,0,58,REVIEW_OR_ARCHIVE,https://www.arcgis.com/home/item.html?id=f806d84a541a4cbd82162971bf7f68d8
StoryMaps,xDzanga Bai imagery,LEGACY,LOW,0,0,0,0,58,REVIEW_OR_ARCHIVE,https://www.arcgis.com/home/item.html?id=030c6b1b251a4816bf7d4c053e972814
StoryMaps,Turkeys per county,LEGACY,LOW,0,0,0,0,58,REVIEW_OR_ARCHIVE,https://www.arcgis.com/home/item.html?id=68ab028395d0450493b4e178e690a015
StoryMaps,xFunding,LEGACY,LOW,0,0,0,0,58,REVIEW_OR_ARCHIVE,https://www.arcgis.com/home/item.html?id=25169d1b9128448d9573fcea9c242354
StoryMaps_services,xMetro and micropolitan statistical area population growth 2002-2003 (old),LEGACY,LOW,0,0,0,0,58,REVIEW_OR_ARCHIVE,https://www.arcgis.com/home/item.html?id=166dcd4c8563476590d42ff0e5b32853
StoryMaps,xRescue Centers strive to interrupt the illegal transport of Slow Lorises-Copy,LEGACY,LOW,0,0,0,0,58,REVIEW_OR_ARCHIVE,https://www.arcgis.com/home/item.html?id=51c9a56fb43c493fa6e9362a7f24c1d7
StoryMaps,Typhoon Haiyan Post-Event Imagery Story Map,LEGACY,LOW,0,0,0,0,58,REVIEW_OR_ARCHIVE,https://www.arcgis.com/home/item.html?id=e26e40e5157448f08b6146312d2a0c8d
StoryMaps,U.S. Container Port Depths,LEGACY,LOW,0,0,0,0,58,REVIEW_OR_ARCHIVE,https://www.arcgis.com/home/item.html?id=05a7288bb9a9403383fd13f89a15bd67
StoryMaps,U.S. Container Port Depths-Copy,LEGACY,LOW,0,0,0,0,58,REVIEW_OR_ARCHIVE,https://www.arcgis.com/home/item.html?id=7a46a107060649d59fd75324fb526839
StoryMaps,xSlow Lorises are viewable at many U.S. zoos-Copy,LEGACY,LOW,0,0,0,0,58,REVIEW_OR_ARCHIVE,https://www.arcgis.com/home/item.html?id=9ea9ffeecfba44088899e8283390d0f9
StoryMaps,U.S. Diabetes Rates,LEGACY,LOW,0,0,0,0,58,REVIEW_OR_ARCHIVE,https://www.arcgis.com/home/item.html?id=b58c8609e6aa4644aaa1456a32a2cc48
StoryMaps,xTolerance,LEGACY,LOW,0,0,0,0,58,REVIEW_OR_ARCHIVE,https://www.arcgis.com/home/item.html?id=d58da9a80a0449c18420f87d8e17e1d5
StoryMaps,U.S. Protected Areas,LEGACY,LOW,0,0,0,0,58,REVIEW_OR_ARCHIVE,https://www.arcgis.com/home/item.html?id=455578813992434ea207092b32081534
acarroll73,"U.S. Unemployment, 2010",LEGACY,LOW,0,0,0,0,58,REVIEW_OR_ARCHIVE,https://www.arcgis.com/home/item.html?id=992cf95c3dde4ca39fc5782230f5f561
StoryMaps,UK Destinations,LEGACY,LOW,0,0,0,0,58,REVIEW_OR_ARCHIVE,https://www.arcgis.com/home/item.html?id=9d5e1037a3ce40628bd30f4907747545
skitterman,yar har har - Shortlist builder,LEGACY,LOW,0,0,0,0,58,REVIEW_OR_ARCHIVE,https://www.arcgis.com/home/item.html?id=3fc55f2f66084096a9aa23768b0a8e9f
StoryMaps,Ukraine: Russians in the east and south,LEGACY,LOW,0,0,0,0,58,REVIEW_OR_ARCHIVE,https://www.arcgis.com/home/item.html?id=4913bdeaeae34948a9bea6f7c967179d
skitterman,yar har har - Shortlist builder,LEGACY,LOW,0,0,0,0,58,REVIEW_OR_ARCHIVE,https://www.arcgis.com/home/item.html?id=f26a847c003c41e6b226fb0adc204cc3
StoryMaps,Ukrainians in Crimea-Copy,LEGACY,LOW,0,0,0,0,58,REVIEW_OR_ARCHIVE,https://www.arcgis.com/home/item.html?id=f827f500664342b6a980aad16434b05a
skitterman,yar har har - Shortlist builder,LEGACY,LOW,0,0,0,0,58,REVIEW_OR_ARCHIVE,https://www.arcgis.com/home/item.html?id=9754c7aa49604663af7ca516e253a054
acarroll73,Unemployment 2010,LEGACY,LOW,0,0,0,0,58,REVIEW_OR_ARCHIVE,https://www.arcgis.com/home/item.html?id=0cbec29dea974b809f9f9d00a2f20a34
skitterman,yar har har - Shortlist builder,LEGACY,LOW,0,0,0,0,58,REVIEW_OR_ARCHIVE,https://www.arcgis.com/home/item.html?id=36cc1e5e3ecf4c748900c10938cfcdfd
acarroll73,Unemployment and Population Change,LEGACY,LOW,0,0,0,0,58,REVIEW_OR_ARCHIVE,https://www.arcgis.com/home/item.html?id=9667b78b900e43dd9b640c8cbd531e7c
skitterman,yar har har - Shortlist builder,LEGACY,LOW,0,0,0,0,58,REVIEW_OR_ARCHIVE,https://www.arcgis.com/home/item.html?id=0c052f6442bd43baa404fe480d997135
acarroll73,Unemployment rate: 2010-Copy,LEGACY,LOW,0,0,0,0,58,REVIEW_OR_ARCHIVE,https://www.arcgis.com/home/item.html?id=9b0d52d2a93e4eeca7bbcd825e6e49f2
StoryMaps,Yellowstone Backcountry,LEGACY,LOW,0,0,0,0,58,REVIEW_OR_ARCHIVE,https://www.arcgis.com/home/item.html?id=b6bec0af7f734dfaa0b9cf08faedecb7
acarroll73,UNESCO World Heritage Sites,LEGACY,LOW,0,0,0,0,58,REVIEW_OR_ARCHIVE,https://www.arcgis.com/home/item.html?id=9aae75bf5d2c4ce7ad8341e3c291f724
StoryMaps,"Yellowstone Calderas, Faults, and Earthquakes",LEGACY,LOW,0,0,0,0,58,REVIEW_OR_ARCHIVE,https://www.arcgis.com/home/item.html?id=2c918ce820dd4d2bb99c5a0df77ab5fa
acarroll73,UNESCO World Heritage Sites - Satellite Imagery,LEGACY,LOW,0,0,0,0,58,REVIEW_OR_ARCHIVE,https://www.arcgis.com/home/item.html?id=2d9680b53ea94377b4d66826a186038f
acarroll73,UNESCO World Heritage Sites - World Topo Basemap,LEGACY,LOW,0,0,0,0,58,REVIEW_OR_ARCHIVE,https://www.arcgis.com/home/item.html?id=8c376ac8b9024943afb92c212d894a78
acarroll73,UNESCO World Heritage Sites on National Geographic basemap,LEGACY,LOW,0,0,0,0,58,REVIEW_OR_ARCHIVE,https://www.arcgis.com/home/item.html?id=d59ab5dc42f944d38bf6755ef5f821c5
acarroll73,United Kingdom 2010,LEGACY,LOW,0,0,0,0,58,REVIEW_OR_ARCHIVE,https://www.arcgis.com/home/item.html?id=3f1fc9027a3d4711b4bb3cd3cdf506fd
acarroll73,United Kingdom Vacation 2010,LEGACY,LOW,0,0,0,0,58,REVIEW_OR_ARCHIVE,https://www.arcgis.com/home/item.html?id=b9006707a281425bb82efacd4e56519f
StoryMaps,Urban Observatory: City Footprints,LEGACY,LOW,0,0,0,0,58,REVIEW_OR_ARCHIVE,https://www.arcgis.com/home/item.html?id=f27d5f7f5db142c89dcd13db6e65764d
FedGISContent,US Demographics and Life Styles,LEGACY,LOW,0,0,0,0,58,REVIEW_OR_ARCHIVE,https://www.arcgis.com/home/item.html?id=872931f799a049f1bbe5fcf2b8a0c0e8
FedGISContent,US Demographics and Life Styles - Median HH Income,LEGACY,LOW,0,0,0,0,58,REVIEW_OR_ARCHIVE,https://www.arcgis.com/home/item.html?id=d587ef0692384268bdfaa4d8f29e8131
FedGISContent,US Demographics and Life Styles - Pop Growth,LEGACY,LOW,0,0,0,0,58,REVIEW_OR_ARCHIVE,https://www.arcgis.com/home/item.html?id=2ad0e56ecec344559e140497433b2ba8
FedGISContent,US Demographics and Life Styles -View1,LEGACY,LOW,0,0,0,0,58,REVIEW_OR_ARCHIVE,https://www.arcgis.com/home/item.html?id=c92f11583b8d4faf9b9923ef1cf4f433
acarroll73,US Health Resources-Copy,LEGACY,LOW,0,0,0,0,58,REVIEW_OR_ARCHIVE,https://www.arcgis.com/home/item.html?id=d9f1c99f868247b281a3243f53e1fc0f
StoryMaps,US Northwest 1879 copy,LEGACY,LOW,0,0,0,0,58,REVIEW_OR_ARCHIVE,https://www.arcgis.com/home/item.html?id=7b2a6080f55446f8bb4916318c70cb22
acarroll73,US Nuclear Power and Population,LEGACY,LOW,0,0,0,0,58,REVIEW_OR_ARCHIVE,https://www.arcgis.com/home/item.html?id=0595365c8e4a4d96986a594c5752c20c
StoryMaps,US Olympic Team,LEGACY,LOW,0,0,0,0,58,REVIEW_OR_ARCHIVE,https://www.arcgis.com/home/item.html?id=53635e1368834d7d8a481da2dc06498f
acarroll73,USA Hazards Map,LEGACY,LOW,0,0,0,0,58,REVIEW_OR_ARCHIVE,https://www.arcgis.com/home/item.html?id=106344de93ab4e85880ba580a2c6ea65
StoryMaps,USA Historical Hurricanes-Copy,LEGACY,LOW,0,0,0,0,58,REVIEW_OR_ARCHIVE,https://www.arcgis.com/home/item.html?id=664b89d5279d4d618ac5fd4c3d24fd18
acarroll73,USA Household Income,LEGACY,LOW,0,0,0,0,58,REVIEW_OR_ARCHIVE,https://www.arcgis.com/home/item.html?id=43aff95d90174f5fb576dc6fa125606a
mystories,Yellowstone Trails,LEGACY,LOW,0,0,0,0,58,REVIEW_OR_ARCHIVE,https://www.arcgis.com/home/item.html?id=4afedd99978f497ab0c6878c40995b7f
StoryMaps,Yosemite 1833 copy,LEGACY,LOW,0,0,0,0,58,REVIEW_OR_ARCHIVE,https://www.arcgis.com/home/item.html?id=190dd14164c34fd2a3ad47e696655905
StoryMaps_services,Yosemite remoteness analysis layer,LEGACY,LOW,0,0,0,0,58,REVIEW_OR_ARCHIVE,https://www.arcgis.com/home/item.html?id=1b87eaa6987c45af8cee24efa10ac829
StoryMaps,Young Voices for the Planet,LEGACY,LOW,0,0,0,0,58,REVIEW_OR_ARCHIVE,https://www.arcgis.com/home/item.html?id=ef8c4377b99d417bba523d74bf01f7f0
StoryMaps,Yucca Flat,LEGACY,LOW,0,0,0,0,58,REVIEW_OR_ARCHIVE,https://www.arcgis.com/home/item.html?id=da977ae6d7a64f3e861141e927b43919
StoryMaps,Yucca Flat-Copy,LEGACY,LOW,0,0,0,0,58,REVIEW_OR_ARCHIVE,https://www.arcgis.com/home/item.html?id=d922cfdf990b434cb62d691561ff0271
acarroll73,Zip code test,LEGACY,LOW,0,0,0,0,58,REVIEW_OR_ARCHIVE,https://www.arcgis.com/home/item.html?id=3a90385d73c84962adf664a40537d0f9
StoryMaps,Zoo Babies,LEGACY,LOW,0,0,0,0,58,REVIEW_OR_ARCHIVE,https://www.arcgis.com/home/item.html?id=6062139d42a24ed7841fe42363a841ca
StoryMaps,Zoo Baby Example,LEGACY,LOW,0,0,0,0,58,REVIEW_OR_ARCHIVE,https://www.arcgis.com/home/item.html?id=aa68671d9c5d4797a57e4bc419ecbf8c
StoryMaps,Zoo_Zoo Babies AGOL (final),LEGACY,LOW,0,0,0,0,58,REVIEW_OR_ARCHIVE,https://www.arcgis.com/home/item.html?id=dfb3b9806fb149a786e94e003f6882e2
