id,title,owner,access,webmap_version,version_source,status,reason,url,created,modified,migration_priority,ref_app_count,ref_app_ids,ref_maptour_count,ref_maptour_ids,ref_public_app_count,ref_public_maptour_count
a7dee514ad5449009ebe0ad1cbe534e5, asd erwaer awer ,skitterman,private,1.9,data.version,LEGACY,version_lt_2.0,https://www.arcgis.com/home/item.html?id=a7dee514ad5449009ebe0ad1cbe534e5,1478197631000,1478197631000,LOW,0,,0,,0,0
079a6d3b70fa4de09f6094b24922ea37, asdf a  erawer aweawer awer ,skitterman,private,1.9,data.version,LEGACY,version_lt_2.0,https://www.arcgis.com/home/item.html?id=079a6d3b70fa4de09f6094b24922ea37,1478130822000,1478130822000,LOW,0,,0,,0,0
9de4a47c173142d287fc9aeba8424a72,1,sabinebarrera,org,1.9,data.version,LEGACY,version_lt_2.0,https://www.arcgis.com/home/item.html?id=9de4a47c173142d287fc9aeba8424a72,1379717559000,1379732387000,LOW,0,,0,,0,0
a0b763ec926f40c380263ff82a1cdf38,1,glazou2,public,1.9.1,data.version,LEGACY,version_lt_2.0,https://www.arcgis.com/home/item.html?id=a0b763ec926f40c380263ff82a1cdf38,1427480641000,1427480641000,LOW,0,,0,,0,0
1ddbc65d897642a29cd965ed212b03d5,1,glazou2,public,1.9.1,data.version,LEGACY,version_lt_2.0,https://www.arcgis.com/home/item.html?id=1ddbc65d897642a29cd965ed212b03d5,1427480727000,1427480727000,LOW,0,,0,,0,0
1a49223c7eb146ff90c599c661f3f7f5,10.  Hurricane Camille (1969)-Copy,StoryMaps,public,1.6,data.version,LEGACY,version_lt_2.0,https://www.arcgis.com/home/item.html?id=1a49223c7eb146ff90c599c661f3f7f5,1345737304000,1345737305000,HIGH,1,2e685cd282f74b79a91c3be5bd7eceab,0,,1,0
485ea6f0b0144156b7dab5dd8634fdef,111,glazou2,public,1.9.1,data.version,LEGACY,version_lt_2.0,https://www.arcgis.com/home/item.html?id=485ea6f0b0144156b7dab5dd8634fdef,1427480774000,1427480774000,LOW,0,,0,,0,0
78269e9e46734ce28cb113cce7c2e380,1900 Galveston Hurricane,StoryMaps,public,1.6,data.version,LEGACY,version_lt_2.0,https://www.arcgis.com/home/item.html?id=78269e9e46734ce28cb113cce7c2e380,1346083518000,1349191840000,LOW,0,,0,,0,0
de02256f84b843b295def8c74ca09526,1915 Galveston Hurricane,StoryMaps,public,1.6,data.version,LEGACY,version_lt_2.0,https://www.arcgis.com/home/item.html?id=de02256f84b843b295def8c74ca09526,1346079003000,1349209700000,LOW,0,,0,,0,0
73abc2c65f5e42559e1de68068068b63,1990 Landsat enhanced vs. today,StoryMaps,public,1.6,data.version,LEGACY,version_lt_2.0,https://www.arcgis.com/home/item.html?id=73abc2c65f5e42559e1de68068068b63,1339009914000,1478279146000,LOW,0,,0,,0,0
6d9289068efd47368c9b5298cbc16b6c,1990 Population with no High School Diploma-Copy,StoryMaps,public,1.7,data.version,LEGACY,version_lt_2.0,https://www.arcgis.com/home/item.html?id=6d9289068efd47368c9b5298cbc16b6c,1359478197000,1361918826000,HIGH,3,4127bf26f2f34eae8dfef33b78bb0c4e;4c581e37972d47d5b27a43e3718b2f43;7a7d4b13ae1c4fc6a15b9148d3a177ff,0,,1,0
c33d8f4d79b84217b0c682a00ddc5ff2,1Shape,sabinebarrera,public,1.9.1,data.version,LEGACY,version_lt_2.0,https://www.arcgis.com/home/item.html?id=c33d8f4d79b84217b0c682a00ddc5ff2,1397077822000,1397092952000,LOW,0,,0,,0,0
ac2bd07c5fb141a39de9c2cbd6bc0e42,2,sabinebarrera,org,1.8,data.version,LEGACY,version_lt_2.0,https://www.arcgis.com/home/item.html?id=ac2bd07c5fb141a39de9c2cbd6bc0e42,1379717958000,1387249848000,LOW,0,,0,,0,0
2a8df421aefc485193e23e656a43c65d,2010 Terrorist Attacks in Russia,StoryMaps,org,1.9.1,data.version,LEGACY,version_lt_2.0,https://www.arcgis.com/home/item.html?id=2a8df421aefc485193e23e656a43c65d,1391458238000,1391478550000,MEDIUM,1,f881da003a064a4db981a1ee665abb17,0,,0,0
54af8d63856740119518efa50fde9c0b,2011 Esri User Conference,acarroll73,private,1.5,data.version,LEGACY,version_lt_2.0,https://www.arcgis.com/home/item.html?id=54af8d63856740119518efa50fde9c0b,1326754756000,1346084241000,LOW,0,,0,,0,0
c12b533a317b4b7a8987a1692f1f66d3,2011 Terrorist Attacks in Russia,StoryMaps,org,1.9.1,data.version,LEGACY,version_lt_2.0,https://www.arcgis.com/home/item.html?id=c12b533a317b4b7a8987a1692f1f66d3,1391458945000,1391478526000,LOW,0,,0,,0,0
3df299d68c96459097de38fbd5c97575,2012 Olympic Torch Relay,StoryMaps,public,1.5,data.version,LEGACY,version_lt_2.0,https://www.arcgis.com/home/item.html?id=3df299d68c96459097de38fbd5c97575,1336067613000,1478279146000,LOW,0,,0,,0,0
28de9d1202aa4e63ad1e91b0b44416de,2012 Presidential Election Margin of Victory by County,StoryMaps,private,1.6,data.version,LEGACY,version_lt_2.0,https://www.arcgis.com/home/item.html?id=28de9d1202aa4e63ad1e91b0b44416de,1354212076000,1354212122000,LOW,0,,0,,0,0
94009895f62146e6a817247e850be4e2,2012 Terrorist Attacks in Russia,StoryMaps,org,1.9.1,data.version,LEGACY,version_lt_2.0,https://www.arcgis.com/home/item.html?id=94009895f62146e6a817247e850be4e2,1391458058000,1391478608000,LOW,0,,0,,0,0
d320bb668abd456a8d7c7f8af8bbf100,2013 Esri User Conference,StoryMaps,public,1.9,data.version,LEGACY,version_lt_2.0,https://www.arcgis.com/home/item.html?id=d320bb668abd456a8d7c7f8af8bbf100,1373988411000,1374003142000,HIGH,2,79034c04293d4a41ad987101dae4a040;c006d7250bf54891aa226bc433aa2350,0,,1,0
a2f1d0a82b8b4dd886859f416bb331c7,2015 CGAP Photo Contest,StoryMaps,public,1.9,data.version,LEGACY,version_lt_2.0,https://www.arcgis.com/home/item.html?id=a2f1d0a82b8b4dd886859f416bb331c7,1475928398000,1475932205000,HIGH,1,21b997083d124a46944452c43052f845,1,21b997083d124a46944452c43052f845,1,1
f90740dc4471423ea1c93ade78f61e17,22 Pictures,skitterman,private,1.9,data.version,LEGACY,version_lt_2.0,https://www.arcgis.com/home/item.html?id=f90740dc4471423ea1c93ade78f61e17,1434126464000,1434126464000,LOW,0,,0,,0,0
c46d48a60f724bd3ae101a5fc71a76da,2Shapes,sabinebarrera,private,1.9.1,data.version,LEGACY,version_lt_2.0,https://www.arcgis.com/home/item.html?id=c46d48a60f724bd3ae101a5fc71a76da,1397077947000,1397092438000,LOW,0,,0,,0,0
d413e10b878e42fa8d13c530ab014515,3,sabinebarrera,org,1.9,data.version,LEGACY,version_lt_2.0,https://www.arcgis.com/home/item.html?id=d413e10b878e42fa8d13c530ab014515,1379718040000,1379732440000,LOW,0,,0,,0,0
251af944533147d4a823cfcadee78c68,4,sabinebarrera,org,1.9,data.version,LEGACY,version_lt_2.0,https://www.arcgis.com/home/item.html?id=251af944533147d4a823cfcadee78c68,1379718137000,1379732556000,LOW,0,,0,,0,0
06f667e98b454fa7b3da83b8ad1e49d4,43 Pictures,skitterman,public,1.9,data.version,LEGACY,version_lt_2.0,https://www.arcgis.com/home/item.html?id=06f667e98b454fa7b3da83b8ad1e49d4,1434126611000,1434126611000,LOW,0,,0,,0,0
02ac9d6b73504584b3e37945a02e440f,4Shapes,sabinebarrera,private,1.9.1,data.version,LEGACY,version_lt_2.0,https://www.arcgis.com/home/item.html?id=02ac9d6b73504584b3e37945a02e440f,1397078939000,1397078939000,LOW,0,,0,,0,0
4922c9dd9e894690bb814d8d932eaff2,5,sabinebarrera,org,1.9,data.version,LEGACY,version_lt_2.0,https://www.arcgis.com/home/item.html?id=4922c9dd9e894690bb814d8d932eaff2,1379718263000,1379732664000,LOW,0,,0,,0,0
5b1ad18f834f4dbba5ae73fafe43fdd3,6,sabinebarrera,org,1.9,data.version,LEGACY,version_lt_2.0,https://www.arcgis.com/home/item.html?id=5b1ad18f834f4dbba5ae73fafe43fdd3,1379718356000,1379732756000,LOW,0,,0,,0,0
093333b3bbf7445db58a8affdddb2f22,9/25/11 bike ride,acarroll73,private,1.4,data.version,LEGACY,version_lt_2.0,https://www.arcgis.com/home/item.html?id=093333b3bbf7445db58a8affdddb2f22,1316986782000,1346084224000,LOW,0,,0,,0,0
910b817c327d448c8e2880f6c2fed348,A Daytona Beach Walk,StoryMaps,public,1.9.1,data.version,LEGACY,version_lt_2.0,https://www.arcgis.com/home/item.html?id=910b817c327d448c8e2880f6c2fed348,1414180612000,1414181519000,HIGH,1,6500aef3c5944cc7b7405cf41663b2c2,1,6500aef3c5944cc7b7405cf41663b2c2,1,1
88d535e2cc364a96bd8d46c10df5a705,A gallery of endangered plants and animals,acarroll_storymaps,public,1.6,data.version,LEGACY,version_lt_2.0,https://www.arcgis.com/home/item.html?id=88d535e2cc364a96bd8d46c10df5a705,1339520306000,1339594328000,LOW,0,,0,,0,0
7f75d41af4654b13860990ed6fcf6970,A really long walk in Rome,acarroll73,public,1.5,data.version,LEGACY,version_lt_2.0,https://www.arcgis.com/home/item.html?id=7f75d41af4654b13860990ed6fcf6970,1326752977000,1346084248000,LOW,0,,0,,0,0
13da3993292444f39ad782f484d5a0e9,A Selection of LEEDS Platinum Buildings,acarroll73,public,1.2,data.version,LEGACY,version_lt_2.0,https://www.arcgis.com/home/item.html?id=13da3993292444f39ad782f484d5a0e9,1302716465000,1346084227000,LOW,0,,0,,0,0
acd1485b90ef46cd89c02010a89c6fad,A Story Map Tour of Starbucks Reserve® Coffees,StoryMaps,org,1.9.1,data.version,LEGACY,version_lt_2.0,https://www.arcgis.com/home/item.html?id=acd1485b90ef46cd89c02010a89c6fad,1399335170000,1399396032000,MEDIUM,2,150fbca3c08c453e8400ab0b61688422;dd8dd15592d44c5d9cca28a10915e162,2,150fbca3c08c453e8400ab0b61688422;dd8dd15592d44c5d9cca28a10915e162,0,0
7a193a2c071040d28b5529b24bfa2432,A walk around the Massachusetts Institute of Technology,StoryMaps,private,1.9,data.version,LEGACY,version_lt_2.0,https://www.arcgis.com/home/item.html?id=7a193a2c071040d28b5529b24bfa2432,1461781816000,1485466352000,MEDIUM,1,51a136e0a0e44040bd9c788e934a9b0a,1,51a136e0a0e44040bd9c788e934a9b0a,0,0
5676da8eaae74726ba75686a2224e13a,A Walk on the High Line,StoryMaps,public,1.5,data.version,LEGACY,version_lt_2.0,https://www.arcgis.com/home/item.html?id=5676da8eaae74726ba75686a2224e13a,1332373156000,1478279140000,LOW,0,,0,,0,0
7fca9543e4d14ae7a9d5aba6f113bb3b,A walk on the High Line,StoryMaps,public,1.7,data.version,LEGACY,version_lt_2.0,https://www.arcgis.com/home/item.html?id=7fca9543e4d14ae7a9d5aba6f113bb3b,1358285060000,1724100406000,LOW,0,,0,,0,0
2be67406dd254d6b8cb5e99004623ba1,A Walk on the High Line (web map),StoryMaps,public,1.6,data.version,LEGACY,version_lt_2.0,https://www.arcgis.com/home/item.html?id=2be67406dd254d6b8cb5e99004623ba1,1342477092000,1342477093000,LOW,0,,0,,0,0
88a5976d0c054e56972224c0a25050b3,A walking tour of the National Mall,StoryMaps,public,1.6,data.version,LEGACY,version_lt_2.0,https://www.arcgis.com/home/item.html?id=88a5976d0c054e56972224c0a25050b3,1336750388000,1478279145000,LOW,0,,0,,0,0
a5019e8c55d547eab69c0777dcd7509a,A walking tour of the National Mall,StoryMaps,public,1.7,data.version,LEGACY,version_lt_2.0,https://www.arcgis.com/home/item.html?id=a5019e8c55d547eab69c0777dcd7509a,1358264193000,1358282422000,LOW,0,,0,,0,0
557cae74a9694ae88ba73b8be1b96a3d,Abandoned Islands,cooper.storymaps,public,1.9,data.version,LEGACY,version_lt_2.0,https://www.arcgis.com/home/item.html?id=557cae74a9694ae88ba73b8be1b96a3d,1493582380000,1493648634000,LOW,0,,0,,0,0
99fb72e3e1054a56b5d31cbd10634c10,ABC Congressional Bird Walk,StoryMaps,public,1.5,data.version,LEGACY,version_lt_2.0,https://www.arcgis.com/home/item.html?id=99fb72e3e1054a56b5d31cbd10634c10,1336151220000,1478279141000,LOW,0,,0,,0,0
26bfd6759c554b95bfbc223cf3338895,Access to basic health care is inadequate in many parts of the U.S.,dasbury_storymaps,public,1.9,data.version,LEGACY,version_lt_2.0,https://www.arcgis.com/home/item.html?id=26bfd6759c554b95bfbc223cf3338895,1341193801000,1372888736000,LOW,0,,0,,0,0
26c9e4285bb14506b1c46dac3454672c,Access to basic health care is inadequate in many parts of the U.S.,StoryMaps,public,1.6,data.version,LEGACY,version_lt_2.0,https://www.arcgis.com/home/item.html?id=26c9e4285bb14506b1c46dac3454672c,1340972880000,1341932037000,LOW,0,,0,,0,0
4a99b43bfaf345ab974bc5c6a89c9e7e,Access to basic health care is inadequate in many parts of the U.S.,sabinebarrera,shared,1.5,data.version,LEGACY,version_lt_2.0,https://www.arcgis.com/home/item.html?id=4a99b43bfaf345ab974bc5c6a89c9e7e,1379826143000,1379826143000,LOW,0,,0,,0,0
08febe9cd1844c01b843aaa60bd7c0b8,Accessibility map of the Amazon basin,acarroll73,public,1.5,data.version,LEGACY,version_lt_2.0,https://www.arcgis.com/home/item.html?id=08febe9cd1844c01b843aaa60bd7c0b8,1331749513000,1346084223000,LOW,0,,0,,0,0
74930aaf5c0f4b9c8fee93854dbfd0c3,Aconcagua Climb,acarroll73,org,1.4,data.version,LEGACY,version_lt_2.0,https://www.arcgis.com/home/item.html?id=74930aaf5c0f4b9c8fee93854dbfd0c3,1322615818000,1346084246000,LOW,0,,0,,0,0
1bdcdd01a13b4c56a550b6cf44e75524,Actual Calories-Copy,acarroll_storymaps,private,1.5,data.version,LEGACY,version_lt_2.0,https://www.arcgis.com/home/item.html?id=1bdcdd01a13b4c56a550b6cf44e75524,1338469654000,1338469655000,LOW,0,,0,,0,0
2de1366d2483435ba21f390ffd0ef717,Africa Population,sabinebarrera,private,1.9,data.version,LEGACY,version_lt_2.0,https://www.arcgis.com/home/item.html?id=2de1366d2483435ba21f390ffd0ef717,1378779394000,1379732407000,LOW,0,,0,,0,0
cc0f33847f4a4db39c10f247a884727a,African national parks,StoryMaps,public,1.9,data.version,LEGACY,version_lt_2.0,https://www.arcgis.com/home/item.html?id=cc0f33847f4a4db39c10f247a884727a,1382372601000,1382387034000,LOW,0,,0,,0,0
a683a9acaed64708a78619ccb250dcb5,African national parks through time,StoryMaps_services,public,1.9,data.version,LEGACY,version_lt_2.0,https://www.arcgis.com/home/item.html?id=a683a9acaed64708a78619ccb250dcb5,1386262465000,1386280465000,LOW,0,,0,,0,0
3a7b1fe7e85d427cb2c19da088d26bee,African-Americans in the U.S.,acarroll73,shared,1.5,data.version,LEGACY,version_lt_2.0,https://www.arcgis.com/home/item.html?id=3a7b1fe7e85d427cb2c19da088d26bee,1325871215000,1346084233000,LOW,0,,0,,0,0
6b1e4f428ffa411b96b0e49d214ed17f,AGU Social Media Poster Web Map,dwright_storymaps,public,1.9,data.version,LEGACY,version_lt_2.0,https://www.arcgis.com/home/item.html?id=6b1e4f428ffa411b96b0e49d214ed17f,1384586807000,1524605334000,HIGH,1,393a423e2c4c4570a3f47f9bc6bb180a,1,393a423e2c4c4570a3f47f9bc6bb180a,1,1
c9cc33784c0f4746a68c34639ad40d46,AGU_Data_Science_Web_Map,dwright_storymaps,public,1.9,data.version,LEGACY,version_lt_2.0,https://www.arcgis.com/home/item.html?id=c9cc33784c0f4746a68c34639ad40d46,1384760424000,1388466800000,HIGH,1,8a5c8552c63f4cc085811120947d1f0a,1,8a5c8552c63f4cc085811120947d1f0a,1,1
6d6b05b726b84454807ec4f154b97a8b,AidData etc from Salim Sawaya,acarroll73,private,1.3,data.version,LEGACY,version_lt_2.0,https://www.arcgis.com/home/item.html?id=6d6b05b726b84454807ec4f154b97a8b,1314296808000,1346084244000,LOW,0,,0,,0,0
279399b45e5c42a5aaa4acaf04701243,Airport Demonstrations Against Trump's Immigration Policies,StoryMaps,public,1.9,data.version,LEGACY,version_lt_2.0,https://www.arcgis.com/home/item.html?id=279399b45e5c42a5aaa4acaf04701243,1485696555000,1485809460000,HIGH,1,514fa5dedf50469f9aea91b360b8dadd,0,,1,0
649074180ccd4c2ab9e5b487d9e98d79,All Eight Species of Slow Loris are threatened with extinction,StoryMaps,public,1.7,data.version,LEGACY,version_lt_2.0,https://www.arcgis.com/home/item.html?id=649074180ccd4c2ab9e5b487d9e98d79,1360962583000,1379381258000,LOW,0,,0,,0,0
f68e7d7ce1a348cdafa80d81c6679256,Allen Carroll: A carto-biography,StoryMaps,public,1.6,data.version,LEGACY,version_lt_2.0,https://www.arcgis.com/home/item.html?id=f68e7d7ce1a348cdafa80d81c6679256,1341342611000,1341344609000,LOW,0,,0,,0,0
1821e7f3e0ee45d0af6f72407eb1eb2a,Allen's ride from DCRO to home,acarroll73,private,1.3,data.version,LEGACY,version_lt_2.0,https://www.arcgis.com/home/item.html?id=1821e7f3e0ee45d0af6f72407eb1eb2a,1314053318000,1346084228000,LOW,0,,0,,0,0
7bd2198fabd94c6b8a935371faa12af6,Allen's test,StoryMaps,public,1.9.1,data.version,LEGACY,version_lt_2.0,https://www.arcgis.com/home/item.html?id=7bd2198fabd94c6b8a935371faa12af6,1394626592000,1394626592000,LOW,0,,0,,0,0
c7a66a1f89d74bf0a2378e70b38f71dc,Alliance for Zero Extinction (AZE),StoryMaps,public,1.6,data.version,LEGACY,version_lt_2.0,https://www.arcgis.com/home/item.html?id=c7a66a1f89d74bf0a2378e70b38f71dc,1341333594000,1478279141000,LOW,0,,0,,0,0
ec2f743156c34c2e9c2c2e62b5a95ed9,Amazing places from above,acarroll73,public,1.2,data.version,LEGACY,version_lt_2.0,https://www.arcgis.com/home/item.html?id=ec2f743156c34c2e9c2c2e62b5a95ed9,1309520934000,1346084267000,LOW,0,,0,,0,0
b29c7749480f4c29a7d319d588345f36,Amazon Basin ecosystems,acarroll73,public,1.3,data.version,LEGACY,version_lt_2.0,https://www.arcgis.com/home/item.html?id=b29c7749480f4c29a7d319d588345f36,1315590805000,1346084257000,LOW,0,,0,,0,0
f2c30c806023474fbb6d937a1921e7a5,America's Best Golf Courses,StoryMaps,public,1.8,data.version,LEGACY,version_lt_2.0,https://www.arcgis.com/home/item.html?id=f2c30c806023474fbb6d937a1921e7a5,1365426970000,1375751455000,LOW,0,,0,,0,0
868710a443ec4eb6b96ebff0c37dfd8d,America's Most Polluted Cities,StoryMaps,public,1.5,data.version,LEGACY,version_lt_2.0,https://www.arcgis.com/home/item.html?id=868710a443ec4eb6b96ebff0c37dfd8d,1335978963000,1478279137000,LOW,0,,0,,0,0
266e73d9880c4e91bff23cf60fd17066,America's Tinderbox,StoryMaps,private,1.9.1,data.version,LEGACY,version_lt_2.0,https://www.arcgis.com/home/item.html?id=266e73d9880c4e91bff23cf60fd17066,1389290370000,1389290370000,LOW,0,,0,,0,0
e8d5c1a87d784750b20d497e280b489e,American Futures candidate cities,dasbury_storymaps,org,1.9,data.version,LEGACY,version_lt_2.0,https://www.arcgis.com/home/item.html?id=e8d5c1a87d784750b20d497e280b489e,1375903061000,1375917862000,LOW,0,,0,,0,0
27ab860c5ffa4b1d98d6429d01677bc5,American Futures: Sioux Falls-Copy,StoryMaps,public,1.9,data.version,LEGACY,version_lt_2.0,https://www.arcgis.com/home/item.html?id=27ab860c5ffa4b1d98d6429d01677bc5,1373048022000,1373123344000,LOW,0,,0,,0,0
ebe33aeb7eff42d18c85a299e8c9940e,American Jobs Act,acarroll73,public,1.4,data.version,LEGACY,version_lt_2.0,https://www.arcgis.com/home/item.html?id=ebe33aeb7eff42d18c85a299e8c9940e,1320423831000,1346084267000,LOW,0,,0,,0,0
f5862040f9a343fda363c887888fb30b,Animation of NHTSA Fatality Analysis Reporting System Data-Copy,StoryMaps,public,1.7,data.version,LEGACY,version_lt_2.0,https://www.arcgis.com/home/item.html?id=f5862040f9a343fda363c887888fb30b,1363185851000,1363200252000,LOW,0,,0,,0,0
e0b7a53ab4e3480995ac25f4879f2014,"Appalachian Trail: Satellite Imagery, Photographs",acarroll73,public,1.4,data.version,LEGACY,version_lt_2.0,https://www.arcgis.com/home/item.html?id=e0b7a53ab4e3480995ac25f4879f2014,1320803653000,1346084265000,LOW,0,,0,,0,0
b3898f68f4dc4233bd1077ca85e1bcbe,Appalachian Trail: Street Map View,acarroll73,public,1.4,data.version,LEGACY,version_lt_2.0,https://www.arcgis.com/home/item.html?id=b3898f68f4dc4233bd1077ca85e1bcbe,1320847377000,1346084257000,LOW,0,,0,,0,0
9da801320d6f442d91be7bcd080562b6,"Appalachian Trail: Topographic Map, Shelter Locations",acarroll73,public,1.4,data.version,LEGACY,version_lt_2.0,https://www.arcgis.com/home/item.html?id=9da801320d6f442d91be7bcd080562b6,1321545755000,1346084255000,LOW,0,,0,,0,0
7ee13ee64ee34d6e91679ae625611ace,Aquifers,StoryMaps,public,1.9.1,data.version,LEGACY,version_lt_2.0,https://www.arcgis.com/home/item.html?id=7ee13ee64ee34d6e91679ae625611ace,1403532388000,1403897015000,LOW,0,,0,,0,0
0107ca12349845fa974e321e6c099cb8,Aral Sea Then and Now (1990),StoryMaps,org,1.9,data.version,LEGACY,version_lt_2.0,https://www.arcgis.com/home/item.html?id=0107ca12349845fa974e321e6c099cb8,1383687474000,1383787211000,LOW,0,,0,,0,0
715207a4e8d24f288f0d6a8221fbf848,Aral Sea Then and Now (2010),StoryMaps,org,1.9,data.version,LEGACY,version_lt_2.0,https://www.arcgis.com/home/item.html?id=715207a4e8d24f288f0d6a8221fbf848,1383764049000,1383857321000,MEDIUM,1,891994e3dd2a419a9a065a704bdfe077,0,,0,0
ed73d24172ba45be9403535aad269ea1,Aral Sea Then and Now - 1990 Landsat/Current Imagery,StoryMaps,org,1.9,data.version,LEGACY,version_lt_2.0,https://www.arcgis.com/home/item.html?id=ed73d24172ba45be9403535aad269ea1,1383770314000,1383857501000,MEDIUM,2,954b1a082fd646b9904b00ddaaf4cef9;a6d8ed27b71f44ac9a6b7dfebff957b7,0,,0,0
00f4a803aaa449fca461a942bd52aa31,Aral Sea Then and Now - Two layers,StoryMaps,public,1.9,data.version,LEGACY,version_lt_2.0,https://www.arcgis.com/home/item.html?id=00f4a803aaa449fca461a942bd52aa31,1383839567000,1383861253000,MEDIUM,1,0f3852f50e824ce980743f3e1eda9e7f,0,,0,0
9c462d8468234d3380510fea48779de8,Aral Sea Today,acarroll73,public,1.4,data.version,LEGACY,version_lt_2.0,https://www.arcgis.com/home/item.html?id=9c462d8468234d3380510fea48779de8,1318534714000,1346084254000,MEDIUM,1,954b1a082fd646b9904b00ddaaf4cef9,0,,0,0
84a77f5bd1a14576926314a59d573c46,ArcGIS.com global data sampling,acarroll73,private,1.2,data.version,LEGACY,version_lt_2.0,https://www.arcgis.com/home/item.html?id=84a77f5bd1a14576926314a59d573c46,1303751831000,1346084249000,LOW,0,,0,,0,0
0082968852484e5dbd691b2e0916ccac,Arctic maritime charts,StoryMaps,public,1.7,data.version,LEGACY,version_lt_2.0,https://www.arcgis.com/home/item.html?id=0082968852484e5dbd691b2e0916ccac,1341258088000,1594941895000,LOW,0,,0,,0,0
726de4f5f13f4ba1a3cc03e6b4e30dbb,Arctic maritime charts-Copy,dasbury_storymaps,org,1.9,data.version,LEGACY,version_lt_2.0,https://www.arcgis.com/home/item.html?id=726de4f5f13f4ba1a3cc03e6b4e30dbb,1379082108000,1379096509000,LOW,0,,0,,0,0
e99c1d5f465e4e19abcf731192d04bfb,Arctic shipping traffic,StoryMaps,public,1.7,data.version,LEGACY,version_lt_2.0,https://www.arcgis.com/home/item.html?id=e99c1d5f465e4e19abcf731192d04bfb,1341258046000,1594941864000,LOW,0,,0,,0,0
a647a1eab5d242c09de4d9c326cfd2fc,Arena Venues,StoryMaps,public,1.9.1,data.version,LEGACY,version_lt_2.0,https://www.arcgis.com/home/item.html?id=a647a1eab5d242c09de4d9c326cfd2fc,1391355782000,1391375106000,LOW,0,,0,,0,0
124b5f15857f4eed869ae206631c93bd,Around the world in 8 days - alone,StoryMaps,public,1.9,data.version,LEGACY,version_lt_2.0,https://www.arcgis.com/home/item.html?id=124b5f15857f4eed869ae206631c93bd,1372714278000,1374098261000,HIGH,2,016c31c6dcd54c7ca635cc63e4bc82a4;5e018de2590a4d21a3cf4c82f1ec1869,0,,1,0
e226760a7e6741c9b2f21ab9308b7286,Arrests of poachers in South Africa,StoryMaps_services,public,1.9,data.version,LEGACY,version_lt_2.0,https://www.arcgis.com/home/item.html?id=e226760a7e6741c9b2f21ab9308b7286,1386279943000,1386319808000,LOW,0,,0,,0,0
049a7ec3949b4cdf90ed3302c31ab508,Arrests of poachers in South Africa-2010,StoryMaps_services,public,1.9,data.version,LEGACY,version_lt_2.0,https://www.arcgis.com/home/item.html?id=049a7ec3949b4cdf90ed3302c31ab508,1386299718000,1386356948000,LOW,0,,0,,0,0
1fa5b2ac66ec49f2944bd966b414880c,Arrests of poachers in South Africa-2011,StoryMaps_services,public,1.9,data.version,LEGACY,version_lt_2.0,https://www.arcgis.com/home/item.html?id=1fa5b2ac66ec49f2944bd966b414880c,1386299772000,1386356989000,LOW,0,,0,,0,0
21d1153952324d8783ba20531c17d08c,Arrests of poachers in South Africa-2012,StoryMaps_services,public,1.9,data.version,LEGACY,version_lt_2.0,https://www.arcgis.com/home/item.html?id=21d1153952324d8783ba20531c17d08c,1386299849000,1386357052000,LOW,0,,0,,0,0
0cfcb63c16044246ad7fe98a3ffea375,Art Map,acarroll73,private,1.5,data.version,LEGACY,version_lt_2.0,https://www.arcgis.com/home/item.html?id=0cfcb63c16044246ad7fe98a3ffea375,1330188214000,1346084225000,LOW,0,,0,,0,0
dd2ab970a8b34d50bd79e39cf44a740e,Art Map,StoryMaps,public,1.7,data.version,LEGACY,version_lt_2.0,https://www.arcgis.com/home/item.html?id=dd2ab970a8b34d50bd79e39cf44a740e,1362750383000,1362768941000,LOW,0,,0,,0,0
515b8a3402224eaeb843c6952c71aff6,Arts and Industries Building,StoryMaps,public,1.9,data.version,LEGACY,version_lt_2.0,https://www.arcgis.com/home/item.html?id=515b8a3402224eaeb843c6952c71aff6,1378491870000,1378506961000,HIGH,1,cf31abfd11df4ae4a56d07ff41538498,1,cf31abfd11df4ae4a56d07ff41538498,1,1
f5e239d2f2da4466b3167d3ec34de13e,Asbury_dynamic test,StoryMaps,org,1.9,data.version,LEGACY,version_lt_2.0,https://www.arcgis.com/home/item.html?id=f5e239d2f2da4466b3167d3ec34de13e,1380569877000,1380594792000,MEDIUM,2,092a8e11dd024d769d6af89ba707d782;b0b74824217e4690b1d6e5b20c83be80,1,092a8e11dd024d769d6af89ba707d782,0,0
ed07fbd38f1f4a03a1d2eebb83934720,asdf   asdfete a,skitterman,private,1.9,data.version,LEGACY,version_lt_2.0,https://www.arcgis.com/home/item.html?id=ed07fbd38f1f4a03a1d2eebb83934720,1478124493000,1478124493000,LOW,0,,0,,0,0
bde59230d9bc4d32a710b976b9c773be,asdf  asdf ere a,skitterman,private,1.9,data.version,LEGACY,version_lt_2.0,https://www.arcgis.com/home/item.html?id=bde59230d9bc4d32a710b976b9c773be,1478125149000,1478130070000,LOW,0,,0,,0,0
b626825666e24519bcfe67d7f1452a57,asdf  asdf ere a - Shortlist builder,skitterman,private,1.9,data.version,LEGACY,version_lt_2.0,https://www.arcgis.com/home/item.html?id=b626825666e24519bcfe67d7f1452a57,1478130105000,1478130105000,LOW,0,,0,,0,0
d566d0d73ee74400a9f2282f00b4990b,asdf  asdfadf asdf ,skitterman,private,1.9,data.version,LEGACY,version_lt_2.0,https://www.arcgis.com/home/item.html?id=d566d0d73ee74400a9f2282f00b4990b,1478105403000,1478105403000,LOW,0,,0,,0,0
3289a97f896141f1a6f8ce91fac69782,asdf  asdfee,skitterman,private,1.9,data.version,LEGACY,version_lt_2.0,https://www.arcgis.com/home/item.html?id=3289a97f896141f1a6f8ce91fac69782,1478124417000,1478124417000,LOW,0,,0,,0,0
783bf0a2bc804a2f9acb7eec1d82d92f,asdf asdf asdf aer e,skitterman,private,1.9,data.version,LEGACY,version_lt_2.0,https://www.arcgis.com/home/item.html?id=783bf0a2bc804a2f9acb7eec1d82d92f,1478198190000,1478198190000,LOW,0,,0,,0,0
aca853794a57461a97804c9335d320fd,asdf asrwer QWET,skitterman,private,1.9,data.version,LEGACY,version_lt_2.0,https://www.arcgis.com/home/item.html?id=aca853794a57461a97804c9335d320fd,1478285591000,1478285591000,LOW,0,,0,,0,0
70ebc6ea3e6a4cd98576e22c7c3f7e61,asdf awer waer,skitterman,private,1.9,data.version,LEGACY,version_lt_2.0,https://www.arcgis.com/home/item.html?id=70ebc6ea3e6a4cd98576e22c7c3f7e61,1478128245000,1478128245000,LOW,0,,0,,0,0
2e0d1f7c40a94d858ad2bfc6d8ee1594,asdf tew,skitterman,private,1.9,data.version,LEGACY,version_lt_2.0,https://www.arcgis.com/home/item.html?id=2e0d1f7c40a94d858ad2bfc6d8ee1594,1478124621000,1478124621000,LOW,0,,0,,0,0
83e019288e6943bb81f1a0d61337ae15,asdfa asdfasdfas erere ,skitterman,private,1.9,data.version,LEGACY,version_lt_2.0,https://www.arcgis.com/home/item.html?id=83e019288e6943bb81f1a0d61337ae15,1478189741000,1478189884000,LOW,0,,0,,0,0
bfee154949e44ee19db68c97b4159fba,asdfa waet awet w,skitterman,private,1.9,data.version,LEGACY,version_lt_2.0,https://www.arcgis.com/home/item.html?id=bfee154949e44ee19db68c97b4159fba,1478131528000,1478131693000,LOW,0,,0,,0,0
cae8f53df15a434187f59c49d7b7fb8e,asdfadf   asdfasdf a  asdfasdf ,skitterman,private,1.9,data.version,LEGACY,version_lt_2.0,https://www.arcgis.com/home/item.html?id=cae8f53df15a434187f59c49d7b7fb8e,1478128154000,1478128154000,LOW,0,,0,,0,0
7c8409303a3c49b59e761038d2efd5be,asdfas werawer awer,skitterman,private,1.9,data.version,LEGACY,version_lt_2.0,https://www.arcgis.com/home/item.html?id=7c8409303a3c49b59e761038d2efd5be,1478199511000,1478199511000,MEDIUM,2,17f3fff9462f4b7993d154f7d85e2860;4cb314139e74458ba75717b8fbb54711,0,,0,0
eb6425daf9864b6886a22ce79be6106e,asdfasdf   asdasdf,skitterman,private,1.9,data.version,LEGACY,version_lt_2.0,https://www.arcgis.com/home/item.html?id=eb6425daf9864b6886a22ce79be6106e,1478199438000,1478199438000,LOW,0,,0,,0,0
42bd8d9fd7c643a68d76983c9626aa17,asdfasdf asdf   earwer awer ,skitterman,private,1.9,data.version,LEGACY,version_lt_2.0,https://www.arcgis.com/home/item.html?id=42bd8d9fd7c643a68d76983c9626aa17,1478125648000,1478125648000,LOW,0,,0,,0,0
dfd27000711f401c8928f44ed12e1682,asdfasdf asdff asdf a,skitterman,private,1.9,data.version,LEGACY,version_lt_2.0,https://www.arcgis.com/home/item.html?id=dfd27000711f401c8928f44ed12e1682,1478125035000,1478125035000,LOW,0,,0,,0,0
4111946a532f4ba0bc5e13049659c5e6,asdfasdf34342,skitterman,private,1.9,data.version,LEGACY,version_lt_2.0,https://www.arcgis.com/home/item.html?id=4111946a532f4ba0bc5e13049659c5e6,1488925045000,1488925045000,LOW,0,,0,,0,0
ab8ad4140f8a43cda6e66ac80428ce7b,asdfasdfasd  asdfasdf asdf ,skitterman,private,1.9,data.version,LEGACY,version_lt_2.0,https://www.arcgis.com/home/item.html?id=ab8ad4140f8a43cda6e66ac80428ce7b,1478197571000,1478197571000,LOW,0,,0,,0,0
e69f7ad6f49d4919a034c29292b46ba0,Asia Population,sabinebarrera,private,1.9,data.version,LEGACY,version_lt_2.0,https://www.arcgis.com/home/item.html?id=e69f7ad6f49d4919a034c29292b46ba0,1378779365000,1379732347000,LOW,0,,0,,0,0
2b41e78b0f534a86b45725ddfa4f226f,Assessments2,sabinebarrera,org,1.9.1,data.version,LEGACY,version_lt_2.0,https://www.arcgis.com/home/item.html?id=2b41e78b0f534a86b45725ddfa4f226f,1400897836000,1400912302000,LOW,0,,0,,0,0
1770939306f54ede8ef1bf210f6e1429,Audubon News Map,StoryMaps,public,1.5,data.version,LEGACY,version_lt_2.0,https://www.arcgis.com/home/item.html?id=1770939306f54ede8ef1bf210f6e1429,1331920847000,1478279146000,LOW,0,,0,,0,0
5359d580111a4392aff3173ad965d5c6,Australia Population,sabinebarrera,private,1.9,data.version,LEGACY,version_lt_2.0,https://www.arcgis.com/home/item.html?id=5359d580111a4392aff3173ad965d5c6,1378779489000,1379732428000,LOW,0,,0,,0,0
de9853d6502e4086b0e8513aac570b36,Auto-play Map Series within Map Tour Experi,StoryMaps,public,1.9,data.version,LEGACY,version_lt_2.0,https://www.arcgis.com/home/item.html?id=de9853d6502e4086b0e8513aac570b36,1461864620000,1461864706000,HIGH,1,2a1faa7c35d344ecbb14f3791ea9454a,1,2a1faa7c35d344ecbb14f3791ea9454a,1,1
e017f28aad8c4a78911595f5434bf40b,Available Water,FedGISContent,public,1.9.1,data.version,LEGACY,version_lt_2.0,https://www.arcgis.com/home/item.html?id=e017f28aad8c4a78911595f5434bf40b,1391739022000,1391757594000,LOW,0,,0,,0,0
4362cd86bc38426097198ac3f2d2fa08,Ayers to Esri,StoryMaps,public,1.9.1,data.version,LEGACY,version_lt_2.0,https://www.arcgis.com/home/item.html?id=4362cd86bc38426097198ac3f2d2fa08,1432141935000,1432141938000,HIGH,1,1e8f9e4450e143fe8cc5108bcde089c1,1,1e8f9e4450e143fe8cc5108bcde089c1,1,1
c56620edc0b3481189e0ee1ca93a20d5,Baby Animals at Smithsonian's National Zoo,StoryMaps,public,1.9,data.version,LEGACY,version_lt_2.0,https://www.arcgis.com/home/item.html?id=c56620edc0b3481189e0ee1ca93a20d5,1382877905000,1383158939000,LOW,0,,0,,0,0
3036395dd73f47e39ed4310db5357c05,Baby Animals in the Wild,StoryMaps,public,1.9,data.version,LEGACY,version_lt_2.0,https://www.arcgis.com/home/item.html?id=3036395dd73f47e39ed4310db5357c05,1382966428000,1383160963000,LOW,0,,0,,0,0
f473690427814f5587fe3db979b6a85b,Bad example of a Story Map Tour,Rupert_Essinger,public,1.9,data.version,LEGACY,version_lt_2.0,https://www.arcgis.com/home/item.html?id=f473690427814f5587fe3db979b6a85b,1490393731000,1507218722000,HIGH,1,e672eb9ad0ce41ac87aee6221e750b4a,1,e672eb9ad0ce41ac87aee6221e750b4a,1,1
f576fd3e4d914a5d9bff8c972fc6218f,Ban Fracking,glazou2,public,1.9,data.version,LEGACY,version_lt_2.0,https://www.arcgis.com/home/item.html?id=f576fd3e4d914a5d9bff8c972fc6218f,1376615388000,1376629889000,HIGH,1,94f461ee2e1349c79359286e3a556f6b,1,94f461ee2e1349c79359286e3a556f6b,1,1
b88d173ee41b4884b70fb1e589eb3b5f,Basemap preview,acarroll73,shared,1.3,data.version,LEGACY,version_lt_2.0,https://www.arcgis.com/home/item.html?id=b88d173ee41b4884b70fb1e589eb3b5f,1316200488000,1346084258000,LOW,0,,0,,0,0
8b07fe518cf24edd8fea4cc6938cb590,BASEMAP Shaded Landsat-Copy,StoryMaps,private,1.9,data.version,LEGACY,version_lt_2.0,https://www.arcgis.com/home/item.html?id=8b07fe518cf24edd8fea4cc6938cb590,1384519416000,1384537536000,LOW,0,,0,,0,0
624e7f7d9b4743448879eb6b20242ba5,Basic webmap,StoryMaps,public,1.6,data.version,LEGACY,version_lt_2.0,https://www.arcgis.com/home/item.html?id=624e7f7d9b4743448879eb6b20242ba5,1343942508000,1343942662000,LOW,0,,0,,0,0
c8b9bad77939489ea6e3cf5602e72614,Battlefields of the Civil War,acarroll73,public,1.2,data.version,LEGACY,version_lt_2.0,https://www.arcgis.com/home/item.html?id=c8b9bad77939489ea6e3cf5602e72614,1309522673000,1346084262000,LOW,0,,0,,0,0
87da8e86874b46128a6860cf9c7c0dba,Battlefields of the Civil War (classic version),dasbury_storymaps,shared,1.6,data.version,LEGACY,version_lt_2.0,https://www.arcgis.com/home/item.html?id=87da8e86874b46128a6860cf9c7c0dba,1535493383000,1694025633000,LOW,0,,0,,0,0
65e1c7d196404176be4d755560b597b0,Battlefields of the Civil War (classic version),StoryMaps,public,1.6,data.version,LEGACY,version_lt_2.0,https://www.arcgis.com/home/item.html?id=65e1c7d196404176be4d755560b597b0,1340292373000,1694025768000,LOW,0,,0,,0,0
41be60d3ac454beaa90008cb90c398a2,Beautiful Bees,StoryMaps,public,1.9,data.version,LEGACY,version_lt_2.0,https://www.arcgis.com/home/item.html?id=41be60d3ac454beaa90008cb90c398a2,1415636826000,1416759881000,HIGH,1,1a07272255fa49198430ae16e57e5a02,1,1a07272255fa49198430ae16e57e5a02,1,1
e880b14a66534462aa2cd3380de3287b,Better Rough Draft Marvel - Shortlist builder,will.storymaps,public,1.9,data.version,LEGACY,version_lt_2.0,https://www.arcgis.com/home/item.html?id=e880b14a66534462aa2cd3380de3287b,1498588509000,1498592602000,HIGH,1,3e0c316154bd4e4182927194dc279cc3,0,,1,0
9e78b4b0e9e34264964182fbe6fe8e59,Bicycle outing in the Virginia Piedmont,StoryMaps,public,1.9.1,data.version,LEGACY,version_lt_2.0,https://www.arcgis.com/home/item.html?id=9e78b4b0e9e34264964182fbe6fe8e59,1432506178000,1432506188000,HIGH,1,e894861dffd6438699f7657ca1668331,1,e894861dffd6438699f7657ca1668331,1,1
5307716e45ec4628b5367c8372c83d81,Bike to Work-Copy,StoryMaps,public,1.5,data.version,LEGACY,version_lt_2.0,https://www.arcgis.com/home/item.html?id=5307716e45ec4628b5367c8372c83d81,1337196213000,1478279146000,LOW,0,,0,,0,0
90649a4350be4f829210d9e9335d185f,Biking to a Meeting,StoryMaps,public,1.9.1,data.version,LEGACY,version_lt_2.0,https://www.arcgis.com/home/item.html?id=90649a4350be4f829210d9e9335d185f,1431347786000,1431347795000,HIGH,1,896013b0b4484350a7289535ffaba811,1,896013b0b4484350a7289535ffaba811,1,1
b0e41cc71c6c45be981acdf87b6b6519,Bird Strikes per emplanement,StoryMaps,private,1.6,data.version,LEGACY,version_lt_2.0,https://www.arcgis.com/home/item.html?id=b0e41cc71c6c45be981acdf87b6b6519,1353953172000,1354019518000,LOW,0,,0,,0,0
4f20e263917e4231bf58003ec4c36a1d,Birding Outing to Roosevelt Island,StoryMaps,public,1.9.1,data.version,LEGACY,version_lt_2.0,https://www.arcgis.com/home/item.html?id=4f20e263917e4231bf58003ec4c36a1d,1430925187000,1430925202000,HIGH,1,a8de8bc4b3b3430e9f1cc1f85b92e9f6,1,a8de8bc4b3b3430e9f1cc1f85b92e9f6,1,1
b3cf035edd354d94bfe5627427701996,Birds and Climate 1,StoryMaps,public,1.6,data.version,LEGACY,version_lt_2.0,https://www.arcgis.com/home/item.html?id=b3cf035edd354d94bfe5627427701996,1331913721000,1478279146000,LOW,0,,0,,0,0
71b47d1c98d341da9587a83f2579c223,Birds and Climate 2,StoryMaps,public,1.6,data.version,LEGACY,version_lt_2.0,https://www.arcgis.com/home/item.html?id=71b47d1c98d341da9587a83f2579c223,1331649127000,1478279146000,LOW,0,,0,,0,0
0d5b0d06a4a349f98a9f2585f61e01c7,Birmingham Map Tour,StoryMaps,public,1.8,data.version,LEGACY,version_lt_2.0,https://www.arcgis.com/home/item.html?id=0d5b0d06a4a349f98a9f2585f61e01c7,1369260685000,1369355017000,LOW,0,,0,,0,0
6675dccac7b849579a67d93bf5d94a29,Blank grayscale with counties,StoryMaps,private,1.9,data.version,LEGACY,version_lt_2.0,https://www.arcgis.com/home/item.html?id=6675dccac7b849579a67d93bf5d94a29,1385096318000,1385114319000,LOW,0,,0,,0,0
5f19ad50642e4f3bac81a9e1d552c1db,Blue Ribbon Panel for the Global Partnership for Oceans (GPO) - PUG Demo,StoryMaps,public,1.8,data.version,LEGACY,version_lt_2.0,https://www.arcgis.com/home/item.html?id=5f19ad50642e4f3bac81a9e1d552c1db,1368072873000,1368087942000,LOW,0,,0,,0,0
77bb35c3dde3440083e6b78640f301f0,Blue Ribbon Panel Web Map,dwright_storymaps,public,1.9,data.version,LEGACY,version_lt_2.0,https://www.arcgis.com/home/item.html?id=77bb35c3dde3440083e6b78640f301f0,1382308465000,1382380403000,HIGH,1,dce3014995464fada478b32faa825c7f,1,dce3014995464fada478b32faa825c7f,1,1
f3cda79cb1bf4adbbb2542be52cac705,Bookmarks,sabinebarrera,private,1.9.1,data.version,LEGACY,version_lt_2.0,https://www.arcgis.com/home/item.html?id=f3cda79cb1bf4adbbb2542be52cac705,1392320373000,1392341473000,LOW,0,,0,,0,0
168c951a731240d3a0ae3540a93c42d0,Brazil Beyond The Stadiums,StoryMaps,public,1.9.1,data.version,LEGACY,version_lt_2.0,https://www.arcgis.com/home/item.html?id=168c951a731240d3a0ae3540a93c42d0,1401978517000,1402686499000,HIGH,1,cf69fa9aee724adf8b6f77d059ae08a9,0,,1,0
a8819f0340ba460597f3951ca95848db,Brazil Beyond The Stadiums-Copy,StoryMaps,private,1.9.1,data.version,LEGACY,version_lt_2.0,https://www.arcgis.com/home/item.html?id=a8819f0340ba460597f3951ca95848db,1402380020000,1402394424000,LOW,0,,0,,0,0
0074fb6c8c0c49a0b5cee944f8e6834f,Brazil Beyond The Stadiums-Copy-Copy,StoryMaps,private,1.9.1,data.version,LEGACY,version_lt_2.0,https://www.arcgis.com/home/item.html?id=0074fb6c8c0c49a0b5cee944f8e6834f,1402419600000,1402419600000,LOW,0,,0,,0,0
5294e768eed04503aad14e0a523f4e96,Brazil Beyond The Stadiums-Copy358pm12June,StoryMaps,private,1.9.1,data.version,LEGACY,version_lt_2.0,https://www.arcgis.com/home/item.html?id=5294e768eed04503aad14e0a523f4e96,1402613914000,1402628317000,LOW,0,,0,,0,0
63ce109520b748599f20279b8f6a76e1,Brazil Beyond The Stadiums-CopyFINAL,StoryMaps,private,1.9.1,data.version,LEGACY,version_lt_2.0,https://www.arcgis.com/home/item.html?id=63ce109520b748599f20279b8f6a76e1,1402672758000,1402672758000,LOW,0,,0,,0,0
bc57628b16ee41dca3264d885df2c95f,Brazil World Cup Shortlist,StoryMaps,public,1.9.1,data.version,LEGACY,version_lt_2.0,https://www.arcgis.com/home/item.html?id=bc57628b16ee41dca3264d885df2c95f,1402273868000,1507270383000,HIGH,1,bf58050e07e84bc8833cd0674bfffa43,0,,1,0
39bb5af07b5e4e5a82d1c1078514d7b2,Brown U,acarroll73,private,1.3,data.version,LEGACY,version_lt_2.0,https://www.arcgis.com/home/item.html?id=39bb5af07b5e4e5a82d1c1078514d7b2,1315142157000,1346084233000,LOW,0,,0,,0,0
9102d8add96748f79a3b949484303dd0,Calories Produced-Copy,acarroll_storymaps,private,1.5,data.version,LEGACY,version_lt_2.0,https://www.arcgis.com/home/item.html?id=9102d8add96748f79a3b949484303dd0,1338469632000,1338469633000,LOW,0,,0,,0,0
e710da4433fd4778bc964d9209382d9a,Campsites,mystories,public,1.9.1,data.version,LEGACY,version_lt_2.0,https://www.arcgis.com/home/item.html?id=e710da4433fd4778bc964d9209382d9a,1401298583000,1425586842000,HIGH,1,e7f06e9b169b4a26a380007c8a4e15fc,0,,1,0
163cfa2390e34daa930de55fb5a08b2f,Campsites,mystories,private,1.9.1,data.version,LEGACY,version_lt_2.0,https://www.arcgis.com/home/item.html?id=163cfa2390e34daa930de55fb5a08b2f,1425586102000,1425586102000,LOW,0,,0,,0,0
2fa82fa41f234c5fb8a960c5d78bed06,Cape Cod Ride,StoryMaps,public,1.9.1,data.version,LEGACY,version_lt_2.0,https://www.arcgis.com/home/item.html?id=2fa82fa41f234c5fb8a960c5d78bed06,1433419776000,1433419780000,HIGH,1,4899ebb1a84545858dd8da141fb6749f,1,4899ebb1a84545858dd8da141fb6749f,1,1
e037397d4e57417c933fc18500cfa8cb,Carbon Dioxide Emissions on the Rise,StoryMaps,public,1.6,data.version,LEGACY,version_lt_2.0,https://www.arcgis.com/home/item.html?id=e037397d4e57417c933fc18500cfa8cb,1340739869000,1340740422000,LOW,0,,0,,0,0
5ed651b95acb4a139ea2b2333e9ee8a7,Carbon Dioxide Emissions on the Rise,acarroll73,public,1.5,data.version,LEGACY,version_lt_2.0,https://www.arcgis.com/home/item.html?id=5ed651b95acb4a139ea2b2333e9ee8a7,1323182683000,1346084242000,LOW,0,,0,,0,0
7556970b49324fd0b8ff8e414a8e362d,"Carmel, Indiana Arts and Design District",StoryMaps,public,1.9,data.version,LEGACY,version_lt_2.0,https://www.arcgis.com/home/item.html?id=7556970b49324fd0b8ff8e414a8e362d,1376058671000,1376116747000,HIGH,1,06f84979bb174ad5a3b4b618669c4a0b,1,06f84979bb174ad5a3b4b618669c4a0b,1,1
45b01d4467dd4bc6995bc4fbeabcbe21,Case study: Forest elephants,StoryMaps,public,1.9,data.version,LEGACY,version_lt_2.0,https://www.arcgis.com/home/item.html?id=45b01d4467dd4bc6995bc4fbeabcbe21,1380635319000,1381715729000,LOW,0,,0,,0,0
6149418a867b4d548ada9612df6eb33e,Cathedral test,StoryMaps,public,1.9,data.version,LEGACY,version_lt_2.0,https://www.arcgis.com/home/item.html?id=6149418a867b4d548ada9612df6eb33e,1372864727000,1372892435000,HIGH,2,0ff9ddd5774b4734aec03c2efef15d80;d5cd7172c20b4643befeeb11e6853021,2,0ff9ddd5774b4734aec03c2efef15d80;d5cd7172c20b4643befeeb11e6853021,1,1
9c3c5e371c4e46f2b95a0a1eb9af192d,Cauldera,mystories,public,1.9.1,data.version,LEGACY,version_lt_2.0,https://www.arcgis.com/home/item.html?id=9c3c5e371c4e46f2b95a0a1eb9af192d,1401388940000,1425586842000,LOW,0,,0,,0,0
7a3958a92dda4c3f8edd4a66f220fe69,Cauldera,mystories,private,1.9.1,data.version,LEGACY,version_lt_2.0,https://www.arcgis.com/home/item.html?id=7a3958a92dda4c3f8edd4a66f220fe69,1425586104000,1425586104000,LOW,0,,0,,0,0
3d8443584f3c4bef82af96644675f6bc,Celebrating Great Trees,StoryMaps,public,1.9,data.version,LEGACY,version_lt_2.0,https://www.arcgis.com/home/item.html?id=3d8443584f3c4bef82af96644675f6bc,1492198350000,1493055220000,HIGH,1,bc3d047ec1164e1da835ad6970522ba9,1,bc3d047ec1164e1da835ad6970522ba9,1,1
8b3e4602ed7c4b40a1a69195c23b15de,Celebrating our nation's wild rivers,StoryMaps,public,1.5,data.version,LEGACY,version_lt_2.0,https://www.arcgis.com/home/item.html?id=8b3e4602ed7c4b40a1a69195c23b15de,1332255357000,1478279145000,LOW,0,,0,,0,0
c42ec07d961b4700be9697b8be21cb0f,Census Test Map Tour,acarroll73,private,1.9,data.version,LEGACY,version_lt_2.0,https://www.arcgis.com/home/item.html?id=c42ec07d961b4700be9697b8be21cb0f,1400764876000,1400764876000,MEDIUM,1,d79049ace3a14af1817646dfd3258d41,1,d79049ace3a14af1817646dfd3258d41,0,0
75087b1c6d6e4de6bab3d92042cc44f9,Census_DirectorsMapTour,dasbury_storymaps,org,1.9.1,data.version,LEGACY,version_lt_2.0,https://www.arcgis.com/home/item.html?id=75087b1c6d6e4de6bab3d92042cc44f9,1400773082000,1400791307000,MEDIUM,1,ec21dfd00e5b4ddf8ebc61240983f7e8,1,ec21dfd00e5b4ddf8ebc61240983f7e8,0,0
8b17d18da05f44d4bed0752628c6eba3,CEPF Demo,StoryMaps,private,1.6,data.version,LEGACY,version_lt_2.0,https://www.arcgis.com/home/item.html?id=8b17d18da05f44d4bed0752628c6eba3,1354307515000,1354307735000,MEDIUM,1,333523763a194f7c8ce47854c8aef93d,0,,0,0
51f0093701f349b5b5a349ad641eb075,Change in commute times between 2000 and 2012,StoryMaps_services,public,1.9.1,data.version,LEGACY,version_lt_2.0,https://www.arcgis.com/home/item.html?id=51f0093701f349b5b5a349ad641eb075,1391095012000,1391115316000,LOW,0,,0,,0,0
c5e769281d544ad6baa5a3c17bb3c5f5,Change in Household Income,acarroll73,public,1.4,data.version,LEGACY,version_lt_2.0,https://www.arcgis.com/home/item.html?id=c5e769281d544ad6baa5a3c17bb3c5f5,1318532564000,1346084261000,LOW,0,,0,,0,0
b81bc7f13cbf49e2ba588befd9f70485,Charlotte map,StoryMaps,public,1.5,data.version,LEGACY,version_lt_2.0,https://www.arcgis.com/home/item.html?id=b81bc7f13cbf49e2ba588befd9f70485,1335900868000,1478279138000,MEDIUM,1,fee8da57f933478f9e03bb48e90c7b98,0,,0,0
96c93977458d406e8cf0193e93fa8b9c,Chemlights,sabinebarrera,private,1.7,data.version,LEGACY,version_lt_2.0,https://www.arcgis.com/home/item.html?id=96c93977458d406e8cf0193e93fa8b9c,1359158209000,1359176210000,LOW,0,,0,,0,0
067aa635bf204b7a92606ef82ddd7731,Cherry Blossom Loop,StoryMaps,public,1.8,data.version,LEGACY,version_lt_2.0,https://www.arcgis.com/home/item.html?id=067aa635bf204b7a92606ef82ddd7731,1365282350000,1366749488000,MEDIUM,1,7107f3736be54448b39ce63f5d32d014,1,7107f3736be54448b39ce63f5d32d014,0,0
539990932192423cbab5c376c8694a2b,Chicago Pop Change,FedGISContent,public,1.9.1,data.version,LEGACY,version_lt_2.0,https://www.arcgis.com/home/item.html?id=539990932192423cbab5c376c8694a2b,1391193423000,1391193423000,LOW,0,,0,,0,0
aa48aa8e43f144eb849a34368b004fb2,Chicago Today and 1868,StoryMaps,public,1.9,data.version,LEGACY,version_lt_2.0,https://www.arcgis.com/home/item.html?id=aa48aa8e43f144eb849a34368b004fb2,1374665224000,1374679829000,HIGH,1,ceff2cd3d2c94e29a7437ee2f0a62ff2,0,,1,0
e037c659b52e4fa68b358d720c5b998d,China's Burgeoning Highway System,StoryMaps,public,1.9,data.version,LEGACY,version_lt_2.0,https://www.arcgis.com/home/item.html?id=e037c659b52e4fa68b358d720c5b998d,1378301244000,1379117619000,LOW,0,,0,,0,0
64fba77b799d4583b115cd092125f6ea,Circle Treasure Hunt,StoryMaps,private,1.9,data.version,LEGACY,version_lt_2.0,https://www.arcgis.com/home/item.html?id=64fba77b799d4583b115cd092125f6ea,1383590810000,1383609524000,LOW,0,,0,,0,0
59d5d7cd324c4c60bda383a3f1369d25,City Of Redlands Improvement Projects,sabinebarrera,shared,1.8,data.version,LEGACY,version_lt_2.0,https://www.arcgis.com/home/item.html?id=59d5d7cd324c4c60bda383a3f1369d25,1360360734000,1363984501000,LOW,0,,0,,0,0
29a791956bea4979baf586e8099c9368,"Climate March, April 29, 2017",StoryMaps,public,1.9,data.version,LEGACY,version_lt_2.0,https://www.arcgis.com/home/item.html?id=29a791956bea4979baf586e8099c9368,1493578926000,1493647385000,HIGH,1,570eb36df4ed4c5aa7edfa9c6901bc5e,1,570eb36df4ed4c5aa7edfa9c6901bc5e,1,1
07d4f2b6db904f819dad1a8565572dd2,Climate Resilient Cities Rockefeller,StoryMaps,public,1.9.1,data.version,LEGACY,version_lt_2.0,https://www.arcgis.com/home/item.html?id=07d4f2b6db904f819dad1a8565572dd2,1402672736000,1403223785000,LOW,0,,0,,0,0
baa82910a716439dbaa653cdb34d90c0,Climate Resilient Cities Rockefeller- Imagery,StoryMaps,private,1.9.1,data.version,LEGACY,version_lt_2.0,https://www.arcgis.com/home/item.html?id=baa82910a716439dbaa653cdb34d90c0,1403013440000,1403040916000,LOW,0,,0,,0,0
8362ebffb4224591a85d80919392c285,Climate Resilient Cities Rockefeller-Dakar,StoryMaps,private,1.9.1,data.version,LEGACY,version_lt_2.0,https://www.arcgis.com/home/item.html?id=8362ebffb4224591a85d80919392c285,1403020571000,1403035729000,LOW,0,,0,,0,0
9795b9546c4e44329458188cf8508cab,Closing Yield Gaps,acarroll_storymaps,public,1.6,data.version,LEGACY,version_lt_2.0,https://www.arcgis.com/home/item.html?id=9795b9546c4e44329458188cf8508cab,1340035969000,1340040827000,LOW,0,,0,,0,0
d9f428a5e2ad440588e634703283bc7d,CO2 Emissions: Imagery Base,acarroll73,public,1.4,data.version,LEGACY,version_lt_2.0,https://www.arcgis.com/home/item.html?id=d9f428a5e2ad440588e634703283bc7d,1318020169000,1346084264000,LOW,0,,0,,0,0
b027364edb86424da3cc854d0073a77d,CO2 Emissions: Light Gray Canvas Basemap,acarroll73,public,1.4,data.version,LEGACY,version_lt_2.0,https://www.arcgis.com/home/item.html?id=b027364edb86424da3cc854d0073a77d,1318020115000,1346084256000,LOW,0,,0,,0,0
a178f7119c004ee6a592c032f227c5d4,CO2 Emissions: World Topo Basemap,acarroll73,public,1.4,data.version,LEGACY,version_lt_2.0,https://www.arcgis.com/home/item.html?id=a178f7119c004ee6a592c032f227c5d4,1318020205000,1346084255000,LOW,0,,0,,0,0
a02aaa6e67b746cea7700fb7e8b622ad,College 2014,sabinebarrera,org,1.9.1,data.version,LEGACY,version_lt_2.0,https://www.arcgis.com/home/item.html?id=a02aaa6e67b746cea7700fb7e8b622ad,1403329911000,1404339013000,LOW,0,,0,,0,0
65d8962bb9fa4bdab6190f2c45007bdf,College Degrees1,StoryMaps,private,1.8,data.version,LEGACY,version_lt_2.0,https://www.arcgis.com/home/item.html?id=65d8962bb9fa4bdab6190f2c45007bdf,1366133995000,1366148398000,LOW,0,,0,,0,0
d592d5f5d3634965aae831f1249b1d11,College Tour 2012,acarroll73,private,1.5,data.version,LEGACY,version_lt_2.0,https://www.arcgis.com/home/item.html?id=d592d5f5d3634965aae831f1249b1d11,1333372897000,1346084263000,LOW,0,,0,,0,0
11a74ea47db24982a887dd5929513e86,Colombia,sabinebarrera,org,1.8,data.version,LEGACY,version_lt_2.0,https://www.arcgis.com/home/item.html?id=11a74ea47db24982a887dd5929513e86,1370926029000,1370986348000,LOW,0,,0,,0,0
1dad9c7960b3440488c50c2fb2e6de6d,Colorado Geology,sabinebarrera,shared,1.9,data.version,LEGACY,version_lt_2.0,https://www.arcgis.com/home/item.html?id=1dad9c7960b3440488c50c2fb2e6de6d,1378313957000,1378938534000,LOW,0,,0,,0,0
32e8e9ffce5a4afc9c8f3e82f32aaf56,Colorado Scale Areas,sabinebarrera,shared,1.8,data.version,LEGACY,version_lt_2.0,https://www.arcgis.com/home/item.html?id=32e8e9ffce5a4afc9c8f3e82f32aaf56,1378333962000,1386063895000,LOW,0,,0,,0,0
0b433f67152e489ba42da7ddf1f99570,Commitment to fight climate change,StoryMaps,public,1.6,data.version,LEGACY,version_lt_2.0,https://www.arcgis.com/home/item.html?id=0b433f67152e489ba42da7ddf1f99570,1347016064000,1347567808000,LOW,0,,0,,0,0
48a2ac96b4e14e6d8b47569b75c26d77,Commute times - Mean,StoryMaps_services,public,1.9.1,data.version,LEGACY,version_lt_2.0,https://www.arcgis.com/home/item.html?id=48a2ac96b4e14e6d8b47569b75c26d77,1391097896000,1391212988000,LOW,0,,0,,0,0
0d5e32847e4b4c0cbc4c63b17a28f3a7,Commute times in 2000,StoryMaps_services,public,1.9.1,data.version,LEGACY,version_lt_2.0,https://www.arcgis.com/home/item.html?id=0d5e32847e4b4c0cbc4c63b17a28f3a7,1391090865000,1391112508000,LOW,0,,0,,0,0
d78b310c142d44d2aed214f7c0b1bdcf,Commute times in 2012,StoryMaps_services,public,1.9.1,data.version,LEGACY,version_lt_2.0,https://www.arcgis.com/home/item.html?id=d78b310c142d44d2aed214f7c0b1bdcf,1391091113000,1391113052000,LOW,0,,0,,0,0
cd4d6c3297594c14850618c373081af1,Comparing 2008 election results with ethnicity and income,StoryMaps,public,1.9,data.version,LEGACY,version_lt_2.0,https://www.arcgis.com/home/item.html?id=cd4d6c3297594c14850618c373081af1,1350061901000,1372864647000,LOW,0,,0,,0,0
21c26cd7e6a5499dae2f543f10990537,Comparing Metro and Micro Area Population Change 2002-2003,StoryMaps_services,public,1.9.1,data.version,LEGACY,version_lt_2.0,https://www.arcgis.com/home/item.html?id=21c26cd7e6a5499dae2f543f10990537,1395709836000,1399664165000,HIGH,1,144de7019766406c8731ec75f79b730f,0,,1,0
85754b253f9c40d183ee4581ecf762fe,Congressional districts,acarroll73,public,1.5,data.version,LEGACY,version_lt_2.0,https://www.arcgis.com/home/item.html?id=85754b253f9c40d183ee4581ecf762fe,1328795971000,1346084250000,LOW,0,,0,,0,0
656116e64eb04897aca12aa85968d103,Conservation Lands-Copy,StoryMaps,public,1.9.1,data.version,LEGACY,version_lt_2.0,https://www.arcgis.com/home/item.html?id=656116e64eb04897aca12aa85968d103,1398771941000,1398788415000,LOW,0,,0,,0,0
6e6043385e824a89af2b6fba8450b656,Consumption,StoryMaps,public,1.8,data.version,LEGACY,version_lt_2.0,https://www.arcgis.com/home/item.html?id=6e6043385e824a89af2b6fba8450b656,1368824783000,1516905617000,HIGH,1,50988674082248a5b181ffeadd7e8d52,0,,1,0
5f8e97da0b1d4375ba47fc9cd55623b6,Coral Reefs Under Threat,acarroll73,public,1.2,data.version,LEGACY,version_lt_2.0,https://www.arcgis.com/home/item.html?id=5f8e97da0b1d4375ba47fc9cd55623b6,1309435697000,1346084242000,LOW,0,,0,,0,0
3277e996026e41bda06a06e518342056,Cornwall Hike 4,StoryMaps,public,1.9,data.version,LEGACY,version_lt_2.0,https://www.arcgis.com/home/item.html?id=3277e996026e41bda06a06e518342056,1386781676000,1386800997000,HIGH,1,f518839f90654de593c3c7ffbbf27e77,1,f518839f90654de593c3c7ffbbf27e77,1,1
b5f2a6a2e61044cba05c21fffb551998,Correlation,acarroll73,public,1.5,data.version,LEGACY,version_lt_2.0,https://www.arcgis.com/home/item.html?id=b5f2a6a2e61044cba05c21fffb551998,1328541678000,1346084258000,LOW,0,,0,,0,0
295c75ddf15a4f26af685968abbe5a1f,Country Centroids,acarroll73,private,1.4,data.version,LEGACY,version_lt_2.0,https://www.arcgis.com/home/item.html?id=295c75ddf15a4f26af685968abbe5a1f,1317047349000,1346084231000,LOW,0,,0,,0,0
561788daf9d248bd94918b8ffc1b2e27,County population change between 2012 and 2013,StoryMaps_services,public,1.9.1,data.version,LEGACY,version_lt_2.0,https://www.arcgis.com/home/item.html?id=561788daf9d248bd94918b8ffc1b2e27,1396390544000,1398974631000,HIGH,1,58c17764db444b18aeae07ecb4fa7e41,0,,1,0
072c259ddc7a4b0381998a21801093a7,County population change between 2012 and 2013 - Test,StoryMaps_services,public,1.9.1,data.version,LEGACY,version_lt_2.0,https://www.arcgis.com/home/item.html?id=072c259ddc7a4b0381998a21801093a7,1402491460000,1402517164000,HIGH,1,1df94721b6c741cf9997af5cfae1da5b,0,,1,0
6061d41ded0f4808a72906e1097d59a6,Creating geo-narratives with GPS and ArcGIS Online: San Diego to Coronado,acarroll73,public,1.3,data.version,LEGACY,version_lt_2.0,https://www.arcgis.com/home/item.html?id=6061d41ded0f4808a72906e1097d59a6,1313414618000,1346084243000,LOW,0,,0,,0,0
77e7cbfc84af43f9b7085873bfb58644,Crime in City,sabinebarrera,shared,1.7,data.version,LEGACY,version_lt_2.0,https://www.arcgis.com/home/item.html?id=77e7cbfc84af43f9b7085873bfb58644,1360965631000,1360983631000,LOW,0,,0,,0,0
778a8e01c6ed489b95567fc3f8444e9f,Crimea: geography and hot spots,StoryMaps,public,1.9.1,data.version,LEGACY,version_lt_2.0,https://www.arcgis.com/home/item.html?id=778a8e01c6ed489b95567fc3f8444e9f,1393863301000,1395245747000,LOW,0,,0,,0,0
6db5971ccd124ea4ae2366db660c2c21,"Crimea: Russian majority, but diverse ethnicity",StoryMaps,public,1.9.1,data.version,LEGACY,version_lt_2.0,https://www.arcgis.com/home/item.html?id=6db5971ccd124ea4ae2366db660c2c21,1393948768000,1394141032000,MEDIUM,1,03509ef9c9a745588cdf718fc8c56f26,0,,0,0
72c13adbea92488286d77e20e1e786d8,Crimean Tatars in Crimea-Copy,StoryMaps,private,1.9.1,data.version,LEGACY,version_lt_2.0,https://www.arcgis.com/home/item.html?id=72c13adbea92488286d77e20e1e786d8,1393701416000,1393719428000,LOW,0,,0,,0,0
329e1fea9fd14195bc071e3bd21122f9,"Critical Area Trail, Patuxent River, Maryland",StoryMaps,public,1.9.1,data.version,LEGACY,version_lt_2.0,https://www.arcgis.com/home/item.html?id=329e1fea9fd14195bc071e3bd21122f9,1403994239000,1458231892000,HIGH,1,7f9f0eb4cbd9436194484ed25f303fe8,1,7f9f0eb4cbd9436194484ed25f303fe8,1,1
e1812f22ceb44136b724bf1d555f3a13,Crowdsource test map,StoryMaps,private,1.9,data.version,LEGACY,version_lt_2.0,https://www.arcgis.com/home/item.html?id=e1812f22ceb44136b724bf1d555f3a13,1380906278000,1380920678000,LOW,0,,0,,0,0
5c4024d65652495d965943077ff54f22,Cuba-Florida Hurricane - 1944,StoryMaps,public,1.6,data.version,LEGACY,version_lt_2.0,https://www.arcgis.com/home/item.html?id=5c4024d65652495d965943077ff54f22,1345985268000,1349191714000,LOW,0,,0,,0,0
5bdab5087a324e57a84f2b0b7dd9e3b2,Current Crop Yields,acarroll_storymaps,public,1.6,data.version,LEGACY,version_lt_2.0,https://www.arcgis.com/home/item.html?id=5bdab5087a324e57a84f2b0b7dd9e3b2,1340035631000,1340040778000,LOW,0,,0,,0,0
06d04d87e7df4783b62817d06104eeac,Current hurricanes,StoryMaps,public,1.6,data.version,LEGACY,version_lt_2.0,https://www.arcgis.com/home/item.html?id=06d04d87e7df4783b62817d06104eeac,1346870498000,1346870858000,LOW,0,,0,,0,0
4aa4658906344779bae14dd2f0f93786,Current U.S. Weather,acarroll73,public,1.1,data.version,LEGACY,version_lt_2.0,https://www.arcgis.com/home/item.html?id=4aa4658906344779bae14dd2f0f93786,1287510118000,1346084237000,LOW,0,,0,,0,0
9caee2b60e184e40ae9b13e74043f73f,Current Winds,acarroll73,public,1.4,data.version,LEGACY,version_lt_2.0,https://www.arcgis.com/home/item.html?id=9caee2b60e184e40ae9b13e74043f73f,1322763642000,1346084254000,LOW,0,,0,,0,0
5fe522caa6b54e898cf60003fde8429f,Custom Wayback Imagery Web Map,dasbury_storymaps,private,,missing,UNKNOWN,missing_or_unparseable_version,https://www.arcgis.com/home/item.html?id=5fe522caa6b54e898cf60003fde8429f,1530218712000,1530218712000,LOW,0,,0,,0,0
6310a73368414c9d9ad11318042a3750,Da placez,skitterman,private,1.9,data.version,LEGACY,version_lt_2.0,https://www.arcgis.com/home/item.html?id=6310a73368414c9d9ad11318042a3750,1490981377000,1490981377000,LOW,0,,0,,0,0
29bde7b76f33499088179dde3da9fda5,Dadaab Refugee Camp,acarroll73,public,1.3,data.version,LEGACY,version_lt_2.0,https://www.arcgis.com/home/item.html?id=29bde7b76f33499088179dde3da9fda5,1314906203000,1346084231000,LOW,0,,0,,0,0
c6812d0524c044269b4b5bb74f2542ba,Daily Planet Imagery-Copy,dasbury_storymaps,private,1.9.1,data.version,LEGACY,version_lt_2.0,https://www.arcgis.com/home/item.html?id=c6812d0524c044269b4b5bb74f2542ba,1402670705000,1402686951000,LOW,0,,0,,0,0
3942bb94d29b4dd7bda455abbdcbef3a,Darwin Destinations,StoryMaps,public,1.9,data.version,LEGACY,version_lt_2.0,https://www.arcgis.com/home/item.html?id=3942bb94d29b4dd7bda455abbdcbef3a,1380611661000,1380626414000,HIGH,1,8fed50bc38d644fea5c78e7177877769,0,,1,0
7fe7e2ec6a304af381b0f1866fa78156,Daytona Beach walk,acarroll73,public,1.4,data.version,LEGACY,version_lt_2.0,https://www.arcgis.com/home/item.html?id=7fe7e2ec6a304af381b0f1866fa78156,1317907312000,1346084249000,LOW,0,,0,,0,0
e72e0c21fa7b40ac9cb220440eda9738,Daytona Beach Walk,StoryMaps,public,1.9.1,data.version,LEGACY,version_lt_2.0,https://www.arcgis.com/home/item.html?id=e72e0c21fa7b40ac9cb220440eda9738,1414179673000,1414179675000,LOW,0,,0,,0,0
b8bfdfa6b3f8464caf43399f3d764117,DC bike loop March 2014,StoryMaps,public,1.9,data.version,LEGACY,version_lt_2.0,https://www.arcgis.com/home/item.html?id=b8bfdfa6b3f8464caf43399f3d764117,1393248111000,1393248111000,MEDIUM,1,dc1789a523b64452a9f05c6bd60e6107,1,dc1789a523b64452a9f05c6bd60e6107,0,0
103b864d846f4a84828ae26d616173da,DC Penn Quarter Shortlist,StoryMaps,org,1.7,data.version,LEGACY,version_lt_2.0,https://www.arcgis.com/home/item.html?id=103b864d846f4a84828ae26d616173da,1360801999000,1360865644000,LOW,0,,0,,0,0
75f8ef08604e417ebd655507dec8da56,DC Penn Quarter Shortlist,StoryMaps,private,1.7,data.version,LEGACY,version_lt_2.0,https://www.arcgis.com/home/item.html?id=75f8ef08604e417ebd655507dec8da56,1360847999000,1360877124000,LOW,0,,0,,0,0
d7d937e523074fa1882c2e9a8b956803,Dead Sea pics,dasbury_storymaps,public,1.9,data.version,LEGACY,version_lt_2.0,https://www.arcgis.com/home/item.html?id=d7d937e523074fa1882c2e9a8b956803,1372868872000,1462763630000,MEDIUM,1,e14a27f2877b4e579224bc77e9dddfa7,1,e14a27f2877b4e579224bc77e9dddfa7,0,0
6c27d943b77f42c4bd419c312ab6bc0d,Decline of the forest elephant,StoryMaps,public,1.9,data.version,LEGACY,version_lt_2.0,https://www.arcgis.com/home/item.html?id=6c27d943b77f42c4bd419c312ab6bc0d,1380302464000,1384312876000,LOW,0,,0,,0,0
d42b092191cf46de90f6ef42b9a9a1c5,DemoElephant1,glazou2,public,1.9.1,data.version,LEGACY,version_lt_2.0,https://www.arcgis.com/home/item.html?id=d42b092191cf46de90f6ef42b9a9a1c5,1395780204000,1395859904000,HIGH,1,557c82b914ed4f23bf1555d1c5c9ea48,0,,1,0
ee7c205dbb7a45ab9ac5442b185d4b51,DemoElephant2,glazou2,public,1.9.1,data.version,LEGACY,version_lt_2.0,https://www.arcgis.com/home/item.html?id=ee7c205dbb7a45ab9ac5442b185d4b51,1395780246000,1395868610000,HIGH,1,557c82b914ed4f23bf1555d1c5c9ea48,0,,1,0
0e0d706e0fa34872974e9876f6f6b453,DemoElephant3,glazou2,public,1.9.1,data.version,LEGACY,version_lt_2.0,https://www.arcgis.com/home/item.html?id=0e0d706e0fa34872974e9876f6f6b453,1395780352000,1395794763000,HIGH,1,557c82b914ed4f23bf1555d1c5c9ea48,0,,1,0
a521988328f448fa920bfe1d489ae9e1,DemoElephant4,glazou2,public,1.9.1,data.version,LEGACY,version_lt_2.0,https://www.arcgis.com/home/item.html?id=a521988328f448fa920bfe1d489ae9e1,1395780419000,1395794822000,HIGH,1,557c82b914ed4f23bf1555d1c5c9ea48,0,,1,0
dee83374b7554aa8b823ca2831b301d6,DemoElephant5,glazou2,public,1.9.1,data.version,LEGACY,version_lt_2.0,https://www.arcgis.com/home/item.html?id=dee83374b7554aa8b823ca2831b301d6,1395780546000,1395795045000,HIGH,1,557c82b914ed4f23bf1555d1c5c9ea48,0,,1,0
39f748c83b5d4256be2c9ae336fee75d,DemoElephant6,glazou2,public,1.9.1,data.version,LEGACY,version_lt_2.0,https://www.arcgis.com/home/item.html?id=39f748c83b5d4256be2c9ae336fee75d,1395780564000,1395795013000,HIGH,1,557c82b914ed4f23bf1555d1c5c9ea48,0,,1,0
49b97ec8b669454e813bdd8604c869e3,DemoElephant7,glazou2,public,1.9.1,data.version,LEGACY,version_lt_2.0,https://www.arcgis.com/home/item.html?id=49b97ec8b669454e813bdd8604c869e3,1395780663000,1395795065000,HIGH,1,557c82b914ed4f23bf1555d1c5c9ea48,0,,1,0
d7c6882668af4398b590cffe25f8d83c,DemoElephant8,glazou2,public,1.9.1,data.version,LEGACY,version_lt_2.0,https://www.arcgis.com/home/item.html?id=d7c6882668af4398b590cffe25f8d83c,1395780690000,1395795092000,LOW,0,,0,,0,0
d14e80ccfe6340b8bac8f2f2ea295c57,Demographic Coverage,FedGISContent,public,1.9.1,data.version,LEGACY,version_lt_2.0,https://www.arcgis.com/home/item.html?id=d14e80ccfe6340b8bac8f2f2ea295c57,1391747586000,1391792440000,LOW,0,,0,,0,0
95e1c31df45b4c6b86f9e601bf9181c8,Dense Urban Landscapes,StoryMaps,public,1.9,data.version,LEGACY,version_lt_2.0,https://www.arcgis.com/home/item.html?id=95e1c31df45b4c6b86f9e601bf9181c8,1384291356000,1384463657000,HIGH,1,bf2762708ce145eab7e3395c07ef3dc2,0,,1,0
0932f23e97074b84b286717f9bd59f92,Dense Urban Landscapes-Copy,StoryMaps,public,1.9,data.version,LEGACY,version_lt_2.0,https://www.arcgis.com/home/item.html?id=0932f23e97074b84b286717f9bd59f92,1384445955000,1384463956000,LOW,0,,0,,0,0
0d147540d49349a7a361f6b775b9a2f7,Denver 1879 copy,StoryMaps,public,1.5,data.version,LEGACY,version_lt_2.0,https://www.arcgis.com/home/item.html?id=0d147540d49349a7a361f6b775b9a2f7,1331583083000,1478279141000,LOW,0,,0,,0,0
2cddf0759d4e4c348b2a3d5accaa0d6b,Denver Today and 1879,StoryMaps,public,1.9,data.version,LEGACY,version_lt_2.0,https://www.arcgis.com/home/item.html?id=2cddf0759d4e4c348b2a3d5accaa0d6b,1374665856000,1374680342000,HIGH,1,719f72eed0134d5db5d593e081cbb786,0,,1,0
a1f0f691c8fe4eb89f3ef9eff9e7377e,df,sabinebarrera,org,1.8,data.version,LEGACY,version_lt_2.0,https://www.arcgis.com/home/item.html?id=a1f0f691c8fe4eb89f3ef9eff9e7377e,1371759668000,1371759668000,LOW,0,,0,,0,0
2db9443e67744681ad2739cb70e8d008,Diabetes rates,StoryMaps,public,1.9.1,data.version,LEGACY,version_lt_2.0,https://www.arcgis.com/home/item.html?id=2db9443e67744681ad2739cb70e8d008,1394424299000,1394439982000,LOW,0,,0,,0,0
08770b270a4543fa9086c91c9b65bad5,Diabetes rates,dasbury_storymaps,public,1.9,data.version,LEGACY,version_lt_2.0,https://www.arcgis.com/home/item.html?id=08770b270a4543fa9086c91c9b65bad5,1373386905000,1474406818000,LOW,0,,0,,0,0
f265aff3c88a402c82d3950635b6369a,DIVERSITY 2000,acarroll73,public,1.9.1,data.version,LEGACY,version_lt_2.0,https://www.arcgis.com/home/item.html?id=f265aff3c88a402c82d3950635b6369a,1331170924000,1391048721000,LOW,0,,0,,0,0
00c8803c12ff46a6a1905f0f0cd0bf8a,DIVERSITY 2000 and 2010,StoryMaps,public,1.7,data.version,LEGACY,version_lt_2.0,https://www.arcgis.com/home/item.html?id=00c8803c12ff46a6a1905f0f0cd0bf8a,1361565699000,1361584808000,LOW,0,,0,,0,0
7f8676e2d063464ca42a78c2516f0fbd,DIVERSITY 2010,acarroll73,public,1.9.1,data.version,LEGACY,version_lt_2.0,https://www.arcgis.com/home/item.html?id=7f8676e2d063464ca42a78c2516f0fbd,1331171386000,1391048661000,MEDIUM,1,cde073987cfe4df0aefa386a239909fd,0,,0,0
23080a0b032b405e83bcec49b4a4b2f9,Doctor's offices,StoryMaps,public,1.6,data.version,LEGACY,version_lt_2.0,https://www.arcgis.com/home/item.html?id=23080a0b032b405e83bcec49b4a4b2f9,1341931655000,1342180137000,LOW,0,,0,,0,0
66502e241a6e4f72a1d9c1a80fcbc2d7,Downtown Washington D.C. Shortlist,StoryMaps,public,1.9.1,data.version,LEGACY,version_lt_2.0,https://www.arcgis.com/home/item.html?id=66502e241a6e4f72a1d9c1a80fcbc2d7,1361024318000,1400203194000,LOW,0,,0,,0,0
974c14bc77424a0eb693a2b7884553ca,Drought in Eastern Africa,acarroll73,public,1.3,data.version,LEGACY,version_lt_2.0,https://www.arcgis.com/home/item.html?id=974c14bc77424a0eb693a2b7884553ca,1315407711000,1346084253000,LOW,0,,0,,0,0
25c1bdfdc7cc4d9e88d5cf849c0e93e2,DroughtSummer 2014,StoryMaps,public,1.9.1,data.version,LEGACY,version_lt_2.0,https://www.arcgis.com/home/item.html?id=25c1bdfdc7cc4d9e88d5cf849c0e93e2,1403639447000,1403896875000,HIGH,4,545fee8f8b3a4aada958d3f61db0201e;95a3a3c7f2a546abbea29b967b72b7c8;cee0a0e1305b4b23ac578b47785184ca;cfa8ce07045d4ada8e6b35647355c659,0,,1,0
afb2f0f5e31a473a8622dce19cfb33bd,Dynamic Earth-Copy,dasbury_storymaps,private,1.8,data.version,LEGACY,version_lt_2.0,https://www.arcgis.com/home/item.html?id=afb2f0f5e31a473a8622dce19cfb33bd,1364921425000,1364935826000,LOW,0,,0,,0,0
c5009617726e41b1b1bd4a866a9fa48e,Dzanga National Park,StoryMaps,public,1.9.1,data.version,LEGACY,version_lt_2.0,https://www.arcgis.com/home/item.html?id=c5009617726e41b1b1bd4a866a9fa48e,1400069853000,1400084470000,LOW,0,,0,,0,0
36cc46d14f624156b8b5c2dced9233ed,Earth Tectonic Activity,sabinebarrera,shared,1.9.1,data.version,LEGACY,version_lt_2.0,https://www.arcgis.com/home/item.html?id=36cc46d14f624156b8b5c2dced9233ed,1379996290000,1395883828000,LOW,0,,0,,0,0
e8402ea097824c779fec250155bd8659,earthquake POINTS - Shortlist builder,skitterman,private,1.9,data.version,LEGACY,version_lt_2.0,https://www.arcgis.com/home/item.html?id=e8402ea097824c779fec250155bd8659,1478018313000,1478018553000,MEDIUM,1,1d7a5742b1724d789ac6cf6638622be6,0,,0,0
3006a4060a23474cb866a24cc5873dec,Earthquake!,dasbury_storymaps,public,1.9,data.version,LEGACY,version_lt_2.0,https://www.arcgis.com/home/item.html?id=3006a4060a23474cb866a24cc5873dec,1375727156000,1375764635000,HIGH,1,9558c5bbc2da4620803691c66bdb12df,0,,1,0
1a40fa5cc1ab4569b79f45444d728067,Ecological Footprints of Nations,acarroll73,shared,1.4,data.version,LEGACY,version_lt_2.0,https://www.arcgis.com/home/item.html?id=1a40fa5cc1ab4569b79f45444d728067,1317674957000,1346084228000,LOW,0,,0,,0,0
5aaafcbb85274f47ad85fd677919fdd3,Ecoregions,sabinebarrera,org,1.9.1,data.version,LEGACY,version_lt_2.0,https://www.arcgis.com/home/item.html?id=5aaafcbb85274f47ad85fd677919fdd3,1395871438000,1400795970000,LOW,0,,0,,0,0
7b2b0fe91eb64184bbe91f18da98cd06,Ecoregions of Brazil,acarroll73,private,1.5,data.version,LEGACY,version_lt_2.0,https://www.arcgis.com/home/item.html?id=7b2b0fe91eb64184bbe91f18da98cd06,1331749315000,1346084247000,LOW,0,,0,,0,0
638f4f754af640bea7aaf38669d77399,Ecoregions of Brazil and the Amazon Basin,acarroll73,public,1.5,data.version,LEGACY,version_lt_2.0,https://www.arcgis.com/home/item.html?id=638f4f754af640bea7aaf38669d77399,1331750210000,1346084243000,LOW,0,,0,,0,0
6fa772f18a6546ff9b8fd86871c8d2c0,Ecoregions of North America,StoryMaps,private,1.5,data.version,LEGACY,version_lt_2.0,https://www.arcgis.com/home/item.html?id=6fa772f18a6546ff9b8fd86871c8d2c0,1332462630000,1478279141000,LOW,0,,0,,0,0
8e78c0a2476c4d58b413065ff6c214d2,Ecosystem Restoration-Copy,StoryMaps,public,1.9.1,data.version,LEGACY,version_lt_2.0,https://www.arcgis.com/home/item.html?id=8e78c0a2476c4d58b413065ff6c214d2,1398773482000,1398788407000,LOW,0,,0,,0,0
46bb7e68a46c488ba4fed5270c2b5446,Ecosystems,FedGISContent,public,1.9.1,data.version,LEGACY,version_lt_2.0,https://www.arcgis.com/home/item.html?id=46bb7e68a46c488ba4fed5270c2b5446,1391559098000,1391577855000,LOW,0,,0,,0,0
12d170b3ea7e451da2be7d167396faf2,Ecosystems and Land Cover,StoryMaps,public,1.9,data.version,LEGACY,version_lt_2.0,https://www.arcgis.com/home/item.html?id=12d170b3ea7e451da2be7d167396faf2,1381494722000,1381515168000,LOW,0,,0,,0,0
e524643013404acb8570430dee28f37a,Ecosystems Map Tour,StoryMaps,private,1.9,data.version,LEGACY,version_lt_2.0,https://www.arcgis.com/home/item.html?id=e524643013404acb8570430dee28f37a,1416491388000,1416491388000,LOW,0,,0,,0,0
2ad29b969ab04148a53a67a91b3c15ad,Ecosystems Tour,StoryMaps,public,1.9,data.version,LEGACY,version_lt_2.0,https://www.arcgis.com/home/item.html?id=2ad29b969ab04148a53a67a91b3c15ad,1414152487000,1414175345000,HIGH,1,e3d1260e88ff49a0adf4d828cb393e96,1,e3d1260e88ff49a0adf4d828cb393e96,1,1
15b42285635e480cb9bf8380e9052ef2,Edit me!asdfasdfasdfasdfa asdf ,skitterman,private,1.9,data.version,LEGACY,version_lt_2.0,https://www.arcgis.com/home/item.html?id=15b42285635e480cb9bf8380e9052ef2,1478110446000,1478110446000,LOW,0,,0,,0,0
d3c15a123bef4d6b9f6e365feeada8b0,EdUC 2011 Plenary 2:  The International GIS in Education Community,acarroll73,private,1.3,data.version,LEGACY,version_lt_2.0,https://www.arcgis.com/home/item.html?id=d3c15a123bef4d6b9f6e365feeada8b0,1310221523000,1346084263000,LOW,0,,0,,0,0
8e61609d6f6d4a5bb83e0c15149980ad,EdUC 2011 Plenary:  The International GIS in Education Community,acarroll73,private,1.3,data.version,LEGACY,version_lt_2.0,https://www.arcgis.com/home/item.html?id=8e61609d6f6d4a5bb83e0c15149980ad,1310221397000,1346084252000,LOW,0,,0,,0,0
58975590e44f4be489ffdb41185ebfb8,Electric Network in Riverside,sabinebarrera,public,1.9.1,data.version,LEGACY,version_lt_2.0,https://www.arcgis.com/home/item.html?id=58975590e44f4be489ffdb41185ebfb8,1400792301000,1400806968000,LOW,0,,0,,0,0
15749afaecb643e3aff154413136516c,Electricity from the sun: a small but growing force,StoryMaps,public,1.5,data.version,LEGACY,version_lt_2.0,https://www.arcgis.com/home/item.html?id=15749afaecb643e3aff154413136516c,1334937847000,1772156023000,LOW,0,,0,,0,0
666c7307ea3e4a4582c90c236138b281,Elephant Conservation Organizations,StoryMaps,public,1.9,data.version,LEGACY,version_lt_2.0,https://www.arcgis.com/home/item.html?id=666c7307ea3e4a4582c90c236138b281,1380728364000,1384223552000,LOW,0,,0,,0,0
4d9d1d04d4c1465a85272b2bdd6b7f6f,Elephant Incident Locator,StoryMaps,public,1.9,data.version,LEGACY,version_lt_2.0,https://www.arcgis.com/home/item.html?id=4d9d1d04d4c1465a85272b2bdd6b7f6f,1380548718000,1385067346000,LOW,0,,0,,0,0
b2e2a2a42b7a45a3991cb11399b2aede,ElephantPoaching,glazou2,public,1.9,data.version,LEGACY,version_lt_2.0,https://www.arcgis.com/home/item.html?id=b2e2a2a42b7a45a3991cb11399b2aede,1406050551000,1406065005000,LOW,0,,0,,0,0
9a198cb5195144c3b1b6bf90ccefba7c,ElephantPoaching,glazou2,public,1.9,data.version,LEGACY,version_lt_2.0,https://www.arcgis.com/home/item.html?id=9a198cb5195144c3b1b6bf90ccefba7c,1409072277000,1409072324000,LOW,0,,0,,0,0
c2d95b3b5ae948d897a07e2c007f95ff,Embassies in D.C,dasbury_storymaps,private,1.7,data.version,LEGACY,version_lt_2.0,https://www.arcgis.com/home/item.html?id=c2d95b3b5ae948d897a07e2c007f95ff,1358293004000,1358312378000,LOW,0,,0,,0,0
855467b5f41d4e449a9e7948edc46a47,Emergency Department Visits-Copy,acarroll73,private,1.4,data.version,LEGACY,version_lt_2.0,https://www.arcgis.com/home/item.html?id=855467b5f41d4e449a9e7948edc46a47,1322690058000,1346084250000,LOW,0,,0,,0,0
84be36ea992b4a53aa49505973360f91,Enduring Voices 11.12,StoryMaps,private,1.6,data.version,LEGACY,version_lt_2.0,https://www.arcgis.com/home/item.html?id=84be36ea992b4a53aa49505973360f91,1352160173000,1353967571000,LOW,0,,0,,0,0
9d4fd16e02464071948216005eebeaa0,Energy,sabinebarrera,private,1.7,data.version,LEGACY,version_lt_2.0,https://www.arcgis.com/home/item.html?id=9d4fd16e02464071948216005eebeaa0,1360624842000,1360643207000,LOW,0,,0,,0,0
d365f24383134a48acf18d59ba353ba3,EPA ecoregions level III (and IV),StoryMaps,private,1.9.1,data.version,LEGACY,version_lt_2.0,https://www.arcgis.com/home/item.html?id=d365f24383134a48acf18d59ba353ba3,1386964323000,1386982462000,LOW,0,,0,,0,0
8c4b6f898998408691a091d4abe06f38,Esri Campus Tour,StoryMaps,public,1.5,data.version,LEGACY,version_lt_2.0,https://www.arcgis.com/home/item.html?id=8c4b6f898998408691a091d4abe06f38,1334846427000,1478279141000,HIGH,1,f2cad248fa02410cbdbd93a3579df314,1,f2cad248fa02410cbdbd93a3579df314,1,1
19f620c469364cd3adc5967ad469c321,Esri Demographic Data Coverage (Esri Internal use),FedGISContent,org,1.9.1,data.version,LEGACY,version_lt_2.0,https://www.arcgis.com/home/item.html?id=19f620c469364cd3adc5967ad469c321,1391699942000,1391718864000,LOW,0,,0,,0,0
66f122fe780946dd8a4852efe9990abc,Esri Demographic Data Coverage (Esri Internal use)-Copy,FedGISContent,public,1.9.1,data.version,LEGACY,version_lt_2.0,https://www.arcgis.com/home/item.html?id=66f122fe780946dd8a4852efe9990abc,1391701455000,1391701455000,LOW,0,,0,,0,0
d1b09b5e0490421da419c90351feb0b1,Esri Map Tour demo,dasbury_storymaps,private,1.9,data.version,LEGACY,version_lt_2.0,https://www.arcgis.com/home/item.html?id=d1b09b5e0490421da419c90351feb0b1,1426034874000,1459123354000,LOW,0,,0,,0,0
ca3420dcc565495c990c1e7468f31178,Esri NAIP Imagery,FedGISContent,public,1.9.1,data.version,LEGACY,version_lt_2.0,https://www.arcgis.com/home/item.html?id=ca3420dcc565495c990c1e7468f31178,1391978888000,1391997034000,LOW,0,,0,,0,0
094e1f7c73374cbcad8fe49c21f30b97,Esri User Conference 2012,StoryMaps,private,1.6,data.version,LEGACY,version_lt_2.0,https://www.arcgis.com/home/item.html?id=094e1f7c73374cbcad8fe49c21f30b97,1340053214000,1478279141000,LOW,0,,0,,0,0
6f786361c5f9400db0ebb2ce6b8f9a15,Esri User Conference 2012 5K Run-Walk,StoryMaps,public,1.6,data.version,LEGACY,version_lt_2.0,https://www.arcgis.com/home/item.html?id=6f786361c5f9400db0ebb2ce6b8f9a15,1343229227000,1343245114000,LOW,0,,0,,0,0
ab81fa1d40d2460689aad798ea134912,"Esri User Conference party, July 27, 2012",StoryMaps,public,1.6,data.version,LEGACY,version_lt_2.0,https://www.arcgis.com/home/item.html?id=ab81fa1d40d2460689aad798ea134912,1343362030000,1343821394000,LOW,0,,0,,0,0
afdb5314831a4ff49a5102a039618020,"Estimated Population Change, 2010 - 2011",acarroll73,public,1.5,data.version,LEGACY,version_lt_2.0,https://www.arcgis.com/home/item.html?id=afdb5314831a4ff49a5102a039618020,1325088609000,1346084256000,LOW,0,,0,,0,0
c7fed40a13af496d88fc17c58a6af739,Europe Population,sabinebarrera,private,1.9,data.version,LEGACY,version_lt_2.0,https://www.arcgis.com/home/item.html?id=c7fed40a13af496d88fc17c58a6af739,1378779513000,1379732521000,LOW,0,,0,,0,0
81631f50b71c4bdf9d67e0ec0fa173e9,European cities will experience more severe heat waves,StoryMaps,public,1.6,data.version,LEGACY,version_lt_2.0,https://www.arcgis.com/home/item.html?id=81631f50b71c4bdf9d67e0ec0fa173e9,1346892071000,1347567808000,LOW,0,,0,,0,0
6c83595e3a364aaa9a26efbec4947a96,European heat waves: 1971-2000,StoryMaps,public,1.7,data.version,LEGACY,version_lt_2.0,https://www.arcgis.com/home/item.html?id=6c83595e3a364aaa9a26efbec4947a96,1347026485000,1726765271000,LOW,0,,0,,0,0
96128d7897344e13904e0e01719b4d19,European heat waves: 2021-2050,StoryMaps,public,1.7,data.version,LEGACY,version_lt_2.0,https://www.arcgis.com/home/item.html?id=96128d7897344e13904e0e01719b4d19,1347026382000,1726765383000,LOW,0,,0,,0,0
54dd3868a5344b499c707e0d41da24ec,European heat waves: 2071-2100,StoryMaps,public,1.7,data.version,LEGACY,version_lt_2.0,https://www.arcgis.com/home/item.html?id=54dd3868a5344b499c707e0d41da24ec,1347026433000,1726765446000,LOW,0,,0,,0,0
f5f2c244b3be4e90b06cf878c30311fe,example,StoryMaps,public,1.9.1,data.version,LEGACY,version_lt_2.0,https://www.arcgis.com/home/item.html?id=f5f2c244b3be4e90b06cf878c30311fe,1397151444000,1397151444000,LOW,0,,0,,0,0
9ec6c45f6ad249a8993527614a850077,Explore the Growing World of Story Maps,StoryMaps,private,1.9,data.version,LEGACY,version_lt_2.0,https://www.arcgis.com/home/item.html?id=9ec6c45f6ad249a8993527614a850077,1384380598000,1408978389000,LOW,0,,0,,0,0
0becd387b4fe4151ac0fbb9d6073920d,Explore the Growing World of Story Maps - Old,StoryMaps,private,1.7,data.version,LEGACY,version_lt_2.0,https://www.arcgis.com/home/item.html?id=0becd387b4fe4151ac0fbb9d6073920d,1357336708000,1384398577000,MEDIUM,2,6e79f0aebde7475a81e0799a9c428df9;fc5f80603377433d84c6f18469de42cc,0,,0,0
84d732fa686f4597883c5e0bd1259d95,Explore the Growing World of Story Maps-Copy,StoryMaps,private,1.7,data.version,LEGACY,version_lt_2.0,https://www.arcgis.com/home/item.html?id=84d732fa686f4597883c5e0bd1259d95,1362500107000,1478279138000,LOW,0,,0,,0,0
56a3f283feb9465abb91f499a7879d56,Exploring a selection of the world's endangered Languages,StoryMaps,public,1.8,data.version,LEGACY,version_lt_2.0,https://www.arcgis.com/home/item.html?id=56a3f283feb9465abb91f499a7879d56,1367506691000,1589984149000,LOW,0,,0,,0,0
3901bb77cd7a4e53aa48dd596f857d95,Exploring the Gaza Strip's Varied Geography,StoryMaps,public,1.6,data.version,LEGACY,version_lt_2.0,https://www.arcgis.com/home/item.html?id=3901bb77cd7a4e53aa48dd596f857d95,1353361039000,1354016613000,LOW,0,,0,,0,0
f1cd596c139b4516997460f63e84167c,Exploring the Tuscan countryside around Radda and Volpaia,StoryMaps,public,1.7,data.version,LEGACY,version_lt_2.0,https://www.arcgis.com/home/item.html?id=f1cd596c139b4516997460f63e84167c,1360095779000,1362600228000,HIGH,1,8c9c47f7c1fb43b095fdd480dcbf78b7,1,8c9c47f7c1fb43b095fdd480dcbf78b7,1,1
4774fbb9dbbe444d94b4dbe56cc17516,Facebook Images tour test,StoryMaps,private,1.9,data.version,LEGACY,version_lt_2.0,https://www.arcgis.com/home/item.html?id=4774fbb9dbbe444d94b4dbe56cc17516,1468970820000,1468970820000,MEDIUM,1,f63afb67ce50469ea0587144e066e6cd,1,f63afb67ce50469ea0587144e066e6cd,0,0
160de7b0dfeb40c18904f432a1a67cac,facebook photos,mystories,private,1.9,data.version,LEGACY,version_lt_2.0,https://www.arcgis.com/home/item.html?id=160de7b0dfeb40c18904f432a1a67cac,1428519995000,1428519995000,LOW,0,,0,,0,0
045798d4811140beb286720130498758,Famous shipwrecks,acarroll73,public,1.5,data.version,LEGACY,version_lt_2.0,https://www.arcgis.com/home/item.html?id=045798d4811140beb286720130498758,1330290547000,1346084222000,LOW,0,,0,,0,0
31879b960f8c4c1eadd865c9b051a479,Fateful voyage of the Titanic,StoryMaps,public,1.5,data.version,LEGACY,version_lt_2.0,https://www.arcgis.com/home/item.html?id=31879b960f8c4c1eadd865c9b051a479,1334075346000,1478279145000,LOW,0,,0,,0,0
2570e98ff237400d8bbba10dd93f90e1,FavoriteVacationSpots,StoryMaps,public,1.9.1,data.version,LEGACY,version_lt_2.0,https://www.arcgis.com/home/item.html?id=2570e98ff237400d8bbba10dd93f90e1,1394040412000,1394589184000,LOW,0,,0,,0,0
f17034fa610e48aebca50c7944d9d611,feature service map tour,StoryMaps,private,1.9,data.version,LEGACY,version_lt_2.0,https://www.arcgis.com/home/item.html?id=f17034fa610e48aebca50c7944d9d611,1428519740000,1428519740000,LOW,0,,0,,0,0
b767aef03755445d8e3ef80d9d718821,Federal Lands of the United States,StoryMaps,public,1.9,data.version,LEGACY,version_lt_2.0,https://www.arcgis.com/home/item.html?id=b767aef03755445d8e3ef80d9d718821,1381495426000,1381515086000,MEDIUM,1,64909b95381348b993706629f83d5146,0,,0,0
a1e1f337ba30469c8d20e5915bbe26f9,Federal Prison locations,dasbury_storymaps,private,1.9,data.version,LEGACY,version_lt_2.0,https://www.arcgis.com/home/item.html?id=a1e1f337ba30469c8d20e5915bbe26f9,1375493061000,1375507462000,LOW,0,,0,,0,0
cf60b2d006dd45cebc083c1f9e1d572f,Federal Prisons of the United States,StoryMaps,public,1.9,data.version,LEGACY,version_lt_2.0,https://www.arcgis.com/home/item.html?id=cf60b2d006dd45cebc083c1f9e1d572f,1375409904000,1375424665000,LOW,0,,0,,0,0
0ce3ca907158463b87520d2d7c9a14fd,Fifty Largest Refugee Camps,StoryMaps,public,1.9,data.version,LEGACY,version_lt_2.0,https://www.arcgis.com/home/item.html?id=0ce3ca907158463b87520d2d7c9a14fd,1371225390000,1375494021000,LOW,0,,0,,0,0
9319e682946148b68d2b09215a1ee530,"Finding the amazing in the ordinary: A morning walk in Redlands, CA",StoryMaps,public,1.8,data.version,LEGACY,version_lt_2.0,https://www.arcgis.com/home/item.html?id=9319e682946148b68d2b09215a1ee530,1366900501000,1367080810000,HIGH,1,c213d999dc1b46a1b559423fc0bbb56d,1,c213d999dc1b46a1b559423fc0bbb56d,1,1
c6f04128ba4f438fb1233f07bcfbdeac,Fire Centroids,sabinebarrera,public,1.9.1,data.version,LEGACY,version_lt_2.0,https://www.arcgis.com/home/item.html?id=c6f04128ba4f438fb1233f07bcfbdeac,1401912636000,1401927082000,LOW,0,,0,,0,0
524759a00c7b4c6d8f9d7c6ac0344f08,First Presentation,sabinebarrera,private,1.7,data.version,LEGACY,version_lt_2.0,https://www.arcgis.com/home/item.html?id=524759a00c7b4c6d8f9d7c6ac0344f08,1360012750000,1360030751000,LOW,0,,0,,0,0
02317f5df078464188bfe97e9a548802,flickr photos,mystories,public,1.9,data.version,LEGACY,version_lt_2.0,https://www.arcgis.com/home/item.html?id=02317f5df078464188bfe97e9a548802,1428519875000,1428519875000,MEDIUM,1,c0768fdc29304a95a846b531008cb10c,1,c0768fdc29304a95a846b531008cb10c,0,0
05e80114de9f44c19284e66ca4eb4309,Food Crops-Copy,acarroll_storymaps,private,1.5,data.version,LEGACY,version_lt_2.0,https://www.arcgis.com/home/item.html?id=05e80114de9f44c19284e66ca4eb4309,1338469580000,1338469581000,LOW,0,,0,,0,0
3ae50ad661ad4e5b8ed29081739faa7f,Food Insecurity in the Horn of Africa-Copy,acarroll73,public,1.3,data.version,LEGACY,version_lt_2.0,https://www.arcgis.com/home/item.html?id=3ae50ad661ad4e5b8ed29081739faa7f,1314890080000,1346084234000,LOW,0,,0,,0,0
ca05533cb0bc4293a63b4ee8048576bd,"Food, Feed, & Fuel",acarroll_storymaps,public,1.6,data.version,LEGACY,version_lt_2.0,https://www.arcgis.com/home/item.html?id=ca05533cb0bc4293a63b4ee8048576bd,1340036394000,1340043712000,LOW,0,,0,,0,0
f5b28f3ad150408c98e556e6863daa98,Forest Cover and Loss: NatureServe,StoryMaps,private,1.9,data.version,LEGACY,version_lt_2.0,https://www.arcgis.com/home/item.html?id=f5b28f3ad150408c98e556e6863daa98,1381491184000,1381505772000,LOW,0,,0,,0,0
ae1f7a03ba8e488fae655e6eb0e21e1a,Forest elephant habitat comparison over time - 2002,dasbury_storymaps,org,1.9,data.version,LEGACY,version_lt_2.0,https://www.arcgis.com/home/item.html?id=ae1f7a03ba8e488fae655e6eb0e21e1a,1381241209000,1381255723000,LOW,0,,0,,0,0
77e171d4257c48ec9285653fc81682e6,Forest elephant habitat comparison over time - 2011,dasbury_storymaps,private,1.9,data.version,LEGACY,version_lt_2.0,https://www.arcgis.com/home/item.html?id=77e171d4257c48ec9285653fc81682e6,1381241243000,1381255644000,LOW,0,,0,,0,0
3e163d8e2c314b009707bcb43c7e997c,Forest elephant habitat comparison over time - NACIS 2013,dasbury_storymaps,org,1.9,data.version,LEGACY,version_lt_2.0,https://www.arcgis.com/home/item.html?id=3e163d8e2c314b009707bcb43c7e997c,1381237368000,1381357245000,MEDIUM,1,8c09b5c1d7e24c3b80730ad69e6381bb,0,,0,0
f8e728bf2e494a989f05fcb1ae38934c,"Fort Sumter, 1861 and today",acarroll73,public,1.2,data.version,LEGACY,version_lt_2.0,https://www.arcgis.com/home/item.html?id=f8e728bf2e494a989f05fcb1ae38934c,1302027648000,1346084269000,LOW,0,,0,,0,0
116eee40686f483e98b486e3c7571f85,France through the Ages-Copy,StoryMaps,private,1.9.1,data.version,LEGACY,version_lt_2.0,https://www.arcgis.com/home/item.html?id=116eee40686f483e98b486e3c7571f85,1389791140000,1389809140000,LOW,0,,0,,0,0
35e217074baa4dccb10f26f1612bfdf9,Free and Clear Housing,acarroll73,shared,1.5,data.version,LEGACY,version_lt_2.0,https://www.arcgis.com/home/item.html?id=35e217074baa4dccb10f26f1612bfdf9,1326470318000,1346084233000,LOW,0,,0,,0,0
8d600623aac5492aa56ecf2e6f7edc6b,Freshwater ecoregions and riverbasins of the U.S.,acarroll73,public,1.1,data.version,LEGACY,version_lt_2.0,https://www.arcgis.com/home/item.html?id=8d600623aac5492aa56ecf2e6f7edc6b,1287503050000,1346084251000,LOW,0,,0,,0,0
08c8c7870b2d44e7822548cb3cc6c057,General Countdown Satellite Map,StoryMaps,public,1.9,data.version,LEGACY,version_lt_2.0,https://www.arcgis.com/home/item.html?id=08c8c7870b2d44e7822548cb3cc6c057,1375216266000,1386699897000,LOW,0,,0,,0,0
5fa2e1587fca429897e4ec5788d677d7,Geo-Genealogy of Irish Surnames-Copy,acarroll73,shared,1.5,data.version,LEGACY,version_lt_2.0,https://www.arcgis.com/home/item.html?id=5fa2e1587fca429897e4ec5788d677d7,1328834643000,1346084242000,LOW,0,,0,,0,0
0453264186ea485d9dfe6518bfc7cafb,Geoblog_basemap,FedGISContent,public,1.9.1,data.version,LEGACY,version_lt_2.0,https://www.arcgis.com/home/item.html?id=0453264186ea485d9dfe6518bfc7cafb,1390425388000,1390425388000,LOW,0,,0,,0,0
de30652a56834f7e83080ca6ca0d2371,Geography Hawaii Trip,storymapslegacy,private,1.9,data.version,LEGACY,version_lt_2.0,https://www.arcgis.com/home/item.html?id=de30652a56834f7e83080ca6ca0d2371,1383095785000,1726864884000,LOW,0,,0,,0,0
33026d900ebf400d821f3c3275475a36,Geography Treasure Hunt,acarroll73,public,1.6,data.version,LEGACY,version_lt_2.0,https://www.arcgis.com/home/item.html?id=33026d900ebf400d821f3c3275475a36,1326080489000,1348175279000,LOW,0,,0,,0,0
175ab4c108b4463291ee621f52311e15,Geography Treasure Hunt Version 2,acarroll73,public,1.6,data.version,LEGACY,version_lt_2.0,https://www.arcgis.com/home/item.html?id=175ab4c108b4463291ee621f52311e15,1351716603000,1351716604000,LOW,0,,0,,0,0
67236ca3ea7d45ceb4921d9331f78346,Gettysburg_Layers,StoryMaps,public,1.9,data.version,LEGACY,version_lt_2.0,https://www.arcgis.com/home/item.html?id=67236ca3ea7d45ceb4921d9331f78346,1381505284000,1381519685000,LOW,0,,0,,0,0
0c2a4d72960c4add95e43ee5c2bb65fc,GIS Day Kids,sabinebarrera,org,1.9,data.version,LEGACY,version_lt_2.0,https://www.arcgis.com/home/item.html?id=0c2a4d72960c4add95e43ee5c2bb65fc,1384800287000,1384820944000,LOW,0,,0,,0,0
91e2bd1ecfb943c8af893f5eb67d6ff7,Global Crossroads: The World's 25 Busiest Airports,StoryMaps,public,1.9,data.version,LEGACY,version_lt_2.0,https://www.arcgis.com/home/item.html?id=91e2bd1ecfb943c8af893f5eb67d6ff7,1375978520000,1376427191000,LOW,0,,0,,0,0
ed393190a04545079503814f583e811c,Global EEZ plus oceans basemap,acarroll73,public,1.3,data.version,LEGACY,version_lt_2.0,https://www.arcgis.com/home/item.html?id=ed393190a04545079503814f583e811c,1312393797000,1346084267000,LOW,0,,0,,0,0
76a980934b8a4a51be52bcf9c2cec628,Global mobile phone subscriptions (World Bank)-Copy,acarroll73,shared,1.5,data.version,LEGACY,version_lt_2.0,https://www.arcgis.com/home/item.html?id=76a980934b8a4a51be52bcf9c2cec628,1325957509000,1346084247000,LOW,0,,0,,0,0
0df2bbc0593549bb90cd2c3196ecc4b8,Global Sea Level Trends,StoryMaps,public,1.5,data.version,LEGACY,version_lt_2.0,https://www.arcgis.com/home/item.html?id=0df2bbc0593549bb90cd2c3196ecc4b8,1333399989000,1478279141000,LOW,0,,0,,0,0
c41b85118cae443f8fffa02d55988758,Global shipping routes,StoryMaps,private,1.8,data.version,LEGACY,version_lt_2.0,https://www.arcgis.com/home/item.html?id=c41b85118cae443f8fffa02d55988758,1365608852000,1365623254000,LOW,0,,0,,0,0
3947294cb99541d98aa6f0ac6d40bcaf,GPX test,dasbury_storymaps,org,1.9,data.version,LEGACY,version_lt_2.0,https://www.arcgis.com/home/item.html?id=3947294cb99541d98aa6f0ac6d40bcaf,1376000943000,1376015344000,LOW,0,,0,,0,0
70424fae79f0458cb7fc79f2e13e46d4,Great Places,acarroll73,private,1.3,data.version,LEGACY,version_lt_2.0,https://www.arcgis.com/home/item.html?id=70424fae79f0458cb7fc79f2e13e46d4,1316100649000,1346084245000,LOW,0,,0,,0,0
ffe073a99bf84d36af635ca3744a5ef5,Greg's road trip in French Riviera,glazou2,public,1.9,data.version,LEGACY,version_lt_2.0,https://www.arcgis.com/home/item.html?id=ffe073a99bf84d36af635ca3744a5ef5,1453144002000,1453223827000,HIGH,1,2fd1a4abd1d346e19840493431d3c178,1,2fd1a4abd1d346e19840493431d3c178,1,1
ef35b3aaeca540b6bd6455cb994f8d46,greg06111,glazou2,public,1.9.1,data.version,LEGACY,version_lt_2.0,https://www.arcgis.com/home/item.html?id=ef35b3aaeca540b6bd6455cb994f8d46,1402503096000,1402503096000,LOW,0,,0,,0,0
d11993a77fa24a7294d7742304719c74,greg08051,StoryMaps,public,1.9,data.version,LEGACY,version_lt_2.0,https://www.arcgis.com/home/item.html?id=d11993a77fa24a7294d7742304719c74,1375740181000,1375754632000,LOW,0,,0,,0,0
560bfe84db2f49c989de409267b075a8,greg08053,StoryMaps,public,1.9,data.version,LEGACY,version_lt_2.0,https://www.arcgis.com/home/item.html?id=560bfe84db2f49c989de409267b075a8,1375741769000,1375756219000,LOW,0,,0,,0,0
ac170346643f48caa740f1d5c8a439b4,greg10151,StoryMaps,public,1.9,data.version,LEGACY,version_lt_2.0,https://www.arcgis.com/home/item.html?id=ac170346643f48caa740f1d5c8a439b4,1381879514000,1381893963000,MEDIUM,1,2c59bbd5671640799f5db33f6237c983,1,2c59bbd5671640799f5db33f6237c983,0,0
9c240691b9e1475eaea7ce5024becda1,greg10211,StoryMaps,public,1.9,data.version,LEGACY,version_lt_2.0,https://www.arcgis.com/home/item.html?id=9c240691b9e1475eaea7ce5024becda1,1382394741000,1382411753000,MEDIUM,1,7cc759a14dbe4a95a31414e584134fdf,1,7cc759a14dbe4a95a31414e584134fdf,0,0
5f3646d09714453eb4fcd6ea23f30fff,greg7156,StoryMaps,private,1.9,data.version,LEGACY,version_lt_2.0,https://www.arcgis.com/home/item.html?id=5f3646d09714453eb4fcd6ea23f30fff,1436996980000,1436996980000,MEDIUM,1,3d2a73343b984eff85a04aa391a85519,1,3d2a73343b984eff85a04aa391a85519,0,0
0ff0c32ffac0490caf388d9421b1e363,Growth of cities as seen on Landsat imagery,acarroll73,private,1.5,data.version,LEGACY,version_lt_2.0,https://www.arcgis.com/home/item.html?id=0ff0c32ffac0490caf388d9421b1e363,1339165668000,1346084226000,LOW,0,,0,,0,0
83dd3e9c202c42e7b787ec66dbe73294,"Growth Rates of 100 Most Populous U.S. Cities, 2000 - 2010",StoryMaps,public,1.6,data.version,LEGACY,version_lt_2.0,https://www.arcgis.com/home/item.html?id=83dd3e9c202c42e7b787ec66dbe73294,1348863046000,1349814149000,LOW,0,,0,,0,0
559c7b54de47457d9387aa572708b6fc,Gunnison Sage Grouse,StoryMaps,public,1.7,data.version,LEGACY,version_lt_2.0,https://www.arcgis.com/home/item.html?id=559c7b54de47457d9387aa572708b6fc,1362670550000,1362769468000,LOW,0,,0,,0,0
30645867b0ee42b68caa7a5b169500a3,Harvard October 2015,StoryMaps,public,1.9,data.version,LEGACY,version_lt_2.0,https://www.arcgis.com/home/item.html?id=30645867b0ee42b68caa7a5b169500a3,1446132329000,1446233732000,HIGH,1,a1337f9d43474b6fabf5e729b8fb5a5d,1,a1337f9d43474b6fabf5e729b8fb5a5d,1,1
484f5b3624c84fae9b87841e1d395d6a,"Hat Point, Umatilla National Forest, Oregon",acarroll73,public,1.1,data.version,LEGACY,version_lt_2.0,https://www.arcgis.com/home/item.html?id=484f5b3624c84fae9b87841e1d395d6a,1287854603000,1346084236000,LOW,0,,0,,0,0
75ed42f9a5ed4f2399ba753cd8deae6d,Hawaii,skitterman,public,1.9,data.version,LEGACY,version_lt_2.0,https://www.arcgis.com/home/item.html?id=75ed42f9a5ed4f2399ba753cd8deae6d,1479148971000,1479148971000,HIGH,2,68b5b0b7f1654d12ae0f71f51d5ce192;c8aeb5899a674f4d80465f2891ce679a,1,68b5b0b7f1654d12ae0f71f51d5ce192,2,1
5773341cc9d7444fa15386803e1b14b4,Hello World,StoryMaps,private,1.9,data.version,LEGACY,version_lt_2.0,https://www.arcgis.com/home/item.html?id=5773341cc9d7444fa15386803e1b14b4,1382921342000,1419887678000,LOW,0,,0,,0,0
c350e8a1fb5649a2bef92608fc7e82f9,Hike to San Bernardino Peak,glazou2,public,1.9,data.version,LEGACY,version_lt_2.0,https://www.arcgis.com/home/item.html?id=c350e8a1fb5649a2bef92608fc7e82f9,1374545811000,1374616727000,HIGH,1,0cf13d0eaa3342e09d794166808f08b9,1,0cf13d0eaa3342e09d794166808f08b9,1,1
051d2c8302a747ce8335a0a1f106fc86,Hiking the Appalachian Trail with Twiggs,StoryMaps,public,1.8,data.version,LEGACY,version_lt_2.0,https://www.arcgis.com/home/item.html?id=051d2c8302a747ce8335a0a1f106fc86,1367545651000,1367609607000,MEDIUM,1,f90046e0ce8e44e2a128f0325fccb2af,1,f90046e0ce8e44e2a128f0325fccb2af,0,0
708aee65d2e0403e8b5b8d009c3f1602,Hispanic Population,acarroll73,private,1.5,data.version,LEGACY,version_lt_2.0,https://www.arcgis.com/home/item.html?id=708aee65d2e0403e8b5b8d009c3f1602,1327080419000,1346084245000,LOW,0,,0,,0,0
3a80b760feb54e0f9429fbeb15aaf011,Hispanic Population,StoryMaps,public,1.5,data.version,LEGACY,version_lt_2.0,https://www.arcgis.com/home/item.html?id=3a80b760feb54e0f9429fbeb15aaf011,1327435381000,1478279139000,LOW,0,,0,,0,0
24f50da045f249618e1974599cf06f79,Hispanics in the U.S.,acarroll73,private,1.5,data.version,LEGACY,version_lt_2.0,https://www.arcgis.com/home/item.html?id=24f50da045f249618e1974599cf06f79,1327080501000,1346084230000,LOW,0,,0,,0,0
ffc0923059f64cdc855198da2a0437fb,Hokule,dasbury_storymaps,private,1.9.1,data.version,LEGACY,version_lt_2.0,https://www.arcgis.com/home/item.html?id=ffc0923059f64cdc855198da2a0437fb,1400788310000,1400813012000,LOW,0,,0,,0,0
618cda7764ad45d7a9c051f7562b3e4e,Home values vs. household income,acarroll73,public,1.2,data.version,LEGACY,version_lt_2.0,https://www.arcgis.com/home/item.html?id=618cda7764ad45d7a9c051f7562b3e4e,1299794203000,1346084243000,LOW,0,,0,,0,0
0fce61326a32464091c3c08af9f42a21,"Homs, Syria Aerial",StoryMaps,private,1.9.1,data.version,LEGACY,version_lt_2.0,https://www.arcgis.com/home/item.html?id=0fce61326a32464091c3c08af9f42a21,1402430092000,1402430092000,LOW,0,,0,,0,0
122399077dd84dab848cee60167a596e,"Homs, Syria Aerial Imagery",StoryMaps,public,1.9.1,data.version,LEGACY,version_lt_2.0,https://www.arcgis.com/home/item.html?id=122399077dd84dab848cee60167a596e,1402430122000,1402430122000,HIGH,1,f77918dda7c94631a3bfe5cf9c361fbd,0,,1,0
bfdf95044c74417a98afde31fa457829,"Homs, Syria imagery",StoryMaps,public,1.9.1,data.version,LEGACY,version_lt_2.0,https://www.arcgis.com/home/item.html?id=bfdf95044c74417a98afde31fa457829,1402428081000,1402442992000,LOW,0,,0,,0,0
e2c592ba974d4674b9475019fd5d2681,Horn of Africa agriculture and land cover,acarroll73,private,1.3,data.version,LEGACY,version_lt_2.0,https://www.arcgis.com/home/item.html?id=e2c592ba974d4674b9475019fd5d2681,1314893339000,1346084266000,LOW,0,,0,,0,0
0c99da0ec5a44b6387f39fb8f6025821,Horn of Africa locator,acarroll73,public,1.3,data.version,LEGACY,version_lt_2.0,https://www.arcgis.com/home/item.html?id=0c99da0ec5a44b6387f39fb8f6025821,1316619294000,1346084225000,LOW,0,,0,,0,0
850d09397ec74204a656ae77bf7b0a65,Hot 'n Cold: Winter in Yellowstone National Park,StoryMaps,org,1.9,data.version,LEGACY,version_lt_2.0,https://www.arcgis.com/home/item.html?id=850d09397ec74204a656ae77bf7b0a65,1434031686000,1434046883000,LOW,0,,0,,0,0
fc03905236e64959bc605b6b8ee6f982,Hotspot threat levels,StoryMaps,public,1.8,data.version,LEGACY,version_lt_2.0,https://www.arcgis.com/home/item.html?id=fc03905236e64959bc605b6b8ee6f982,1369849802000,1369864842000,LOW,0,,0,,0,0
f149252942b241e39c55bffa39574566,Household Income 2011,acarroll73,shared,1.5,data.version,LEGACY,version_lt_2.0,https://www.arcgis.com/home/item.html?id=f149252942b241e39c55bffa39574566,1326470292000,1346084268000,LOW,0,,0,,0,0
b723453434124cae89b0ecbe41a10613,How Long are People Living?,acarroll73,public,1.4,data.version,LEGACY,version_lt_2.0,https://www.arcgis.com/home/item.html?id=b723453434124cae89b0ecbe41a10613,1319742286000,1346084258000,LOW,0,,0,,0,0
547765ec18a940c5aeeef2b8e92c5268,How Rapidly is Population Growing?,acarroll73,public,1.4,data.version,LEGACY,version_lt_2.0,https://www.arcgis.com/home/item.html?id=547765ec18a940c5aeeef2b8e92c5268,1319761024000,1346084240000,LOW,0,,0,,0,0
75d536a69270440a952ae2e5c0143242,Human activities are reshaping Earth's surface,acarroll73,public,1.5,data.version,LEGACY,version_lt_2.0,https://www.arcgis.com/home/item.html?id=75d536a69270440a952ae2e5c0143242,1330366080000,1346084246000,HIGH,1,951330f82e384360a1ad43f2b0168278,0,,1,0
71e37f4751c043219c28465be98dcf1f,Hurricance Matthew,dasbury_storymaps,private,1.9,data.version,LEGACY,version_lt_2.0,https://www.arcgis.com/home/item.html?id=71e37f4751c043219c28465be98dcf1f,1478035217000,1524093750000,MEDIUM,1,25dabed05bc1443e8eba7334d19a6ccb,1,25dabed05bc1443e8eba7334d19a6ccb,0,0
8b54720f15eb40fdb69f7f8e7d945ff7,Hurricane Andrew - 1992,StoryMaps,public,1.6,data.version,LEGACY,version_lt_2.0,https://www.arcgis.com/home/item.html?id=8b54720f15eb40fdb69f7f8e7d945ff7,1346077809000,1349191874000,LOW,0,,0,,0,0
ae4ba36e73c54378a7fb863bdf1267c8,Hurricane Camille - 1969,StoryMaps,public,1.6,data.version,LEGACY,version_lt_2.0,https://www.arcgis.com/home/item.html?id=ae4ba36e73c54378a7fb863bdf1267c8,1345837857000,1349191554000,LOW,0,,0,,0,0
ef1944f21cc94d048f7686ecd65476e5,Hurricane Donna - 1960,StoryMaps,public,1.6,data.version,LEGACY,version_lt_2.0,https://www.arcgis.com/home/item.html?id=ef1944f21cc94d048f7686ecd65476e5,1345830317000,1349191804000,LOW,0,,0,,0,0
02e43ad0ec1c4234820f51a7734c6753,Hurricane Katrina - 2005,StoryMaps,public,1.6,data.version,LEGACY,version_lt_2.0,https://www.arcgis.com/home/item.html?id=02e43ad0ec1c4234820f51a7734c6753,1346085004000,1349191674000,LOW,0,,0,,0,0
3d84cb88e0e84aa7a4b82555fc52c2f0,Imagery basemap,dasbury_storymaps,org,1.9,data.version,LEGACY,version_lt_2.0,https://www.arcgis.com/home/item.html?id=3d84cb88e0e84aa7a4b82555fc52c2f0,1381241742000,1381256142000,LOW,0,,0,,0,0
64903191a7f84140a3fd886bcc6432b5,Imagery PUG Demo - test,StoryMaps,public,1.8,data.version,LEGACY,version_lt_2.0,https://www.arcgis.com/home/item.html?id=64903191a7f84140a3fd886bcc6432b5,1368113656000,1368137527000,LOW,0,,0,,0,0
5cc75485d3864049bdd79c43bb4c7385,Imagery with Labels,FedGISContent,public,1.9.1,data.version,LEGACY,version_lt_2.0,https://www.arcgis.com/home/item.html?id=5cc75485d3864049bdd79c43bb4c7385,1391691510000,1394482668000,HIGH,1,b811522cf1564b65a1f44c4000802988,0,,1,0
04813af197574d64a7167c5c74b8c73f,Imagerybasemap,FedGISContent,public,1.9.1,data.version,LEGACY,version_lt_2.0,https://www.arcgis.com/home/item.html?id=04813af197574d64a7167c5c74b8c73f,1391187001000,1391231047000,LOW,0,,0,,0,0
4a94692d5ec04a7a9f9a4d47e32d7cbc,In the Red or In the Black? Deficit and Surplus Nations,acarroll73,public,1.4,data.version,LEGACY,version_lt_2.0,https://www.arcgis.com/home/item.html?id=4a94692d5ec04a7a9f9a4d47e32d7cbc,1317992050000,1346084237000,LOW,0,,0,,0,0
181827ff236d4a6d8bf584d82acfc09b,Income Inequality in U.S. Metropolitan Areas,acarroll73,public,1.5,data.version,LEGACY,version_lt_2.0,https://www.arcgis.com/home/item.html?id=181827ff236d4a6d8bf584d82acfc09b,1327534601000,1346084228000,LOW,0,,0,,0,0
6fdf05b902b94c51b578e61809e691c7,Intact Forest Landscapes,acarroll73,public,1.5,data.version,LEGACY,version_lt_2.0,https://www.arcgis.com/home/item.html?id=6fdf05b902b94c51b578e61809e691c7,1331751312000,1346084245000,LOW,0,,0,,0,0
356a0f70945b4609ad091c7a5d0d834a,InterAction sample map,acarroll73,private,1.2,data.version,LEGACY,version_lt_2.0,https://www.arcgis.com/home/item.html?id=356a0f70945b4609ad091c7a5d0d834a,1307562441000,1346084233000,LOW,0,,0,,0,0
dc422f5a8f964f29aa22be2279cd2553,iPad test,StoryMaps,org,1.9,data.version,LEGACY,version_lt_2.0,https://www.arcgis.com/home/item.html?id=dc422f5a8f964f29aa22be2279cd2553,1373578216000,1373592748000,LOW,0,,0,,0,0
4c42bb71446a471ca52065f04db20fbb,Is income an issue?,StoryMaps,public,1.6,data.version,LEGACY,version_lt_2.0,https://www.arcgis.com/home/item.html?id=4c42bb71446a471ca52065f04db20fbb,1340749144000,1465424924000,MEDIUM,1,c490be5932de4cac81a8701481a55821,0,,0,0
1726eb2da23e4a02ba25f54c98c31ec3,Is the World Full or Empty?,StoryMaps,public,1.9.1,data.version,LEGACY,version_lt_2.0,https://www.arcgis.com/home/item.html?id=1726eb2da23e4a02ba25f54c98c31ec3,1384779689000,1509133612000,LOW,0,,0,,0,0
57191f9582a1496a8e6b568d2076fa22,Is there an ethnic skew?,StoryMaps,public,1.6,data.version,LEGACY,version_lt_2.0,https://www.arcgis.com/home/item.html?id=57191f9582a1496a8e6b568d2076fa22,1340749049000,1465424792000,MEDIUM,1,6f734b9ff85347079267c1b6c7d04bfe,0,,0,0
1412d387838441d7b2390d03acb037b8,Israel,dasbury_storymaps,org,1.9,data.version,LEGACY,version_lt_2.0,https://www.arcgis.com/home/item.html?id=1412d387838441d7b2390d03acb037b8,1385505332000,1385523467000,MEDIUM,1,17c5b400489f4e42aa8d43536d071176,1,17c5b400489f4e42aa8d43536d071176,0,0
d51b3c7468b743368b02050688705645,ISS on Slate,dasbury_storymaps,private,1.9.1,data.version,LEGACY,version_lt_2.0,https://www.arcgis.com/home/item.html?id=d51b3c7468b743368b02050688705645,1402074639000,1402357690000,LOW,0,,0,,0,0
16eb7f208f8e4db985b49d94b5483dcd,Ist die Welt voll oder leer?,StoryMaps,public,1.9.1,data.version,LEGACY,version_lt_2.0,https://www.arcgis.com/home/item.html?id=16eb7f208f8e4db985b49d94b5483dcd,1395758297000,1395859246000,LOW,0,,0,,0,0
1f7166df494946d0b0c73817cb85c020,Ivory trade,StoryMaps,public,1.9,data.version,LEGACY,version_lt_2.0,https://www.arcgis.com/home/item.html?id=1f7166df494946d0b0c73817cb85c020,1380721683000,1384310191000,LOW,0,,0,,0,0
52cc02a5330d4e499f6cb282826735ad,Jacksonville map tour,StoryMaps,public,1.8,data.version,LEGACY,version_lt_2.0,https://www.arcgis.com/home/item.html?id=52cc02a5330d4e499f6cb282826735ad,1367429917000,1367465652000,HIGH,1,0b43b26a4c6e4b3c9335dc175f49a11e,1,0b43b26a4c6e4b3c9335dc175f49a11e,1,1
635afff2fcc744319e5849b20413e908,Jane Goodall Institute,acarroll73,public,1.4,data.version,LEGACY,version_lt_2.0,https://www.arcgis.com/home/item.html?id=635afff2fcc744319e5849b20413e908,1322590132000,1346084243000,LOW,0,,0,,0,0
3ca9b7a5339e4c31acb20d2291f1de4e,Jorge Montt Glacier,StoryMaps,shared,1.5,data.version,LEGACY,version_lt_2.0,https://www.arcgis.com/home/item.html?id=3ca9b7a5339e4c31acb20d2291f1de4e,1330357624000,1478279144000,LOW,0,,0,,0,0
8fc06f2b60894b8aa7dac69ae738e0d6,Just a Test,StoryMaps,private,1.9,data.version,LEGACY,version_lt_2.0,https://www.arcgis.com/home/item.html?id=8fc06f2b60894b8aa7dac69ae738e0d6,1495031638000,1495032253000,LOW,0,,0,,0,0
029504de519741acad67460edd337d00,Kayak Ecuador,storymapslegacy,private,1.9.1,data.version,LEGACY,version_lt_2.0,https://www.arcgis.com/home/item.html?id=029504de519741acad67460edd337d00,1389042392000,1726864914000,MEDIUM,1,fa7679a626b846b9a9595a2acad71310,1,fa7679a626b846b9a9595a2acad71310,0,0
bc1425ff3dd04f01b8af9fa126eb4804,Kenya Purchasing Power vs. Health Facilities,FedGISContent,public,1.9.1,data.version,LEGACY,version_lt_2.0,https://www.arcgis.com/home/item.html?id=bc1425ff3dd04f01b8af9fa126eb4804,1391729538000,1391791934000,LOW,0,,0,,0,0
3f8c8f5bba1f4855939ad11857e92a7f,Kepler,dasbury_storymaps,private,1.9,data.version,LEGACY,version_lt_2.0,https://www.arcgis.com/home/item.html?id=3f8c8f5bba1f4855939ad11857e92a7f,1392829572000,1392829572000,MEDIUM,1,22dafcf95a14407fbf84ef7b48e07259,1,22dafcf95a14407fbf84ef7b48e07259,0,0
f140c24644154dcda4ccd7b80e99638e,Kepler Telescope,StoryMaps,private,1.9,data.version,LEGACY,version_lt_2.0,https://www.arcgis.com/home/item.html?id=f140c24644154dcda4ccd7b80e99638e,1392768445000,1392842843000,LOW,0,,0,,0,0
7792d63ad3494161a3996e752b30f9cc,Kepler telscope,StoryMaps,private,1.9,data.version,LEGACY,version_lt_2.0,https://www.arcgis.com/home/item.html?id=7792d63ad3494161a3996e752b30f9cc,1392767266000,1392767266000,LOW,0,,0,,0,0
2444e99e2ed7450db6e7bc2619ccf5a9,Keystone Pipeline,acarroll73,private,1.5,data.version,LEGACY,version_lt_2.0,https://www.arcgis.com/home/item.html?id=2444e99e2ed7450db6e7bc2619ccf5a9,1326482117000,1346084230000,LOW,0,,0,,0,0
e746e79e556c43a6ba1052f58651130c,Keystone Pipeline and Ecoregions,acarroll73,public,1.5,data.version,LEGACY,version_lt_2.0,https://www.arcgis.com/home/item.html?id=e746e79e556c43a6ba1052f58651130c,1326483535000,1346084266000,LOW,0,,0,,0,0
bf4e6799027a47138f15a9b7fb9d7956,Keystone Pipeline and Land Cover,acarroll73,public,1.5,data.version,LEGACY,version_lt_2.0,https://www.arcgis.com/home/item.html?id=bf4e6799027a47138f15a9b7fb9d7956,1326484560000,1346084261000,LOW,0,,0,,0,0
567b5d9a91d6435a8ed51fc2c6e1ba68,Keystone Pipeline and Rivers,acarroll73,public,1.5,data.version,LEGACY,version_lt_2.0,https://www.arcgis.com/home/item.html?id=567b5d9a91d6435a8ed51fc2c6e1ba68,1326483510000,1346084241000,LOW,0,,0,,0,0
82957e4350ea48ad9843fca1cf2eca5d,Khadija Movement,StoryMaps,public,1.9,data.version,LEGACY,version_lt_2.0,https://www.arcgis.com/home/item.html?id=82957e4350ea48ad9843fca1cf2eca5d,1380040553000,1384195331000,LOW,0,,0,,0,0
fd1eebc83dd942feb0e1015e1df81eaf,Lake Okeechobee Hurricane - 1928,StoryMaps,public,1.6,data.version,LEGACY,version_lt_2.0,https://www.arcgis.com/home/item.html?id=fd1eebc83dd942feb0e1015e1df81eaf,1345835335000,1349191641000,LOW,0,,0,,0,0
c6da9465a1b246e4928ae0aa2a1a4219,Land Forms and Ecosystems,StoryMaps,public,1.9,data.version,LEGACY,version_lt_2.0,https://www.arcgis.com/home/item.html?id=c6da9465a1b246e4928ae0aa2a1a4219,1381490077000,1381504478000,LOW,0,,0,,0,0
a244c59b7c5348b099bee46c31b6f63e,Landsat 8 Image Map,FedGISContent,public,1.9.1,data.version,LEGACY,version_lt_2.0,https://www.arcgis.com/home/item.html?id=a244c59b7c5348b099bee46c31b6f63e,1391810517000,1391828587000,LOW,0,,0,,0,0
a1894e1da7e6420e8ed81d76ca376d6c,Landsat 8 Layers-Copy,dasbury_storymaps,private,1.9.1,data.version,LEGACY,version_lt_2.0,https://www.arcgis.com/home/item.html?id=a1894e1da7e6420e8ed81d76ca376d6c,1402672672000,1402672672000,LOW,0,,0,,0,0
5bc9155386404cc7ab6c8ab206ba8947,Landsat Tasseled Cap (Impervious surfaces) - 1990 vs 2010,StoryMaps_services,public,1.9.1,data.version,LEGACY,version_lt_2.0,https://www.arcgis.com/home/item.html?id=5bc9155386404cc7ab6c8ab206ba8947,1397155361000,1397186516000,HIGH,1,5b006269b685472ab2bfbdff298c5104,0,,1,0
e12ba99cae3a4a7eab3117c10d65db67,Landsat Tasseled Cap (Impervious surfaces) - 2010 vs Imagery,StoryMaps_services,public,1.9.1,data.version,LEGACY,version_lt_2.0,https://www.arcgis.com/home/item.html?id=e12ba99cae3a4a7eab3117c10d65db67,1397154189000,1397171968000,HIGH,1,d6702eaa7fa5406c8d03264e526a0510,0,,1,0
2d0bdb0f8c4941c8b1b407d561fabacf,Landsat8 Services-africa,FedGISContent,private,1.9.1,data.version,LEGACY,version_lt_2.0,https://www.arcgis.com/home/item.html?id=2d0bdb0f8c4941c8b1b407d561fabacf,1393268228000,1393286228000,LOW,0,,0,,0,0
3b50aba3b8a7410faf731acd99f80715,Landsat8 Services-FedGIS,FedGISContent,public,1.9.1,data.version,LEGACY,version_lt_2.0,https://www.arcgis.com/home/item.html?id=3b50aba3b8a7410faf731acd99f80715,1391583109000,1391793772000,LOW,0,,0,,0,0
9b3308cc63874d228b88e6b224adc03c,Landscape and Protected Areas,StoryMaps,public,1.9,data.version,LEGACY,version_lt_2.0,https://www.arcgis.com/home/item.html?id=9b3308cc63874d228b88e6b224adc03c,1381492000000,1381508544000,LOW,0,,0,,0,0
5f2aac1ab3e84625bd379373e75001b7,Landscape Stuff,FedGISContent,public,1.9.1,data.version,LEGACY,version_lt_2.0,https://www.arcgis.com/home/item.html?id=5f2aac1ab3e84625bd379373e75001b7,1391750954000,1391768954000,LOW,0,,0,,0,0
4ba8957d415e44b19f4b8f685871e8f7,LandScope articles and photos,StoryMaps,public,1.5,data.version,LEGACY,version_lt_2.0,https://www.arcgis.com/home/item.html?id=4ba8957d415e44b19f4b8f685871e8f7,1331412975000,1478279146000,LOW,0,,0,,0,0
3bf6368fa70647adaad630db014e70c9,Lee's Mars Map,StoryMaps,public,1.6,data.version,LEGACY,version_lt_2.0,https://www.arcgis.com/home/item.html?id=3bf6368fa70647adaad630db014e70c9,1344264789000,1344264790000,LOW,0,,0,,0,0
55ab75c32fff4761afbaf809a3c70881,Lee's Test Google Spreadsheet Map,StoryMaps,public,1.8,data.version,LEGACY,version_lt_2.0,https://www.arcgis.com/home/item.html?id=55ab75c32fff4761afbaf809a3c70881,1367601255000,1367625938000,LOW,0,,0,,0,0
a3e20aec32bc40659a156a3eea18f481,Lee's Test Map Tour,StoryMaps,public,1.8,data.version,LEGACY,version_lt_2.0,https://www.arcgis.com/home/item.html?id=a3e20aec32bc40659a156a3eea18f481,1367423260000,1367437661000,MEDIUM,1,aa75af5f3cec41a4bc7cf611f80a7efc,1,aa75af5f3cec41a4bc7cf611f80a7efc,0,0
0b67068e340343e4ae1364b3e5121948,Lee's Test Map Tour 2,StoryMaps,public,1.9,data.version,LEGACY,version_lt_2.0,https://www.arcgis.com/home/item.html?id=0b67068e340343e4ae1364b3e5121948,1372866852000,1372881253000,MEDIUM,1,1287e5edc93040528ad493b7f30a94a6,1,1287e5edc93040528ad493b7f30a94a6,0,0
01aa7b0cc94e46968551520e279c2d88,Lee's Test Multi-layer Map,StoryMaps,public,1.6,data.version,LEGACY,version_lt_2.0,https://www.arcgis.com/home/item.html?id=01aa7b0cc94e46968551520e279c2d88,1349450608000,1349450924000,LOW,0,,0,,0,0
3e0caa0e6ab14de995680dd059457cad,Legend bug test,dasbury_storymaps,org,1.9,data.version,LEGACY,version_lt_2.0,https://www.arcgis.com/home/item.html?id=3e0caa0e6ab14de995680dd059457cad,1378325464000,1378339966000,MEDIUM,1,65921e37d5d14949aeb3f8de8c778794,0,,0,0
b419c120f46848cc9c040b7c926d9df0,Leopold Leadership Program,StoryMaps,public,1.5,data.version,LEGACY,version_lt_2.0,https://www.arcgis.com/home/item.html?id=b419c120f46848cc9c040b7c926d9df0,1335456560000,1478279141000,LOW,0,,0,,0,0
62303d0822454f37ab7551f2ed70cff5,Light Gray plus Shaded Relief,StoryMaps,org,1.9.1,data.version,LEGACY,version_lt_2.0,https://www.arcgis.com/home/item.html?id=62303d0822454f37ab7551f2ed70cff5,1400686931000,1400701334000,LOW,0,,0,,0,0
6dea85d10b41417aa13a52986bb359c8,Local Impact & Owner Occupied Housing,FedGISContent,public,1.9.1,data.version,LEGACY,version_lt_2.0,https://www.arcgis.com/home/item.html?id=6dea85d10b41417aa13a52986bb359c8,1391775230000,1391793230000,LOW,0,,0,,0,0
5cbff73f7cb841e191511a3835a71062,London Population Density-Copy,StoryMaps,public,1.9,data.version,LEGACY,version_lt_2.0,https://www.arcgis.com/home/item.html?id=5cbff73f7cb841e191511a3835a71062,1373152045000,1373166446000,MEDIUM,1,b40f261b67c64d75a48fa78852abd226,0,,0,0
4ec2074aca004c0285b319d212626a8d,Los Angeles 1880 copy,StoryMaps,public,1.5,data.version,LEGACY,version_lt_2.0,https://www.arcgis.com/home/item.html?id=4ec2074aca004c0285b319d212626a8d,1331583547000,1478279141000,LOW,0,,0,,0,0
1aaa0a06f71942a48fb56485daf2f371,Los Angeles Today and 1880,StoryMaps,public,1.9,data.version,LEGACY,version_lt_2.0,https://www.arcgis.com/home/item.html?id=1aaa0a06f71942a48fb56485daf2f371,1374666613000,1374681153000,HIGH,1,489d25d7f5d34216986739b02c434473,0,,1,0
caad1a69b47c421abcd911f31c148ce1,Lower Mekong River,acarroll73,public,1.9.1,data.version,LEGACY,version_lt_2.0,https://www.arcgis.com/home/item.html?id=caad1a69b47c421abcd911f31c148ce1,1396443082000,1396457767000,LOW,0,,0,,0,0
217abb6236894f84b436216936a0eebc,"Lunchtime walk, Vienna Virginia",acarroll73,public,1.3,data.version,LEGACY,version_lt_2.0,https://www.arcgis.com/home/item.html?id=217abb6236894f84b436216936a0eebc,1313610027000,1346084229000,LOW,0,,0,,0,0
4f90017f789c4732b11480a16f51bd66,LWOP,dasbury_storymaps,org,1.9,data.version,LEGACY,version_lt_2.0,https://www.arcgis.com/home/item.html?id=4f90017f789c4732b11480a16f51bd66,1374693455000,1639263727000,LOW,0,,0,,0,0
31e044546a8946c3b674cb0f7e241a9a,Lymphoma benefit bicycle ride 2011,acarroll73,private,1.3,data.version,LEGACY,version_lt_2.0,https://www.arcgis.com/home/item.html?id=31e044546a8946c3b674cb0f7e241a9a,1316373734000,1346084232000,LOW,0,,0,,0,0
abd17066b0c2424ea34161d1e5d5ae82,Lymphoma Research Ride 2012,StoryMaps,public,1.6,data.version,LEGACY,version_lt_2.0,https://www.arcgis.com/home/item.html?id=abd17066b0c2424ea34161d1e5d5ae82,1349041039000,1349288914000,LOW,0,,0,,0,0
04744b7ad124458489ea821da3129352,Major Shale Plays,StoryMaps,public,1.9,data.version,LEGACY,version_lt_2.0,https://www.arcgis.com/home/item.html?id=04744b7ad124458489ea821da3129352,1377751806000,1508781974000,HIGH,2,ef703d9454bb4e4e8a9c1b086b5b66b5;fbb0c08bcc604dd78b8124ec21b25a58,0,,1,0
f37107fcb19d43b287c857b8be0df042,Maker Mayors and Maker Cities,StoryMaps,public,1.9.1,data.version,LEGACY,version_lt_2.0,https://www.arcgis.com/home/item.html?id=f37107fcb19d43b287c857b8be0df042,1402949049000,1421435021000,LOW,0,,0,,0,0
720acfcfac1a44c691a4703716c2bb27,Making History...GIS and Women-Copy,StoryMaps,private,1.9.1,data.version,LEGACY,version_lt_2.0,https://www.arcgis.com/home/item.html?id=720acfcfac1a44c691a4703716c2bb27,1393535870000,1531322036000,LOW,0,,0,,0,0
d4270a89788a4a46877dd19d5569d9ee,Malaria,StoryMaps,public,1.6,data.version,LEGACY,version_lt_2.0,https://www.arcgis.com/home/item.html?id=d4270a89788a4a46877dd19d5569d9ee,1344021201000,1681766151000,LOW,0,,0,,0,0
ff068d7dde50443cad60f6dcbbb61455,Malaria Cases and Deaths,StoryMaps,org,1.6,data.version,LEGACY,version_lt_2.0,https://www.arcgis.com/home/item.html?id=ff068d7dde50443cad60f6dcbbb61455,1345559938000,1345582674000,LOW,0,,0,,0,0
85fd962bb9504a5cad857b4b1db1ffad,Malaria-Copy with .csv country points,StoryMaps,private,1.6,data.version,LEGACY,version_lt_2.0,https://www.arcgis.com/home/item.html?id=85fd962bb9504a5cad857b4b1db1ffad,1345561014000,1345561014000,LOW,0,,0,,0,0
15565c85874947a298b0708e659302a1,Mangroves: Nature's Defense Against Climate Change,mystories,public,1.9,data.version,LEGACY,version_lt_2.0,https://www.arcgis.com/home/item.html?id=15565c85874947a298b0708e659302a1,1407262353000,1425588002000,LOW,0,,0,,0,0
ce86e3a1b8834cb98387965bf1dcb7d8,Map Journal A: Map,owen.storymaps,private,1.9,data.version,LEGACY,version_lt_2.0,https://www.arcgis.com/home/item.html?id=ce86e3a1b8834cb98387965bf1dcb7d8,1443796179000,1443796179000,MEDIUM,1,40c34c98fc8e41c1a8517a4d947b7fcb,0,,0,0
3405c5a982d54e978916ff10928b1acc,Map Journal B: Section 1 Map,owen.storymaps,private,1.9,data.version,LEGACY,version_lt_2.0,https://www.arcgis.com/home/item.html?id=3405c5a982d54e978916ff10928b1acc,1443795689000,1443796071000,LOW,0,,0,,0,0
7138f0c9e32a401a9b1692d34bb8da58,Map Journal B: Section 2 Map,owen.storymaps,private,1.9,data.version,LEGACY,version_lt_2.0,https://www.arcgis.com/home/item.html?id=7138f0c9e32a401a9b1692d34bb8da58,1443795715000,1443796089000,LOW,0,,0,,0,0
1d7de448bf524aaf930c46e51676d2e0,Map Journal B: Section 3 Map,owen.storymaps,private,1.9,data.version,LEGACY,version_lt_2.0,https://www.arcgis.com/home/item.html?id=1d7de448bf524aaf930c46e51676d2e0,1443795732000,1443796102000,LOW,0,,0,,0,0
17181f1057714eb5b0f82ab57b7ac9b2,Map Journal B: Section 4 Map,owen.storymaps,private,1.9,data.version,LEGACY,version_lt_2.0,https://www.arcgis.com/home/item.html?id=17181f1057714eb5b0f82ab57b7ac9b2,1443795745000,1443796117000,LOW,0,,0,,0,0
913965a8425e434da3a95c5d975609b2,Map Journal B: Section 5 Map,owen.storymaps,private,1.9,data.version,LEGACY,version_lt_2.0,https://www.arcgis.com/home/item.html?id=913965a8425e434da3a95c5d975609b2,1443795759000,1443796136000,LOW,0,,0,,0,0
3eff0bfc8ea848458849622dd61be7ee,Map Service Test,sabinebarrera,private,1.9.1,data.version,LEGACY,version_lt_2.0,https://www.arcgis.com/home/item.html?id=3eff0bfc8ea848458849622dd61be7ee,1400622558000,1400622558000,LOW,0,,0,,0,0
084bc3c900644e7eae045a77c5d3ac6a,Map Tour Demo Large,StoryMapsTeam15,private,1.9,data.version,LEGACY,version_lt_2.0,https://www.arcgis.com/home/item.html?id=084bc3c900644e7eae045a77c5d3ac6a,1436924187000,1436924187000,MEDIUM,1,04944837c4534aec8ce81aa392a8b7fc,1,04944837c4534aec8ce81aa392a8b7fc,0,0
28afb6cb28084fba843410387bfbb7b7,Map Tour Demo Large,StoryMapsTeam15,public,1.9,data.version,LEGACY,version_lt_2.0,https://www.arcgis.com/home/item.html?id=28afb6cb28084fba843410387bfbb7b7,1436924070000,1436924070000,MEDIUM,1,2f7bd7f4a28c41b28d6fad6d4df67e95,1,2f7bd7f4a28c41b28d6fad6d4df67e95,0,0
9bf01a8a703e4bd58788224d385d5d8b,Map Tour Demo Thumbnail,StoryMapsTeam15,private,1.9,data.version,LEGACY,version_lt_2.0,https://www.arcgis.com/home/item.html?id=9bf01a8a703e4bd58788224d385d5d8b,1436924423000,1436924423000,MEDIUM,1,20d2cf8832d3487591728c95203594bf,1,20d2cf8832d3487591728c95203594bf,0,0
63e485bed45145eabda1d99e05fe4bed,Map trio 1: nuclear power plants,acarroll73,private,1.2,data.version,LEGACY,version_lt_2.0,https://www.arcgis.com/home/item.html?id=63e485bed45145eabda1d99e05fe4bed,1301321761000,1346084244000,LOW,0,,0,,0,0
c309eee2b8994105be09659b5cff42c1,Map trio 2: population,acarroll73,private,1.2,data.version,LEGACY,version_lt_2.0,https://www.arcgis.com/home/item.html?id=c309eee2b8994105be09659b5cff42c1,1301321949000,1346084261000,LOW,0,,0,,0,0
425c7af0608243058a31352315fd119a,Map Trio 3: earthquake faults,acarroll73,private,1.2,data.version,LEGACY,version_lt_2.0,https://www.arcgis.com/home/item.html?id=425c7af0608243058a31352315fd119a,1301322212000,1346084234000,LOW,0,,0,,0,0
ed8de976cc07420daf597e1f697bada9,Mapa Mundi,sabinebarrera,public,1.9,data.version,LEGACY,version_lt_2.0,https://www.arcgis.com/home/item.html?id=ed8de976cc07420daf597e1f697bada9,1384817211000,1384835211000,LOW,0,,0,,0,0
49dc27a5d1c541e2886929ea23732783,MapBox tiles test,dasbury_storymaps,public,1.9,data.version,LEGACY,version_lt_2.0,https://www.arcgis.com/home/item.html?id=49dc27a5d1c541e2886929ea23732783,1378313385000,1378334230000,LOW,0,,0,,0,0
02a70d47451e4eb38c4ecb7a54d7b5fb,Mapping Traffic Fatalities by Congressional District,StoryMaps,public,1.8,data.version,LEGACY,version_lt_2.0,https://www.arcgis.com/home/item.html?id=02a70d47451e4eb38c4ecb7a54d7b5fb,1368535233000,1368577787000,HIGH,1,13c5a58889604931a72c31387e5a4125,0,,1,0
30cf642adc1d494d96cf2ceed69bc6f5,mapstack_test-Copy,StoryMaps,private,1.9.1,data.version,LEGACY,version_lt_2.0,https://www.arcgis.com/home/item.html?id=30cf642adc1d494d96cf2ceed69bc6f5,1395259324000,1395273729000,LOW,0,,0,,0,0
617051465dbd4ae3832f7a0a4c9d1207,maptour-130222-webmap,StoryMaps,public,1.7,data.version,LEGACY,version_lt_2.0,https://www.arcgis.com/home/item.html?id=617051465dbd4ae3832f7a0a4c9d1207,1361591178000,1361591178000,LOW,0,,0,,0,0
dfa87d94deec4f38991aa7b84d019208,maptour-psp3,StoryMaps,public,1.8,data.version,LEGACY,version_lt_2.0,https://www.arcgis.com/home/item.html?id=dfa87d94deec4f38991aa7b84d019208,1363974222000,1364249765000,LOW,0,,0,,0,0
b57010d896c7429aacfe18a9764bac72,MapTourCollectorDemo,glazou2,public,1.9.1,data.version,LEGACY,version_lt_2.0,https://www.arcgis.com/home/item.html?id=b57010d896c7429aacfe18a9764bac72,1397599158000,1397613647000,LOW,0,,0,,0,0
7d5241288c8e476496a7a83699ac6c91,Marriage Equality - State Laws,StoryMaps,public,1.6,data.version,LEGACY,version_lt_2.0,https://www.arcgis.com/home/item.html?id=7d5241288c8e476496a7a83699ac6c91,1342040068000,1348073743000,LOW,0,,0,,0,0
f7d6ca79a2e644e6af3df56e3fd2c986,Mars,dasbury_storymaps,org,1.6,data.version,LEGACY,version_lt_2.0,https://www.arcgis.com/home/item.html?id=f7d6ca79a2e644e6af3df56e3fd2c986,1343673196000,1343678353000,LOW,0,,0,,0,0
a6ff55a2837d49f681f242cf289d67dd,Mars - Color + Hillshade,dasbury_storymaps,private,1.6,data.version,LEGACY,version_lt_2.0,https://www.arcgis.com/home/item.html?id=a6ff55a2837d49f681f242cf289d67dd,1343681245000,1343681247000,LOW,0,,0,,0,0
76c3d4d58a614730b4a212c448628ae9,Mars - Color + Hillshade & Sites,StoryMaps,private,1.6,data.version,LEGACY,version_lt_2.0,https://www.arcgis.com/home/item.html?id=76c3d4d58a614730b4a212c448628ae9,1343941703000,1343941705000,LOW,0,,0,,0,0
7ab5f488af7a4ceda8615a2a2cfee166,Mars Rovers,StoryMaps,public,1.6,data.version,LEGACY,version_lt_2.0,https://www.arcgis.com/home/item.html?id=7ab5f488af7a4ceda8615a2a2cfee166,1344284871000,1514931945000,LOW,0,,0,,0,0
7e10432c0e3c4d6eaa67cb68d3704e37,Marvel Origins Story Map,will.storymaps,private,1.9,data.version,LEGACY,version_lt_2.0,https://www.arcgis.com/home/item.html?id=7e10432c0e3c4d6eaa67cb68d3704e37,1498506443000,1498506443000,MEDIUM,1,4ec7c07837084bc8aefaa43707236780,0,,0,0
82ddf9c14d3641fdb9fd4cbeb0005092,Marvel Short,will.storymaps,private,1.9,data.version,LEGACY,version_lt_2.0,https://www.arcgis.com/home/item.html?id=82ddf9c14d3641fdb9fd4cbeb0005092,1498506821000,1498506821000,MEDIUM,1,30cc4a90de39430e85b2417d632aac62,0,,0,0
8438f48a8ae04213a0e937b480c05968,"Maryland Home Value Change, 2008-2009",acarroll73,public,1.5,data.version,LEGACY,version_lt_2.0,https://www.arcgis.com/home/item.html?id=8438f48a8ae04213a0e937b480c05968,1328291305000,1346084249000,LOW,0,,0,,0,0
b9512917947642489a8e8852de8b7065,Maryland Median Household Income 2009,acarroll73,public,1.5,data.version,LEGACY,version_lt_2.0,https://www.arcgis.com/home/item.html?id=b9512917947642489a8e8852de8b7065,1328294402000,1346084260000,LOW,0,,0,,0,0
72f3ca1c7c594c89abf8bfcfc69c7b04,Maryland Population Density 2009,acarroll73,public,1.5,data.version,LEGACY,version_lt_2.0,https://www.arcgis.com/home/item.html?id=72f3ca1c7c594c89abf8bfcfc69c7b04,1328291520000,1346084246000,LOW,0,,0,,0,0
dce8e48c3d624cf49c24c73cb26561bb,"Maryland Population Growth Rate, 2009-2014",acarroll73,public,1.5,data.version,LEGACY,version_lt_2.0,https://www.arcgis.com/home/item.html?id=dce8e48c3d624cf49c24c73cb26561bb,1328291442000,1346084265000,LOW,0,,0,,0,0
9240e5a29c8f43e9bd283672b0a50424,Maryland Unemployment Rate 2009,acarroll73,public,1.5,data.version,LEGACY,version_lt_2.0,https://www.arcgis.com/home/item.html?id=9240e5a29c8f43e9bd283672b0a50424,1328291735000,1346084252000,LOW,0,,0,,0,0
df4b9f5b3619435fbea5abb763c42a47,Median Household Income,StoryMaps,public,1.9.1,data.version,LEGACY,version_lt_2.0,https://www.arcgis.com/home/item.html?id=df4b9f5b3619435fbea5abb763c42a47,1388413698000,1388447454000,MEDIUM,1,342c4f1ceefb4fd2a44be3789b58d105,0,,0,0
0d70ee461fae4541b6e90d3fa071cc93,Median Household Income,acarroll73,public,1.5,data.version,LEGACY,version_lt_2.0,https://www.arcgis.com/home/item.html?id=0d70ee461fae4541b6e90d3fa071cc93,1328046109000,1346084226000,LOW,0,,0,,0,0
4859188482e6490481132468e01232b6,Median Household Income,StoryMaps,public,1.5,data.version,LEGACY,version_lt_2.0,https://www.arcgis.com/home/item.html?id=4859188482e6490481132468e01232b6,1327435474000,1478279139000,LOW,0,,0,,0,0
6d7492f1db8a4d4f9f8718ef1eecb66a,MetaTest_da,StoryMaps,public,1.7,data.version,LEGACY,version_lt_2.0,https://www.arcgis.com/home/item.html?id=6d7492f1db8a4d4f9f8718ef1eecb66a,1362172204000,1362190549000,LOW,0,,0,,0,0
280d8c06b6b64a6f8af531f20b7d6b44,"Michigan: Cities, townships and school districts - a study in balkanization",StoryMaps,org,1.9,data.version,LEGACY,version_lt_2.0,https://www.arcgis.com/home/item.html?id=280d8c06b6b64a6f8af531f20b7d6b44,1377287724000,1377503195000,LOW,0,,0,,0,0
85939a8c5b5e4ae88934ba048fa1bf84,Microbrewery,sabinebarrera,private,1.9.1,data.version,LEGACY,version_lt_2.0,https://www.arcgis.com/home/item.html?id=85939a8c5b5e4ae88934ba048fa1bf84,1403201970000,1403201970000,LOW,0,,0,,0,0
2f81cc332a6048c2a657f67006109be2,Micropolitan Statistical Area Population Change 2012-2013,StoryMaps,public,1.9.1,data.version,LEGACY,version_lt_2.0,https://www.arcgis.com/home/item.html?id=2f81cc332a6048c2a657f67006109be2,1393456211000,1394174511000,LOW,0,,0,,0,0
e726210189a44bf79b34f248515aa51c,MidWest,StoryMaps,private,1.9.1,data.version,LEGACY,version_lt_2.0,https://www.arcgis.com/home/item.html?id=e726210189a44bf79b34f248515aa51c,1403528620000,1403544973000,LOW,0,,0,,0,0
1aab33ee3006457abfebf0035528d5a9,MIT and Vicinity,StoryMaps,public,1.9,data.version,LEGACY,version_lt_2.0,https://www.arcgis.com/home/item.html?id=1aab33ee3006457abfebf0035528d5a9,1384266760000,1384284836000,MEDIUM,1,1177b222185d4a2092253085d7c2112e,1,1177b222185d4a2092253085d7c2112e,0,0
845834dfcd924766bb9380e865c74a27,MIT map,StoryMaps,public,1.9,data.version,LEGACY,version_lt_2.0,https://www.arcgis.com/home/item.html?id=845834dfcd924766bb9380e865c74a27,1381932771000,1381954915000,MEDIUM,2,6242bbffaadc48aaa0ed71c057fe7cfe;8334c7fb0757495a8e687c3bcd52af4d,2,6242bbffaadc48aaa0ed71c057fe7cfe;8334c7fb0757495a8e687c3bcd52af4d,0,0
bdfa31f588be42b6a5a74dcdfe4f0cfd,MIT September 2013,StoryMaps,private,1.9,data.version,LEGACY,version_lt_2.0,https://www.arcgis.com/home/item.html?id=bdfa31f588be42b6a5a74dcdfe4f0cfd,1399388967000,1399388967000,MEDIUM,1,e8e17f75cc7e473891e010fc91f6f654,1,e8e17f75cc7e473891e010fc91f6f654,0,0
2c8f60fc919b46c0b68679f3cd838d4f,MIT Walk,StoryMaps,public,1.9.1,data.version,LEGACY,version_lt_2.0,https://www.arcgis.com/home/item.html?id=2c8f60fc919b46c0b68679f3cd838d4f,1378777626000,1400515682000,HIGH,1,45b23572eaea48c5b6530a0cf1ca159c,1,45b23572eaea48c5b6530a0cf1ca159c,1,1
e00a598f0ec149e191be32e7cb4cbabc,Mobile Cell Subscription Trends,acarroll73,shared,1.5,data.version,LEGACY,version_lt_2.0,https://www.arcgis.com/home/item.html?id=e00a598f0ec149e191be32e7cb4cbabc,1324325962000,1346084265000,LOW,0,,0,,0,0
ad850fb99ea346a0950d9f6a952ce890,Montana - Fires,sabinebarrera,shared,1.9.1,data.version,LEGACY,version_lt_2.0,https://www.arcgis.com/home/item.html?id=ad850fb99ea346a0950d9f6a952ce890,1397257952000,1397273756000,LOW,0,,0,,0,0
f9aa0d8b48da40908b086de088344b50,Montgomery County loop,StoryMaps,private,1.5,data.version,LEGACY,version_lt_2.0,https://www.arcgis.com/home/item.html?id=f9aa0d8b48da40908b086de088344b50,1335746823000,1478279141000,LOW,0,,0,,0,0
4bd74222b4bc44b8bbbf7a972289b821,Monument Men: Draft Web Map,StoryMaps,public,1.9.1,data.version,LEGACY,version_lt_2.0,https://www.arcgis.com/home/item.html?id=4bd74222b4bc44b8bbbf7a972289b821,1390855974000,1390855974000,LOW,0,,0,,0,0
962b44f5590a4800955d4c55033021b5,Monuments Men: Saving Europe's Plundered Treasures,StoryMaps,public,1.9,data.version,LEGACY,version_lt_2.0,https://www.arcgis.com/home/item.html?id=962b44f5590a4800955d4c55033021b5,1390920120000,1390939872000,LOW,0,,0,,0,0
d2036163227b46c3b53fc8f7beeba376,Moore 1 Year Anniversary,StoryMaps,private,1.9.1,data.version,LEGACY,version_lt_2.0,https://www.arcgis.com/home/item.html?id=d2036163227b46c3b53fc8f7beeba376,1398191238000,1398206860000,LOW,0,,0,,0,0
1a4f9b481b0a4b049b550c56816eccc7,Moore Oklahoma Post-Tornado Imagery Map-Copy-Copy,StoryMaps,public,1.9.1,data.version,LEGACY,version_lt_2.0,https://www.arcgis.com/home/item.html?id=1a4f9b481b0a4b049b550c56816eccc7,1398191180000,1398191180000,LOW,0,,0,,0,0
93b2957857364e7c98f6dbf49263e57d,Moore Oklahoma Post-Tornado Imagery_2013,StoryMaps,private,1.9.1,data.version,LEGACY,version_lt_2.0,https://www.arcgis.com/home/item.html?id=93b2957857364e7c98f6dbf49263e57d,1400596461000,1400610882000,LOW,0,,0,,0,0
276d69071fd846a18ed72711f81360a7,Moore Story,StoryMaps,public,1.9.1,data.version,LEGACY,version_lt_2.0,https://www.arcgis.com/home/item.html?id=276d69071fd846a18ed72711f81360a7,1400100498000,1508864327000,HIGH,1,cbdfc178de374fa18c9ffbf7d2d389e9,0,,1,0
a67b923047514ef9b7ef60d1855f0c22,Moore_1YR Cached,StoryMaps,public,1.9.1,data.version,LEGACY,version_lt_2.0,https://www.arcgis.com/home/item.html?id=a67b923047514ef9b7ef60d1855f0c22,1398363978000,1400114749000,LOW,0,,0,,0,0
432b8ee06d344d0c86a6a6ff9c597cee,Mountain Bike Trails - Northern CA-Copy,sabinebarrera,private,1.9.1,data.version,LEGACY,version_lt_2.0,https://www.arcgis.com/home/item.html?id=432b8ee06d344d0c86a6a6ff9c597cee,1392324433000,1392342554000,LOW,0,,0,,0,0
304a3ebd52a94dfa8744240dd690bf4b,Mountain Venues,StoryMaps,org,1.9.1,data.version,LEGACY,version_lt_2.0,https://www.arcgis.com/home/item.html?id=304a3ebd52a94dfa8744240dd690bf4b,1391355858000,1391375312000,LOW,0,,0,,0,0
b61da21c0e0946a7aa5e0a747eb46281,Music of Downtown New York,will.storymaps,public,1.9,data.version,LEGACY,version_lt_2.0,https://www.arcgis.com/home/item.html?id=b61da21c0e0946a7aa5e0a747eb46281,1496755311000,1496934381000,HIGH,1,04e7415c59f94e2dab8848c9adca5e02,0,,1,0
85998bfbed9e4682ab7b1a16c32ac9e2,My life in maps: work in progress,acarroll73,public,1.4,data.version,LEGACY,version_lt_2.0,https://www.arcgis.com/home/item.html?id=85998bfbed9e4682ab7b1a16c32ac9e2,1317056090000,1346084250000,LOW,0,,0,,0,0
7364928d010a4630a37dccf478927c1a,My new swipe demo,StoryMaps,public,1.9,data.version,LEGACY,version_lt_2.0,https://www.arcgis.com/home/item.html?id=7364928d010a4630a37dccf478927c1a,1373150405000,1373165531000,LOW,0,,0,,0,0
e5d45086b29145b180d488cebf5529c2,My SL,StoryMaps,private,1.9,data.version,LEGACY,version_lt_2.0,https://www.arcgis.com/home/item.html?id=e5d45086b29145b180d488cebf5529c2,1490798866000,1490798866000,LOW,0,,0,,0,0
1595c6370e704278839fd80c78c9afb2,My Title,skitterman,private,1.9,data.version,LEGACY,version_lt_2.0,https://www.arcgis.com/home/item.html?id=1595c6370e704278839fd80c78c9afb2,1478017653000,1478017653000,LOW,0,,0,,0,0
8560797744f449d189da83846859f0e8,My Trip to Redlands,StoryMaps,public,1.9.1,data.version,LEGACY,version_lt_2.0,https://www.arcgis.com/home/item.html?id=8560797744f449d189da83846859f0e8,1433771176000,1433771180000,HIGH,1,6c0056d8c45a4963ad235cebf4d0cff4,1,6c0056d8c45a4963ad235cebf4d0cff4,1,1
b23b7b9be44e4d8c8284bcf9575b91eb,My UNESCO World Heritage Sites,acarroll73,private,1.3,data.version,LEGACY,version_lt_2.0,https://www.arcgis.com/home/item.html?id=b23b7b9be44e4d8c8284bcf9575b91eb,1316176829000,1346084257000,LOW,0,,0,,0,0
d546d73b0b644948be6ebe6fd4d88083,My walk to work,StoryMaps,public,1.9.1,data.version,LEGACY,version_lt_2.0,https://www.arcgis.com/home/item.html?id=d546d73b0b644948be6ebe6fd4d88083,1427729430000,1427729436000,LOW,0,,0,,0,0
7bc1b4966b014f3d87d420ac44fd7123,NACIS 2013,dasbury_storymaps,org,1.9,data.version,LEGACY,version_lt_2.0,https://www.arcgis.com/home/item.html?id=7bc1b4966b014f3d87d420ac44fd7123,1381245724000,1381356844000,MEDIUM,1,6f3fb67fb33347e9b98f9717c17b8f76,0,,0,0
d8603539ee30461ca1b291cbef394346,National Conservation Training Center,StoryMaps,public,1.9,data.version,LEGACY,version_lt_2.0,https://www.arcgis.com/home/item.html?id=d8603539ee30461ca1b291cbef394346,1444135114000,1444235858000,HIGH,1,45487643d5404ca6b1635fa517f6533b,1,45487643d5404ca6b1635fa517f6533b,1,1
77ce2c84d32e4d2595b57f36ee7b72de,National Geographic Giant Maps,acarroll73,private,1.4,data.version,LEGACY,version_lt_2.0,https://www.arcgis.com/home/item.html?id=77ce2c84d32e4d2595b57f36ee7b72de,1321476294000,1346084247000,LOW,0,,0,,0,0
af01342f3a704f8c952e0733e23d140e,National Geographic World Map (Latest Prototype)-,acarroll73,shared,1.3,data.version,LEGACY,version_lt_2.0,https://www.arcgis.com/home/item.html?id=af01342f3a704f8c952e0733e23d140e,1316628842000,1346084256000,LOW,0,,0,,0,0
0d0cd7d1e96349f994e550f295788d15,National Geographic World Map (Latest Prototype)--JJV Level 10 Edit,acarroll73,shared,1.4,data.version,LEGACY,version_lt_2.0,https://www.arcgis.com/home/item.html?id=0d0cd7d1e96349f994e550f295788d15,1317387751000,1346084226000,LOW,0,,0,,0,0
8dd1e2837b664d0fad9f86cf43ff0671,National Geographic World Map (Latest Prototype)--JJV Level 5 Edit,acarroll73,shared,1.3,data.version,LEGACY,version_lt_2.0,https://www.arcgis.com/home/item.html?id=8dd1e2837b664d0fad9f86cf43ff0671,1316704199000,1346084251000,LOW,0,,0,,0,0
5489749d3cdf4c74a19d180315737f14,National Geographic World Map (Latest Prototype)--JJV Level 8 Edit,acarroll73,shared,1.4,data.version,LEGACY,version_lt_2.0,https://www.arcgis.com/home/item.html?id=5489749d3cdf4c74a19d180315737f14,1317226240000,1346084241000,LOW,0,,0,,0,0
0acd0290a3b143c2a21cb268dbc1f766,National Geographic World Map (Latest Prototype)--JJV Level 9 Edit,acarroll73,shared,1.4,data.version,LEGACY,version_lt_2.0,https://www.arcgis.com/home/item.html?id=0acd0290a3b143c2a21cb268dbc1f766,1317310379000,1346084224000,LOW,0,,0,,0,0
ed7e94f0511e4bca95021f2574fca45a,National Geographic World Map (Latest Prototype)--Layer 7 JJV Edit,acarroll73,shared,1.4,data.version,LEGACY,version_lt_2.0,https://www.arcgis.com/home/item.html?id=ed7e94f0511e4bca95021f2574fca45a,1317055581000,1346084268000,LOW,0,,0,,0,0
637ebc41cb6d4f3a8755bf0d4a9005f7,National Geographic World Map (Latest Prototype)-JJV Level 2 Edit-Copy,acarroll73,shared,1.3,data.version,LEGACY,version_lt_2.0,https://www.arcgis.com/home/item.html?id=637ebc41cb6d4f3a8755bf0d4a9005f7,1316628785000,1346084243000,LOW,0,,0,,0,0
5ae842b72f484b80ac8cca72febecdf7,National Geographic World Map (Latest Prototype)-JJV Level 3 Edit,acarroll73,shared,1.3,data.version,LEGACY,version_lt_2.0,https://www.arcgis.com/home/item.html?id=5ae842b72f484b80ac8cca72febecdf7,1316629611000,1346084241000,LOW,0,,0,,0,0
ac394024ebce4f688dd30a70d96512ed,National Geographic World Map (Latest Prototype)-JJV Level 4 Edits,acarroll73,shared,1.3,data.version,LEGACY,version_lt_2.0,https://www.arcgis.com/home/item.html?id=ac394024ebce4f688dd30a70d96512ed,1316637965000,1346084256000,LOW,0,,0,,0,0
6e91ac0f94b645288f25d7e7f7810bca,National Geographic World Map (Latest Prototype)-JJV Level 6 Edit,acarroll73,shared,1.4,data.version,LEGACY,version_lt_2.0,https://www.arcgis.com/home/item.html?id=6e91ac0f94b645288f25d7e7f7810bca,1316808591000,1346084244000,LOW,0,,0,,0,0
0cef20f99d72431dac67aaa3b5a2689e,National Monuments-Copy,StoryMaps,public,1.9.1,data.version,LEGACY,version_lt_2.0,https://www.arcgis.com/home/item.html?id=0cef20f99d72431dac67aaa3b5a2689e,1398771282000,1398788420000,LOW,0,,0,,0,0
5ee741dc610045b69fefd565ee0dc7bf,National Wilderness Preservation System,StoryMaps,private,1.6,data.version,LEGACY,version_lt_2.0,https://www.arcgis.com/home/item.html?id=5ee741dc610045b69fefd565ee0dc7bf,1351514148000,1351514152000,LOW,0,,0,,0,0
cc84e254e78d4f958c7ee0e9c8676a5f,National Wildlife Refuges,acarroll73,public,1.2,data.version,LEGACY,version_lt_2.0,https://www.arcgis.com/home/item.html?id=cc84e254e78d4f958c7ee0e9c8676a5f,1308767699000,1346084262000,LOW,0,,0,,0,0
bcb467174ce54691b547ab4f0c2dd148,National Wildlife Repository,StoryMaps,public,1.9,data.version,LEGACY,version_lt_2.0,https://www.arcgis.com/home/item.html?id=bcb467174ce54691b547ab4f0c2dd148,1384033032000,1384128841000,LOW,0,,0,,0,0
7197ad0751504b68bad6df0267d25083,"Natural Earth layers, etc.",acarroll73,private,1.1,data.version,LEGACY,version_lt_2.0,https://www.arcgis.com/home/item.html?id=7197ad0751504b68bad6df0267d25083,1296762267000,1346084245000,LOW,0,,0,,0,0
417f634b9812400f9327538e05054be3,Natural Landscapes of the U.S.,StoryMaps,private,1.9,data.version,LEGACY,version_lt_2.0,https://www.arcgis.com/home/item.html?id=417f634b9812400f9327538e05054be3,1380990290000,1381004925000,LOW,0,,0,,0,0
0184394ca4884b09aedf76379b046524,NaturalEarth basemap,StoryMaps,public,1.6,data.version,LEGACY,version_lt_2.0,https://www.arcgis.com/home/item.html?id=0184394ca4884b09aedf76379b046524,1351193770000,1354229048000,LOW,0,,0,,0,0
7cbe5985f28c4ea68e5ff5eff413e83f,NaturalEarth basemap - Web Mercator,StoryMaps,public,1.6,data.version,LEGACY,version_lt_2.0,https://www.arcgis.com/home/item.html?id=7cbe5985f28c4ea68e5ff5eff413e83f,1351718266000,1351718266000,LOW,0,,0,,0,0
adb65176103d4ee687c98aa6d5c8b586,NCAA Football Fanbases-Chris Olsen,acarroll73,private,1.3,data.version,LEGACY,version_lt_2.0,https://www.arcgis.com/home/item.html?id=adb65176103d4ee687c98aa6d5c8b586,1314296178000,1346084256000,LOW,0,,0,,0,0
a37cc3e7a17848fc90a2135fc6eb66da,Near my office,StoryMaps,public,1.9.1,data.version,LEGACY,version_lt_2.0,https://www.arcgis.com/home/item.html?id=a37cc3e7a17848fc90a2135fc6eb66da,1432308213000,1432308230000,HIGH,1,ef6f10039a3d469babc873c00aac1658,1,ef6f10039a3d469babc873c00aac1658,1,1
bb7e788f230d463a87914a5d87048f78,New Cities,StoryMaps,private,1.7,data.version,LEGACY,version_lt_2.0,https://www.arcgis.com/home/item.html?id=bb7e788f230d463a87914a5d87048f78,1362667947000,1362703029000,LOW,0,,0,,0,0
9000dc0cfaaf472293db8a5c847b09eb,New Forest and the Outer Hebrides,acarroll73,private,,missing,UNKNOWN,missing_or_unparseable_version,https://www.arcgis.com/home/item.html?id=9000dc0cfaaf472293db8a5c847b09eb,1287515399000,1346084252000,LOW,0,,0,,0,0
aabd3cf9459f4ca9af77bfd1475284b4,New Madrid and other historical earthquakes,acarroll73,public,1.4,data.version,LEGACY,version_lt_2.0,https://www.arcgis.com/home/item.html?id=aabd3cf9459f4ca9af77bfd1475284b4,1322702016000,1346084256000,LOW,0,,0,,0,0
1a29ea23fe044290a51547fc06ac5fcf,New Madrid and Other U.S. Historical Earthquakes,StoryMaps,public,1.6,data.version,LEGACY,version_lt_2.0,https://www.arcgis.com/home/item.html?id=1a29ea23fe044290a51547fc06ac5fcf,1340745553000,1340745554000,LOW,0,,0,,0,0
55e9b5b544ac490ca1bcc2f78a50c760,New Madrid and Other U.S. Historical Earthquakes,acarroll73,public,1.5,data.version,LEGACY,version_lt_2.0,https://www.arcgis.com/home/item.html?id=55e9b5b544ac490ca1bcc2f78a50c760,1323995512000,1346084241000,LOW,0,,0,,0,0
1beb8f9352b44ce2a7c5c9b1046ff981,New Madrid Earthquake Accounts,acarroll73,public,1.5,data.version,LEGACY,version_lt_2.0,https://www.arcgis.com/home/item.html?id=1beb8f9352b44ce2a7c5c9b1046ff981,1325600409000,1346084229000,LOW,0,,0,,0,0
a0f13f4e130044519cc627b3dd771cac,New York City 1836 copy,StoryMaps,public,1.5,data.version,LEGACY,version_lt_2.0,https://www.arcgis.com/home/item.html?id=a0f13f4e130044519cc627b3dd771cac,1331583349000,1478279141000,LOW,0,,0,,0,0
840e90e3a9c44cdf95132ef2c418bb5f,New York City March 2016,StoryMaps,public,1.9,data.version,LEGACY,version_lt_2.0,https://www.arcgis.com/home/item.html?id=840e90e3a9c44cdf95132ef2c418bb5f,1458005278000,1458132792000,HIGH,1,32d02fa456ee4c68a931efa55a5cb314,1,32d02fa456ee4c68a931efa55a5cb314,1,1
50ece17e29ef4f22baec8a0db06008a7,New York City Place Matters,acarroll73,public,1.4,data.version,LEGACY,version_lt_2.0,https://www.arcgis.com/home/item.html?id=50ece17e29ef4f22baec8a0db06008a7,1320936905000,1346084239000,LOW,0,,0,,0,0
727f7dfdd6c84a01ba16ac33fd391968,New York City Place Matters - Demo,StoryMaps,public,1.8,data.version,LEGACY,version_lt_2.0,https://www.arcgis.com/home/item.html?id=727f7dfdd6c84a01ba16ac33fd391968,1368105310000,1368105310000,MEDIUM,1,28fa3323f89642a9b8a5027bc27e822e,0,,0,0
df2a8ff0742d44dda1a5f15b9de67e19,New York City Place Matters - final webmap,StoryMaps,public,1.5,data.version,LEGACY,version_lt_2.0,https://www.arcgis.com/home/item.html?id=df2a8ff0742d44dda1a5f15b9de67e19,1329929778000,1478279143000,LOW,0,,0,,0,0
3c9ab7258c8e453e8021e31dccd37a2f,New York City Place Matters - final webmap-Copy,StoryMaps,private,1.8,data.version,LEGACY,version_lt_2.0,https://www.arcgis.com/home/item.html?id=3c9ab7258c8e453e8021e31dccd37a2f,1368105211000,1368105211000,LOW,0,,0,,0,0
5b4387d60bd647bb87177fcea8178763,New York City Today and 1836,StoryMaps,public,1.9,data.version,LEGACY,version_lt_2.0,https://www.arcgis.com/home/item.html?id=5b4387d60bd647bb87177fcea8178763,1374668115000,1374682617000,HIGH,1,66815566a7e24934aeac175a2d14c7fb,0,,1,0
238c73f216a642138c3761f41e6352ff,New York City's Places that Matter-Basemap&Symbol experiment,acarroll73,private,1.3,data.version,LEGACY,version_lt_2.0,https://www.arcgis.com/home/item.html?id=238c73f216a642138c3761f41e6352ff,1313758045000,1346084230000,LOW,0,,0,,0,0
527205d9c3404ccda31357c7b7cba581,New York Population Density,FedGISContent,public,1.9.1,data.version,LEGACY,version_lt_2.0,https://www.arcgis.com/home/item.html?id=527205d9c3404ccda31357c7b7cba581,1391778819000,1391796819000,HIGH,1,0c3f20c4457f40d6a9eeb7db554401b6,0,,1,0
5f6e9fd23e7c46f5ad92d1e50b4c02fb,New York trip,skitterman,private,1.9,data.version,LEGACY,version_lt_2.0,https://www.arcgis.com/home/item.html?id=5f6e9fd23e7c46f5ad92d1e50b4c02fb,1478298158000,1478298158000,MEDIUM,1,d066042f23bb4a5f8d7efdb1ab94ddb9,1,d066042f23bb4a5f8d7efdb1ab94ddb9,0,0
8d421aa6102b497f86f4b035af0daaa9,New York trip,skitterman,private,1.9,data.version,LEGACY,version_lt_2.0,https://www.arcgis.com/home/item.html?id=8d421aa6102b497f86f4b035af0daaa9,1491852360000,1491852360000,MEDIUM,1,527f37875076466c8f5bf1ac830d5222,1,527f37875076466c8f5bf1ac830d5222,0,0
74e6b4c08b064a07a55997544339020e,New York trip,skitterman,public,1.9,data.version,LEGACY,version_lt_2.0,https://www.arcgis.com/home/item.html?id=74e6b4c08b064a07a55997544339020e,1481908134000,1481908134000,HIGH,3,571e38ef12864d6ba7f12fe9cb590b96;d5e8dff7979c4700a141c1ee11160014;e07c0517387742e38ab016f39ed7655a,1,571e38ef12864d6ba7f12fe9cb590b96,1,1
719686e280184c5f9da85f1122e8a9ab,New York trip,skitterman,private,1.9,data.version,LEGACY,version_lt_2.0,https://www.arcgis.com/home/item.html?id=719686e280184c5f9da85f1122e8a9ab,1478113204000,1478122481000,MEDIUM,1,22619a69e9c84602920bd00ace1b6121,1,22619a69e9c84602920bd00ace1b6121,0,0
6bb295979663472d862e0b753baf559a,New York trip,skitterman,private,1.9,data.version,LEGACY,version_lt_2.0,https://www.arcgis.com/home/item.html?id=6bb295979663472d862e0b753baf559a,1478298186000,1478298186000,LOW,0,,0,,0,0
9c41333fbac445d89426f0048da862e6,New York trip backwards,skitterman,private,1.9,data.version,LEGACY,version_lt_2.0,https://www.arcgis.com/home/item.html?id=9c41333fbac445d89426f0048da862e6,1478298293000,1478298293000,MEDIUM,1,6627d55ef80545acb1bd8b1379b18548,1,6627d55ef80545acb1bd8b1379b18548,0,0
d6c2b341846f41ccbc63643dc9e743ba,New Zeland,sabinebarrera,shared,1.9.1,data.version,LEGACY,version_lt_2.0,https://www.arcgis.com/home/item.html?id=d6c2b341846f41ccbc63643dc9e743ba,1393373533000,1393391533000,LOW,0,,0,,0,0
4f720f55fa5a4b01bb0cdc921ba86fcc,NHD on terrain base,acarroll73,private,1.1,data.version,LEGACY,version_lt_2.0,https://www.arcgis.com/home/item.html?id=4f720f55fa5a4b01bb0cdc921ba86fcc,1293044514000,1346084239000,LOW,0,,0,,0,0
f6eaf12f3d714dd8946ea8942d4a9c98,No image shortlist,skitterman,private,1.9,data.version,LEGACY,version_lt_2.0,https://www.arcgis.com/home/item.html?id=f6eaf12f3d714dd8946ea8942d4a9c98,1478111517000,1478121313000,MEDIUM,1,adb57997bef44d1495067738ce19ba40,0,,0,0
f5ecac22506f43bebe81033c82872e10,No Popup,sabinebarrera,private,1.9.1,data.version,LEGACY,version_lt_2.0,https://www.arcgis.com/home/item.html?id=f5ecac22506f43bebe81033c82872e10,1397777817000,1397792331000,LOW,0,,0,,0,0
a1d3be5b0ddd4de98050b86569949837,NOAA coastal map,StoryMaps,private,1.5,data.version,LEGACY,version_lt_2.0,https://www.arcgis.com/home/item.html?id=a1d3be5b0ddd4de98050b86569949837,1333491491000,1478279142000,LOW,0,,0,,0,0
f13003fb9b9a495988f35021242eb0dc,NOAA Tornado Tracks-Copy,StoryMaps,public,1.9.1,data.version,LEGACY,version_lt_2.0,https://www.arcgis.com/home/item.html?id=f13003fb9b9a495988f35021242eb0dc,1392305145000,1392323167000,LOW,0,,0,,0,0
999c1fd1d2384227ab292b1cbb7d1eca,North & Central America Population,sabinebarrera,private,1.8,data.version,LEGACY,version_lt_2.0,https://www.arcgis.com/home/item.html?id=999c1fd1d2384227ab292b1cbb7d1eca,1378779452000,1379022684000,LOW,0,,0,,0,0
f9344b591ce34f0d95e8816535adfa0f,North America 1811 copy,StoryMaps,public,1.5,data.version,LEGACY,version_lt_2.0,https://www.arcgis.com/home/item.html?id=f9344b591ce34f0d95e8816535adfa0f,1331582785000,1478279142000,LOW,0,,0,,0,0
7b0d530b102c4a99aa2bff9ef27887fd,North East Climate Resilience,StoryMaps,private,1.9.1,data.version,LEGACY,version_lt_2.0,https://www.arcgis.com/home/item.html?id=7b0d530b102c4a99aa2bff9ef27887fd,1403307706000,1403542913000,LOW,0,,0,,0,0
6f9e4983fe334a53887f093689389669,North Vancouver NAD,sabinebarrera,shared,1.9.1,data.version,LEGACY,version_lt_2.0,https://www.arcgis.com/home/item.html?id=6f9e4983fe334a53887f093689389669,1400868119000,1401395858000,LOW,0,,0,,0,0
9b00b8f807f24bd1a9deb9bd0291553f,Nuclear Weapons Stockpiles,StoryMaps,public,1.9,data.version,LEGACY,version_lt_2.0,https://www.arcgis.com/home/item.html?id=9b00b8f807f24bd1a9deb9bd0291553f,1381156131000,1383685301000,LOW,0,,0,,0,0
2deafe12f67b4ce4af92b786fb0731cc,Nuke events test map,StoryMaps,public,1.9,data.version,LEGACY,version_lt_2.0,https://www.arcgis.com/home/item.html?id=2deafe12f67b4ce4af92b786fb0731cc,1382649221000,1382743884000,LOW,0,,0,,0,0
106793271142463180dd0deb10faa245,Nuke events test map: Yucca Flats,StoryMaps,public,1.9,data.version,LEGACY,version_lt_2.0,https://www.arcgis.com/home/item.html?id=106793271142463180dd0deb10faa245,1383159326000,1383175282000,LOW,0,,0,,0,0
413db7510495442d83db176d9ea29b2a,NYC Fall 2013,StoryMaps,private,1.9,data.version,LEGACY,version_lt_2.0,https://www.arcgis.com/home/item.html?id=413db7510495442d83db176d9ea29b2a,1423599791000,1423599791000,MEDIUM,1,5066aa2ae348454abf2f9efacdf53f40,1,5066aa2ae348454abf2f9efacdf53f40,0,0
23b338fc9b08452b9435b4ce743db8fa,NYC Fall 2013,StoryMaps,public,1.9,data.version,LEGACY,version_lt_2.0,https://www.arcgis.com/home/item.html?id=23b338fc9b08452b9435b4ce743db8fa,1428617620000,1428617620000,MEDIUM,1,8263c678f8b249779a7cebfd7886550f,1,8263c678f8b249779a7cebfd7886550f,0,0
cbfb18d8c61b4fb38c7bcea76f879b8c,NYC Links,sabinebarrera,shared,1.9.1,data.version,LEGACY,version_lt_2.0,https://www.arcgis.com/home/item.html?id=cbfb18d8c61b4fb38c7bcea76f879b8c,1403298068000,1403298068000,LOW,0,,0,,0,0
9f27819efbb44cabb8a64b75c27a933c,NYC Place Matters: 1,StoryMaps,shared,1.5,data.version,LEGACY,version_lt_2.0,https://www.arcgis.com/home/item.html?id=9f27819efbb44cabb8a64b75c27a933c,1328900961000,1478279147000,LOW,0,,0,,0,0
32edd2ed2b384b7c8f051b78ae3b88d3,NYC Place Matters: 2,StoryMaps,shared,1.5,data.version,LEGACY,version_lt_2.0,https://www.arcgis.com/home/item.html?id=32edd2ed2b384b7c8f051b78ae3b88d3,1328901321000,1478279147000,LOW,0,,0,,0,0
e054329eac35401fa9be489e2abf28bc,NYC Place Matters: 3,StoryMaps,shared,1.5,data.version,LEGACY,version_lt_2.0,https://www.arcgis.com/home/item.html?id=e054329eac35401fa9be489e2abf28bc,1328902313000,1478279147000,LOW,0,,0,,0,0
860e6e5644984f65925ed4db9269b55f,NYC Place Matters: 4,StoryMaps,shared,1.5,data.version,LEGACY,version_lt_2.0,https://www.arcgis.com/home/item.html?id=860e6e5644984f65925ed4db9269b55f,1328902362000,1478279147000,LOW,0,,0,,0,0
b3b47157ffae407b9edf09e2ff3ffff0,NYC Place Matters: with Parks,acarroll73,private,1.5,data.version,LEGACY,version_lt_2.0,https://www.arcgis.com/home/item.html?id=b3b47157ffae407b9edf09e2ff3ffff0,1328899397000,1346084258000,LOW,0,,0,,0,0
b71a7954ba5e45b49791b96372c7428e,NYC Swipe - Rumsey,dasbury_storymaps,org,1.9,data.version,LEGACY,version_lt_2.0,https://www.arcgis.com/home/item.html?id=b71a7954ba5e45b49791b96372c7428e,1381241686000,1381256087000,MEDIUM,1,4a946356ad2a44b28b8c52bf84276fdf,0,,0,0
554b6dea9e3d44428bf35764882f52d3,Obesity,StoryMaps,public,1.9.1,data.version,LEGACY,version_lt_2.0,https://www.arcgis.com/home/item.html?id=554b6dea9e3d44428bf35764882f52d3,1394424494000,1394440545000,LOW,0,,0,,0,0
81e804a8aeca4961a3728aaa9b9607b6,Obesity rates,dasbury_storymaps,public,1.9,data.version,LEGACY,version_lt_2.0,https://www.arcgis.com/home/item.html?id=81e804a8aeca4961a3728aaa9b9607b6,1373386244000,1474406828000,LOW,0,,0,,0,0
5936093aa1a24801bcaa112d43a99dde,Oceans atlas sampler,acarroll73,private,1.1,data.version,LEGACY,version_lt_2.0,https://www.arcgis.com/home/item.html?id=5936093aa1a24801bcaa112d43a99dde,1294950745000,1346084241000,LOW,0,,0,,0,0
2b0b2474375a463ab13e18917bb24bcc,Oceans Basemap Plus Nat Geo map,acarroll73,private,1.2,data.version,LEGACY,version_lt_2.0,https://www.arcgis.com/home/item.html?id=2b0b2474375a463ab13e18917bb24bcc,1305640460000,1346084231000,LOW,0,,0,,0,0
615262d42c6a4852bfdff9ecae663bee,Olympic Cities,StoryMaps,public,1.5,data.version,LEGACY,version_lt_2.0,https://www.arcgis.com/home/item.html?id=615262d42c6a4852bfdff9ecae663bee,1335905895000,1478279146000,LOW,0,,0,,0,0
aa8c55454b474633bec9eda8da9158bc,Olympic Medals by Country,StoryMaps,public,1.5,data.version,LEGACY,version_lt_2.0,https://www.arcgis.com/home/item.html?id=aa8c55454b474633bec9eda8da9158bc,1336916950000,1478279146000,LOW,0,,0,,0,0
22f3fd56e6554ffeabef914299a000eb,Olympic Social Media,StoryMaps,public,1.9.1,data.version,LEGACY,version_lt_2.0,https://www.arcgis.com/home/item.html?id=22f3fd56e6554ffeabef914299a000eb,1391468281000,1391558163000,HIGH,1,768eed9a249644e2879f167d6d6a539d,0,,1,0
c63f50f3623b46e2a60c518f4b2bf058,On the Brink: The Sixth Great Extinction,StoryMaps,public,1.9,data.version,LEGACY,version_lt_2.0,https://www.arcgis.com/home/item.html?id=c63f50f3623b46e2a60c518f4b2bf058,1456516393000,1458665390000,HIGH,1,24371c7db7e5490ca8cc62f1aac5d650,1,24371c7db7e5490ca8cc62f1aac5d650,1,1
9b781aec884c4e259ef5c15c92b50850,On the Road in North Dakota,StoryMaps,private,1.9,data.version,LEGACY,version_lt_2.0,https://www.arcgis.com/home/item.html?id=9b781aec884c4e259ef5c15c92b50850,1400771105000,1400785625000,MEDIUM,1,aa1bdcf0bd3041878498868b15cada17,1,aa1bdcf0bd3041878498868b15cada17,0,0
e33cd4cbd2de4d7da7ae39f6d6fdb872,On the Road in North Dakota,storymapslegacy,public,1.9,data.version,LEGACY,version_lt_2.0,https://www.arcgis.com/home/item.html?id=e33cd4cbd2de4d7da7ae39f6d6fdb872,1400768421000,1726861957000,MEDIUM,1,5d636a3c89ff446d9cec71d8553dc0a1,1,5d636a3c89ff446d9cec71d8553dc0a1,0,0
677a61ef5e534aaabe1579178ec56447,oneesri-v4 - Shortlist builder,bock@esri.com_Story,public,1.9,data.version,LEGACY,version_lt_2.0,https://www.arcgis.com/home/item.html?id=677a61ef5e534aaabe1579178ec56447,1486157374000,1486157616000,HIGH,1,3c4052223fb541a4936fd4f19cb2c166,0,,1,0
ded0086a332f42849d40ac2c86748cc7,oneesri-v5 - Shortlist builder,bock@esri.com_Story,public,1.9,data.version,LEGACY,version_lt_2.0,https://www.arcgis.com/home/item.html?id=ded0086a332f42849d40ac2c86748cc7,1486407630000,1486407630000,HIGH,1,67b8ab0455804369b0afe08439f41e3e,0,,1,0
1a4e2c7426c54375a650ef08efb87080,oneesri-v6 - Shortlist builder,bock@esri.com_Story,public,1.9,data.version,LEGACY,version_lt_2.0,https://www.arcgis.com/home/item.html?id=1a4e2c7426c54375a650ef08efb87080,1486416845000,1486416845000,HIGH,1,89f0f9eb80c84cc1bda1aa16d39e32a5,0,,1,0
88b2d99ef16045569a1466a149941114,Our Vacation,StoryMaps,public,1.9,data.version,LEGACY,version_lt_2.0,https://www.arcgis.com/home/item.html?id=88b2d99ef16045569a1466a149941114,1428675567000,1428675567000,HIGH,1,f0d45090724c4964a3c4f6fe26a6e63b,1,f0d45090724c4964a3c4f6fe26a6e63b,1,1
312ecb3d45534a70acdb30d7837c2fa2,Outer Hebrides,StoryMaps,public,1.8,data.version,LEGACY,version_lt_2.0,https://www.arcgis.com/home/item.html?id=312ecb3d45534a70acdb30d7837c2fa2,1363894245000,1364171915000,HIGH,1,8e2ace7e1f66454d9c899f8a351fb57b,1,8e2ace7e1f66454d9c899f8a351fb57b,1,1
cb530d04876a4ec0b6f8ab3b40e36204,Pacific_Story_WebMap,dwright_storymaps,public,1.9,data.version,LEGACY,version_lt_2.0,https://www.arcgis.com/home/item.html?id=cb530d04876a4ec0b6f8ab3b40e36204,1381562959000,1381777736000,HIGH,1,de5576908cd0436cba94a7b768efecd8,1,de5576908cd0436cba94a7b768efecd8,1,1
cfb75f99c520471f80a4b19fe8db4093,Palm Springs Map Tour,glazou2,public,1.9.1,data.version,LEGACY,version_lt_2.0,https://www.arcgis.com/home/item.html?id=cfb75f99c520471f80a4b19fe8db4093,1427480508000,1427480512000,HIGH,1,e261d5f13b724134870074d797b2a874,1,e261d5f13b724134870074d797b2a874,1,1
31afc21028ec41b7b1cb2e069f2a443c,Palm Springs Map Tour,glazou2,public,1.9.1,data.version,LEGACY,version_lt_2.0,https://www.arcgis.com/home/item.html?id=31afc21028ec41b7b1cb2e069f2a443c,1427480119000,1427480122000,HIGH,1,fd29eb8ee26a4589aff1548da8826ee1,1,fd29eb8ee26a4589aff1548da8826ee1,1,1
f06144a146464a9bbb39eb743ac35372,Palm Springs Map Tour (demo),glazou2,public,1.9,data.version,LEGACY,version_lt_2.0,https://www.arcgis.com/home/item.html?id=f06144a146464a9bbb39eb743ac35372,1426098281000,1426098281000,HIGH,1,e3deae1996024401ac4a9112030ccf49,1,e3deae1996024401ac4a9112030ccf49,1,1
f445c7890bf14249a0ec8e28fdf2587d,Paris Cafes,StoryMaps,public,1.9,data.version,LEGACY,version_lt_2.0,https://www.arcgis.com/home/item.html?id=f445c7890bf14249a0ec8e28fdf2587d,1401881482000,1415560385000,HIGH,1,560eeb563fa348b7a91c6e2352bc4cd8,1,560eeb563fa348b7a91c6e2352bc4cd8,1,1
3bc34c9da79247e787eccb0e33e52f68,Paris Impressions,StoryMaps,public,1.9,data.version,LEGACY,version_lt_2.0,https://www.arcgis.com/home/item.html?id=3bc34c9da79247e787eccb0e33e52f68,1429907805000,1429909042000,HIGH,1,7545fdba857148b7b2a891aa03e48b3b,1,7545fdba857148b7b2a891aa03e48b3b,1,1
0ad79942431c4e8b8069ae948f068e30,Paris Population Density-Copy,StoryMaps,public,1.9,data.version,LEGACY,version_lt_2.0,https://www.arcgis.com/home/item.html?id=0ad79942431c4e8b8069ae948f068e30,1373152771000,1373167172000,LOW,0,,0,,0,0
b8dd2cf7719d40fc851b256602717b09,Paris_Transit_Access-Copy,StoryMaps,private,1.9,data.version,LEGACY,version_lt_2.0,https://www.arcgis.com/home/item.html?id=b8dd2cf7719d40fc851b256602717b09,1373153210000,1373167610000,LOW,0,,0,,0,0
dec996e03d1740f0932c51b10b5c8a84,Park Tiles,StoryMaps_services,public,1.9.1,data.version,LEGACY,version_lt_2.0,https://www.arcgis.com/home/item.html?id=dec996e03d1740f0932c51b10b5c8a84,1400684735000,1432741920000,HIGH,1,e7f06e9b169b4a26a380007c8a4e15fc,0,,1,0
756c3307cd2342e5881ad051123f3ce4,"Participation in presidential elections, 1980-2008",acarroll73,public,1.5,data.version,LEGACY,version_lt_2.0,https://www.arcgis.com/home/item.html?id=756c3307cd2342e5881ad051123f3ce4,1329401443000,1346084246000,LOW,0,,0,,0,0
cd2ce75e3e6740759320ed2e711f06f9,Paul Salopek's Route,StoryMaps,private,1.9.1,data.version,LEGACY,version_lt_2.0,https://www.arcgis.com/home/item.html?id=cd2ce75e3e6740759320ed2e711f06f9,1396374918000,1396374918000,LOW,0,,0,,0,0
e94e66e1260e4102bcdcfab8c565c665,Paying respects to my uncle in Arlington National Cemetery,StoryMaps,public,1.7,data.version,LEGACY,version_lt_2.0,https://www.arcgis.com/home/item.html?id=e94e66e1260e4102bcdcfab8c565c665,1362947248000,1362980457000,LOW,0,,0,,0,0
35fb805f37574432a1758d75713c6647,Penn Quarter working map,StoryMaps,org,1.7,data.version,LEGACY,version_lt_2.0,https://www.arcgis.com/home/item.html?id=35fb805f37574432a1758d75713c6647,1360590336000,1360811703000,LOW,0,,0,,0,0
ab8c77d796444b85bbdaf49b807b75ca,People Without Health Insurance,StoryMaps,public,1.5,data.version,LEGACY,version_lt_2.0,https://www.arcgis.com/home/item.html?id=ab8c77d796444b85bbdaf49b807b75ca,1327441590000,1478279139000,LOW,0,,0,,0,0
0b4fe5beabe3481da790bc998e2b5aa0,Per Capita Gross Domestic Product (World Bank),StoryMaps,public,1.7,data.version,LEGACY,version_lt_2.0,https://www.arcgis.com/home/item.html?id=0b4fe5beabe3481da790bc998e2b5aa0,1363705541000,1363721026000,LOW,0,,0,,0,0
6f3d9d14b2784350ab2c425e4b076f07,Per Capita Gross Domestic Product: World Bank for MyCOE,acarroll73,public,1.3,data.version,LEGACY,version_lt_2.0,https://www.arcgis.com/home/item.html?id=6f3d9d14b2784350ab2c425e4b076f07,1314190964000,1346084244000,LOW,0,,0,,0,0
503f9d4c6fb848248024f5867bc21729,Per Capita Income in the U.S.,StoryMaps,public,1.9.1,data.version,LEGACY,version_lt_2.0,https://www.arcgis.com/home/item.html?id=503f9d4c6fb848248024f5867bc21729,1388409530000,1388428673000,LOW,0,,0,,0,0
da62e6f59d3647bca9fb637c926fcbe7,Percent Forested - World Bank,acarroll73,public,1.4,data.version,LEGACY,version_lt_2.0,https://www.arcgis.com/home/item.html?id=da62e6f59d3647bca9fb637c926fcbe7,1317150597000,1346084264000,LOW,0,,0,,0,0
16f685f27ab4468ea6d7c50849b43f2e,Percent Russians in Ukraine,StoryMaps,private,1.9.1,data.version,LEGACY,version_lt_2.0,https://www.arcgis.com/home/item.html?id=16f685f27ab4468ea6d7c50849b43f2e,1393861160000,1393880269000,LOW,0,,0,,0,0
282b89e6abfb4386bf2d035c10de325f,Pew Seamounts Prototype,StoryMaps,public,1.6,data.version,LEGACY,version_lt_2.0,https://www.arcgis.com/home/item.html?id=282b89e6abfb4386bf2d035c10de325f,1349299845000,1349460562000,LOW,0,,0,,0,0
568d9990c86442c78ea3c642f2a640e1,Photographing the President in 50 States,dasbury_storymaps,shared,1.9,data.version,LEGACY,version_lt_2.0,https://www.arcgis.com/home/item.html?id=568d9990c86442c78ea3c642f2a640e1,1431101149000,1431101149000,MEDIUM,1,a4254a143c7b4f32b89a706314b809b5,1,a4254a143c7b4f32b89a706314b809b5,0,0
a3344aa1bee54f47ac4190ae4bd33641,Photographing the President in 50 States,StoryMaps,public,1.9,data.version,LEGACY,version_lt_2.0,https://www.arcgis.com/home/item.html?id=a3344aa1bee54f47ac4190ae4bd33641,1431016267000,1431020545000,HIGH,1,85fab35a73e149dea8507f0c749165fa,1,85fab35a73e149dea8507f0c749165fa,1,1
9dad491725b848698e21515a420dcbc5,Photosynth Test,StoryMaps,public,1.9,data.version,LEGACY,version_lt_2.0,https://www.arcgis.com/home/item.html?id=9dad491725b848698e21515a420dcbc5,1387569871000,1391731966000,MEDIUM,1,98e54cbc3ec64cc9a15d9ec6cc9b6898,1,98e54cbc3ec64cc9a15d9ec6cc9b6898,0,0
f33e83dd2c604019bff76b231d06118a,picasa test,mystories,private,1.9,data.version,LEGACY,version_lt_2.0,https://www.arcgis.com/home/item.html?id=f33e83dd2c604019bff76b231d06118a,1428520185000,1428520185000,LOW,0,,0,,0,0
85d9fef08b1d4a5193976c709d9e8a7b,PICASATOWEBMAP,glazou2,public,1.9,data.version,LEGACY,version_lt_2.0,https://www.arcgis.com/home/item.html?id=85d9fef08b1d4a5193976c709d9e8a7b,1384297182000,1384315183000,LOW,0,,0,,0,0
54bd5dfb08474abbb1199176ba0cd8c1,Pilgrimage Routes,StoryMaps,private,1.9.1,data.version,LEGACY,version_lt_2.0,https://www.arcgis.com/home/item.html?id=54bd5dfb08474abbb1199176ba0cd8c1,1396373056000,1396387661000,LOW,0,,0,,0,0
015f54544e0a49328adbdfe8dec58464,Piping plover,StoryMaps,public,1.6,data.version,LEGACY,version_lt_2.0,https://www.arcgis.com/home/item.html?id=015f54544e0a49328adbdfe8dec58464,1346875570000,1711146916000,LOW,0,,0,,0,0
212de1d6be6347a983870c84fd20e0c7,Piping plover - fall migration,StoryMaps,private,1.6,data.version,LEGACY,version_lt_2.0,https://www.arcgis.com/home/item.html?id=212de1d6be6347a983870c84fd20e0c7,1346873265000,1346873266000,LOW,0,,0,,0,0
dfee74e84f054b50bd8ae6680d41d7f8,Piping plover - spring migration,StoryMaps,private,1.6,data.version,LEGACY,version_lt_2.0,https://www.arcgis.com/home/item.html?id=dfee74e84f054b50bd8ae6680d41d7f8,1346873590000,1346873615000,LOW,0,,0,,0,0
d93025658b7f4db1bc46c35db70b5992,Piping Plover - summer breeding,StoryMaps,private,1.6,data.version,LEGACY,version_lt_2.0,https://www.arcgis.com/home/item.html?id=d93025658b7f4db1bc46c35db70b5992,1346872825000,1346873760000,LOW,0,,0,,0,0
af2181821da34797b5e75582bf776208,Piping plover - winter rest,StoryMaps,private,1.6,data.version,LEGACY,version_lt_2.0,https://www.arcgis.com/home/item.html?id=af2181821da34797b5e75582bf776208,1346873414000,1346873784000,LOW,0,,0,,0,0
43233343415a47bfaa56835bfeb9d665,Piping Plover Range,StoryMaps,private,1.6,data.version,LEGACY,version_lt_2.0,https://www.arcgis.com/home/item.html?id=43233343415a47bfaa56835bfeb9d665,1340902876000,1340913958000,LOW,0,,0,,0,0
e60268ba7a7b4ff38d3d9cc97ec0600a,Piping Plover Range,acarroll_storymaps,public,1.6,data.version,LEGACY,version_lt_2.0,https://www.arcgis.com/home/item.html?id=e60268ba7a7b4ff38d3d9cc97ec0600a,1339679767000,1339771901000,LOW,0,,0,,0,0
00726632e6a34786ab95c2db9e016177,Place Matters in NYC,StoryMaps,public,1.5,data.version,LEGACY,version_lt_2.0,https://www.arcgis.com/home/item.html?id=00726632e6a34786ab95c2db9e016177,1335220740000,1478279143000,MEDIUM,1,838a66965d694e47aa09df766f5ec2c1,0,,0,0
60d1b5d646114107980c73224e064740,Place Matters in NYC - Demo,StoryMaps,public,1.5,data.version,LEGACY,version_lt_2.0,https://www.arcgis.com/home/item.html?id=60d1b5d646114107980c73224e064740,1335198012000,1478279143000,MEDIUM,1,d582c119e60b437b86dd67ae88cd2b07,0,,0,0
51e4bed5c22a4e90abc7759511647291,Places,FedGISContent,public,1.9.1,data.version,LEGACY,version_lt_2.0,https://www.arcgis.com/home/item.html?id=51e4bed5c22a4e90abc7759511647291,1391195650000,1391213696000,LOW,0,,0,,0,0
a8c6f9b579534fbaafea63aa0c0de9b7,Planet Hunter,mystories,private,1.9,data.version,LEGACY,version_lt_2.0,https://www.arcgis.com/home/item.html?id=a8c6f9b579534fbaafea63aa0c0de9b7,1430953907000,1430953907000,LOW,0,,0,,0,0
817b3e36f52a4d67920c9aaab8cec1bb,Planet Hunter,dasbury_storymaps,public,1.9,data.version,LEGACY,version_lt_2.0,https://www.arcgis.com/home/item.html?id=817b3e36f52a4d67920c9aaab8cec1bb,1392830118000,1392853470000,HIGH,2,a4b1145abca9441fb7afd4527d5c4beb;a9381704e4d94ed0975d4801d9bf325e,2,a4b1145abca9441fb7afd4527d5c4beb;a9381704e4d94ed0975d4801d9bf325e,1,1
db29b5d012f84712908bb3980e041f80,playlist_test,StoryMaps,public,1.9,data.version,LEGACY,version_lt_2.0,https://www.arcgis.com/home/item.html?id=db29b5d012f84712908bb3980e041f80,1381869418000,1382473342000,LOW,0,,0,,0,0
c57ebb9022fa4b44ac481446ece6fb12,PNPM Indonesia offices,StoryMaps,public,1.5,data.version,LEGACY,version_lt_2.0,https://www.arcgis.com/home/item.html?id=c57ebb9022fa4b44ac481446ece6fb12,1335451180000,1478279140000,LOW,0,,0,,0,0
68a89a06a840454e9a5acc9399c87999,Pop-up config map,StoryMaps,private,1.5,data.version,LEGACY,version_lt_2.0,https://www.arcgis.com/home/item.html?id=68a89a06a840454e9a5acc9399c87999,1327153384000,1478279138000,LOW,0,,0,,0,0
7863e6e2cfab49879da5b0053df62cec,Population Change 2000-2010,acarroll73,public,1.5,data.version,LEGACY,version_lt_2.0,https://www.arcgis.com/home/item.html?id=7863e6e2cfab49879da5b0053df62cec,1328541881000,1346084247000,LOW,0,,0,,0,0
cc9ef7d8693f46f5aed6a188e57c2fd9,Population change by county between 2012 & 2013,StoryMaps,public,1.9.1,data.version,LEGACY,version_lt_2.0,https://www.arcgis.com/home/item.html?id=cc9ef7d8693f46f5aed6a188e57c2fd9,1396455465000,1396562145000,HIGH,1,c8f7a273583f4ff8a7ed736d82208e7c,0,,1,0
bf92c36b78b34effa336e0b8461eef69,Population density,acarroll73,public,1.4,data.version,LEGACY,version_lt_2.0,https://www.arcgis.com/home/item.html?id=bf92c36b78b34effa336e0b8461eef69,1319643929000,1346084261000,LOW,0,,0,,0,0
2bd2e1aeaf1b49d1bf21d5a33b88ed8f,Population density and the elderly,StoryMaps,public,1.7,data.version,LEGACY,version_lt_2.0,https://www.arcgis.com/home/item.html?id=2bd2e1aeaf1b49d1bf21d5a33b88ed8f,1346981127000,1726765486000,LOW,0,,0,,0,0
a137ead941f14760ac60630576430124,Population Density Urban Observe,FedGISContent,public,1.9.1,data.version,LEGACY,version_lt_2.0,https://www.arcgis.com/home/item.html?id=a137ead941f14760ac60630576430124,1391196548000,1391196548000,LOW,0,,0,,0,0
3a98546a882944a2b40cb1a3bd3fa092,Population growth by county between 2012 & 2013,StoryMaps,public,1.9.1,data.version,LEGACY,version_lt_2.0,https://www.arcgis.com/home/item.html?id=3a98546a882944a2b40cb1a3bd3fa092,1396455756000,1396562195000,LOW,0,,0,,0,0
ab2fd7c3efe246758fecbe7ab840ba7f,Predicted Population Growth Rate from 2012 - 2017,FedGISContent,public,1.9.1,data.version,LEGACY,version_lt_2.0,https://www.arcgis.com/home/item.html?id=ab2fd7c3efe246758fecbe7ab840ba7f,1391194184000,1391212212000,LOW,0,,0,,0,0
84dfd7810640470890673d4557f0b0fd,Private Service mappy,skitterman,private,1.9,data.version,LEGACY,version_lt_2.0,https://www.arcgis.com/home/item.html?id=84dfd7810640470890673d4557f0b0fd,1444685807000,1444685807000,LOW,0,,0,,0,0
d646947c75744c9aa2d3a859b0e88921,Profile Pictures,skitterman,private,1.9,data.version,LEGACY,version_lt_2.0,https://www.arcgis.com/home/item.html?id=d646947c75744c9aa2d3a859b0e88921,1435097179000,1435097179000,LOW,0,,0,,0,0
5a38aaf3e55b490fbc73593eb5fac6f6,Profile Pictures,skitterman,private,1.9,data.version,LEGACY,version_lt_2.0,https://www.arcgis.com/home/item.html?id=5a38aaf3e55b490fbc73593eb5fac6f6,1434125308000,1434125308000,LOW,0,,0,,0,0
9f3be37852a04f1caade152b006d6607,Progress Toward the Millennium Development Goals,StoryMaps,private,1.9,data.version,LEGACY,version_lt_2.0,https://www.arcgis.com/home/item.html?id=9f3be37852a04f1caade152b006d6607,1383670617000,1383690245000,LOW,0,,0,,0,0
30994a65758d462396a26616a0c155c0,Protected Areas of Peru,acarroll73,public,1.3,data.version,LEGACY,version_lt_2.0,https://www.arcgis.com/home/item.html?id=30994a65758d462396a26616a0c155c0,1315591193000,1346084232000,LOW,0,,0,,0,0
4c591890c700465fb73227ab485633b5,Protected areas: Brazil,acarroll73,public,1.5,data.version,LEGACY,version_lt_2.0,https://www.arcgis.com/home/item.html?id=4c591890c700465fb73227ab485633b5,1331748681000,1346084238000,LOW,0,,0,,0,0
1679cb22ffbf40ca9e5e509ee7322a0c,Proxy-Test,StoryMaps,private,1.9.1,data.version,LEGACY,version_lt_2.0,https://www.arcgis.com/home/item.html?id=1679cb22ffbf40ca9e5e509ee7322a0c,1395673419000,1395687824000,LOW,0,,0,,0,0
f18858d1c3f54c448178e519ba709dd9,PUG - demo imagery,StoryMaps,public,1.8,data.version,LEGACY,version_lt_2.0,https://www.arcgis.com/home/item.html?id=f18858d1c3f54c448178e519ba709dd9,1368126714000,1368141114000,LOW,0,,0,,0,0
39634f9c20af449592e1ffb4aed08413,PUG - demo topo,StoryMaps,private,1.8,data.version,LEGACY,version_lt_2.0,https://www.arcgis.com/home/item.html?id=39634f9c20af449592e1ffb4aed08413,1368126695000,1368141095000,LOW,0,,0,,0,0
8fb78e6181fd45bbb8bf69153b909c9b,PUG Demo Map Tour,StoryMaps,public,1.8,data.version,LEGACY,version_lt_2.0,https://www.arcgis.com/home/item.html?id=8fb78e6181fd45bbb8bf69153b909c9b,1368127099000,1368141611000,LOW,0,,0,,0,0
adf680a9318f42a4a38836875e120746,pug-2013-clancy,StoryMaps,public,1.8,data.version,LEGACY,version_lt_2.0,https://www.arcgis.com/home/item.html?id=adf680a9318f42a4a38836875e120746,1367510889000,1367531617000,LOW,0,,0,,0,0
79525eacdfd345c3a5fb460fa0431673,pug-testfs,StoryMaps,org,1.8,data.version,LEGACY,version_lt_2.0,https://www.arcgis.com/home/item.html?id=79525eacdfd345c3a5fb460fa0431673,1367525550000,1367539951000,LOW,0,,0,,0,0
16a77940c270474d931e8e9823e12fa6,Punta Arenas,sabinebarrera,shared,1.9.1,data.version,LEGACY,version_lt_2.0,https://www.arcgis.com/home/item.html?id=16a77940c270474d931e8e9823e12fa6,1393373479000,1393391480000,LOW,0,,0,,0,0
8c79cb2b8eb647ebb06dc6e2dbb538b4,qweqwe,StoryMaps,public,1.9,data.version,LEGACY,version_lt_2.0,https://www.arcgis.com/home/item.html?id=8c79cb2b8eb647ebb06dc6e2dbb538b4,1454634425000,1454634473000,LOW,0,,0,,0,0
4e629d36b0a64b58aba57cd8732259ea,"Rappahannock County Birding Weekend, May 4-5 2013",StoryMaps,public,1.8,data.version,LEGACY,version_lt_2.0,https://www.arcgis.com/home/item.html?id=4e629d36b0a64b58aba57cd8732259ea,1367787523000,1367964226000,HIGH,1,188854a84cfe49c78a98c5afbe27ad44,1,188854a84cfe49c78a98c5afbe27ad44,1,1
a4ced79a172743a9926422cc050cb5c1,RE Test 1,StoryMaps,public,1.9,data.version,LEGACY,version_lt_2.0,https://www.arcgis.com/home/item.html?id=a4ced79a172743a9926422cc050cb5c1,1425321037000,1425321037000,LOW,0,,0,,0,0
ceab7d55b04345d18331653cde7d39b7,Reader's City Suggestions,StoryMaps,public,1.9,data.version,LEGACY,version_lt_2.0,https://www.arcgis.com/home/item.html?id=ceab7d55b04345d18331653cde7d39b7,1375796383000,1375810798000,LOW,0,,0,,0,0
c6b3610811384da3a6f8a6d57f21f8cc,Real-Time Dashboard mockup,acarroll73,private,1.5,data.version,LEGACY,version_lt_2.0,https://www.arcgis.com/home/item.html?id=c6b3610811384da3a6f8a6d57f21f8cc,1324059674000,1346084261000,LOW,0,,0,,0,0
75e917f778cc4e798007c7bc6add33b6,Recovery Act News,acarroll73,public,1.5,data.version,LEGACY,version_lt_2.0,https://www.arcgis.com/home/item.html?id=75e917f778cc4e798007c7bc6add33b6,1323286613000,1346084247000,LOW,0,,0,,0,0
444379017074461784d88f4f86fb3e5a,Recovery Project News Stories,acarroll73,public,1.5,data.version,LEGACY,version_lt_2.0,https://www.arcgis.com/home/item.html?id=444379017074461784d88f4f86fb3e5a,1326119508000,1346084235000,LOW,0,,0,,0,0
c76ed088d50745bf8327c93132165687,Red List point map,StoryMaps,private,1.6,data.version,LEGACY,version_lt_2.0,https://www.arcgis.com/home/item.html?id=c76ed088d50745bf8327c93132165687,1342105401000,1342207322000,LOW,0,,0,,0,0
892ef364a00543f08f961b70eb210535,Red List species map,StoryMaps,private,1.6,data.version,LEGACY,version_lt_2.0,https://www.arcgis.com/home/item.html?id=892ef364a00543f08f961b70eb210535,1342045307000,1342105270000,LOW,0,,0,,0,0
e96fa88c9fc64512a4a45663c694c791,"Refugee camps in Dolo Ado, Ethiopia",acarroll73,public,1.3,data.version,LEGACY,version_lt_2.0,https://www.arcgis.com/home/item.html?id=e96fa88c9fc64512a4a45663c694c791,1315936515000,1346084267000,LOW,0,,0,,0,0
5fa9df176473421f9463a26b73c99063,Refugees: Country of Asylum,StoryMaps,public,1.8,data.version,LEGACY,version_lt_2.0,https://www.arcgis.com/home/item.html?id=5fa9df176473421f9463a26b73c99063,1370030116000,1370045290000,LOW,0,,0,,0,0
a5f45f0b56fa48f8b31b417434aef029,Refugees: Country of Origin,StoryMaps,public,1.8,data.version,LEGACY,version_lt_2.0,https://www.arcgis.com/home/item.html?id=a5f45f0b56fa48f8b31b417434aef029,1370030142000,1370045138000,LOW,0,,0,,0,0
c01d9139824648669659aa927f2e0943,Regional Climate Resilience,StoryMaps,private,1.9.1,data.version,LEGACY,version_lt_2.0,https://www.arcgis.com/home/item.html?id=c01d9139824648669659aa927f2e0943,1403296789000,1403318068000,LOW,0,,0,,0,0
f982f6124595416c949f40e7c9707da2,Renewable Electricity Generation,StoryMaps,public,1.8,data.version,LEGACY,version_lt_2.0,https://www.arcgis.com/home/item.html?id=f982f6124595416c949f40e7c9707da2,1367943541000,1367943541000,LOW,0,,0,,0,0
25bc81de94f14b58878a0b67d8ddd5eb,Renewable electricity in depth,StoryMaps,public,1.8,data.version,LEGACY,version_lt_2.0,https://www.arcgis.com/home/item.html?id=25bc81de94f14b58878a0b67d8ddd5eb,1368827350000,1516905675000,HIGH,2,50988674082248a5b181ffeadd7e8d52;6ec52b1db16144eb81d8aba6d714e10b,0,,2,0
b612163ac1384afead6544c3feadf9ce,Renewable electricity in depth - non-hydro,StoryMaps,private,1.8,data.version,LEGACY,version_lt_2.0,https://www.arcgis.com/home/item.html?id=b612163ac1384afead6544c3feadf9ce,1369415842000,1369430378000,LOW,0,,0,,0,0
ecd0f881bfe6467a80252fcf26292f94,Renewable electricity production,StoryMaps,public,1.8,data.version,LEGACY,version_lt_2.0,https://www.arcgis.com/home/item.html?id=ecd0f881bfe6467a80252fcf26292f94,1368826840000,1516905650000,HIGH,2,50988674082248a5b181ffeadd7e8d52;f8a4839be93248e987606c7ed74fcecb,0,,1,0
2ae310e4ed24490abd1272e2e6ecdb60,Rescue Centers strive to interrupt the illegal transport of Slow Lorises,StoryMaps,public,1.7,data.version,LEGACY,version_lt_2.0,https://www.arcgis.com/home/item.html?id=2ae310e4ed24490abd1272e2e6ecdb60,1360705220000,1362021420000,LOW,0,,0,,0,0
a63e4640f3c4499faee32811c85e82b5,Rhino poaching incidents in South Africa,StoryMaps_services,public,1.9,data.version,LEGACY,version_lt_2.0,https://www.arcgis.com/home/item.html?id=a63e4640f3c4499faee32811c85e82b5,1386279580000,1386308996000,LOW,0,,0,,0,0
bcb49fbef50547bc88c5cc4009a5d473,Rhino poaching incidents in South Africa-2010,StoryMaps_services,private,1.9,data.version,LEGACY,version_lt_2.0,https://www.arcgis.com/home/item.html?id=bcb49fbef50547bc88c5cc4009a5d473,1386299678000,1386317679000,LOW,0,,0,,0,0
34aeb3a82e144839b24d721f25559bff,Rhino population,StoryMaps_services,public,1.9,data.version,LEGACY,version_lt_2.0,https://www.arcgis.com/home/item.html?id=34aeb3a82e144839b24d721f25559bff,1386261451000,1386319942000,MEDIUM,1,c90718fb793640aa8af294cf473dc2de,0,,0,0
6090e728ba1a4807a17cd5b7ae5643b7,Rhino population-AGOL services,StoryMaps_services,public,1.9,data.version,LEGACY,version_lt_2.0,https://www.arcgis.com/home/item.html?id=6090e728ba1a4807a17cd5b7ae5643b7,1386272676000,1386290677000,LOW,0,,0,,0,0
23c60afb8586424593a16be4dbb24943,Richest And Poorest,StoryMaps,shared,1.5,data.version,LEGACY,version_lt_2.0,https://www.arcgis.com/home/item.html?id=23c60afb8586424593a16be4dbb24943,1327688826000,1478279142000,LOW,0,,0,,0,0
ef9335ed22ad491b86a05299bc6b93e1,Riverside_SR,sabinebarrera,public,1.9.1,data.version,LEGACY,version_lt_2.0,https://www.arcgis.com/home/item.html?id=ef9335ed22ad491b86a05299bc6b93e1,1402453138000,1402467542000,LOW,0,,0,,0,0
3c4c1022e2f44673b30897edfbbc54ac,Riverside_SR-TempCopy,sabinebarrera,private,1.9.1,data.version,LEGACY,version_lt_2.0,https://www.arcgis.com/home/item.html?id=3c4c1022e2f44673b30897edfbbc54ac,1403170272000,1403170272000,LOW,0,,0,,0,0
7c65f5ef5baf46a6b1d52470df63f0e0,Riverside_SR-TempCopyBrokenBasemapUrl,sabinebarrera,private,1.9.1,data.version,LEGACY,version_lt_2.0,https://www.arcgis.com/home/item.html?id=7c65f5ef5baf46a6b1d52470df63f0e0,1403175368000,1403189891000,LOW,0,,0,,0,0
a7228aff1da448de8b03da9dcacf7d8f,Roadtrips- USA,StoryMaps,private,1.9.1,data.version,LEGACY,version_lt_2.0,https://www.arcgis.com/home/item.html?id=a7228aff1da448de8b03da9dcacf7d8f,1403029239000,1403043649000,LOW,0,,0,,0,0
ab7aa271fd6c4727993d71478c8ccdcb,Roosevelt Island Bird Walk,StoryMaps,public,1.8,data.version,LEGACY,version_lt_2.0,https://www.arcgis.com/home/item.html?id=ab7aa271fd6c4727993d71478c8ccdcb,1366544069000,1366558469000,MEDIUM,1,f74f0be44eab45178ad2cd7f5d968ace,1,f74f0be44eab45178ad2cd7f5d968ace,0,0
7237c1d8318b4d36a4c7184c2b8fae2e,"Roosevelt Island May 7, 2014",StoryMaps,public,1.9,data.version,LEGACY,version_lt_2.0,https://www.arcgis.com/home/item.html?id=7237c1d8318b4d36a4c7184c2b8fae2e,1399492248000,1399510094000,HIGH,1,01bd00fc7cc045c28227d29677d2b3dd,1,01bd00fc7cc045c28227d29677d2b3dd,1,1
4f7b79cdac444411895c95dea7fa5293,"Roosevelt Island, Early Spring",StoryMaps,public,1.8,data.version,LEGACY,version_lt_2.0,https://www.arcgis.com/home/item.html?id=4f7b79cdac444411895c95dea7fa5293,1364584360000,1364604076000,HIGH,1,88fa9cebdb134a03abdecd580500eaf5,1,88fa9cebdb134a03abdecd580500eaf5,1,1
05721222e4b14e1787663f4f1f835c4b,Roots & Shoots Projects,acarroll73,shared,1.4,data.version,LEGACY,version_lt_2.0,https://www.arcgis.com/home/item.html?id=05721222e4b14e1787663f4f1f835c4b,1322514622000,1346084223000,LOW,0,,0,,0,0
85c5604123434d8bb62985e53d83986f,Roots & Shoots Projects-NG Basemap,acarroll73,shared,1.4,data.version,LEGACY,version_lt_2.0,https://www.arcgis.com/home/item.html?id=85c5604123434d8bb62985e53d83986f,1322705188000,1346084250000,LOW,0,,0,,0,0
fa2b4fbc0029499fbd880337d59abac4,Roots & Shoots Projects-World Topo Basemap,acarroll73,shared,1.4,data.version,LEGACY,version_lt_2.0,https://www.arcgis.com/home/item.html?id=fa2b4fbc0029499fbd880337d59abac4,1322704922000,1346084269000,LOW,0,,0,,0,0
d85c4a1b6bcc4819811c4cea56a98199,RUPERT MJ SNAP2MAP Test 3,StoryMaps,public,1.9.1,data.version,LEGACY,version_lt_2.0,https://www.arcgis.com/home/item.html?id=d85c4a1b6bcc4819811c4cea56a98199,1404949505000,1404963905000,HIGH,1,8d9acc0aae184f2eb048dd3665b515a7,1,8d9acc0aae184f2eb048dd3665b515a7,1,1
e5d4a7470b1d41c096913cfe543939d8,Rupert Snap2Map test 4 Not working well Android,StoryMaps,public,1.9.1,data.version,LEGACY,version_lt_2.0,https://www.arcgis.com/home/item.html?id=e5d4a7470b1d41c096913cfe543939d8,1404950076000,1404964478000,LOW,0,,0,,0,0
b47ed7163e404617bf02dd21296c2b67,Russian Terrorism,storymapslegacy,private,1.9.1,data.version,LEGACY,version_lt_2.0,https://www.arcgis.com/home/item.html?id=b47ed7163e404617bf02dd21296c2b67,1389203641000,1726864900000,LOW,0,,0,,0,0
f079460d4a1646b583d5dc226da292e5,Russians in Crimea-Copy,StoryMaps,private,1.9.1,data.version,LEGACY,version_lt_2.0,https://www.arcgis.com/home/item.html?id=f079460d4a1646b583d5dc226da292e5,1393700972000,1393719245000,LOW,0,,0,,0,0
d5ab6ac029ed414bb8fd86249ac161cd,Sabine Test,sabinebarrera,org,1.7,data.version,LEGACY,version_lt_2.0,https://www.arcgis.com/home/item.html?id=d5ab6ac029ed414bb8fd86249ac161cd,1360108435000,1360126441000,LOW,0,,0,,0,0
679bd95e2a26491b99433f6ae10981f5,Same-Sex Marriage Acceptance Index,StoryMaps,org,1.6,data.version,LEGACY,version_lt_2.0,https://www.arcgis.com/home/item.html?id=679bd95e2a26491b99433f6ae10981f5,1345472451000,1348098460000,LOW,0,,0,,0,0
caca75ada5f14f1dad84a560db831a50,Sample Countdown Map,StoryMaps,public,1.9.1,data.version,LEGACY,version_lt_2.0,https://www.arcgis.com/home/item.html?id=caca75ada5f14f1dad84a560db831a50,1385581506000,1391222572000,LOW,0,,0,,0,0
a852b440867545f0944039544bcf4462,"San Diego - La Jolla Bikeride, July 2013",StoryMaps,public,1.9,data.version,LEGACY,version_lt_2.0,https://www.arcgis.com/home/item.html?id=a852b440867545f0944039544bcf4462,1373202294000,1392235128000,HIGH,1,8c59cce7380a45f4b3da0b1c86966884,1,8c59cce7380a45f4b3da0b1c86966884,1,1
9b121165b47447c4a8a534807bf8c812,Sandy Damage Estimates,StoryMaps,public,1.8,data.version,LEGACY,version_lt_2.0,https://www.arcgis.com/home/item.html?id=9b121165b47447c4a8a534807bf8c812,1364912364000,1364926775000,LOW,0,,0,,0,0
a26ff868c6034672b7d1b8e9e1611cc1,Sandy Storm Surge,StoryMaps,public,1.8,data.version,LEGACY,version_lt_2.0,https://www.arcgis.com/home/item.html?id=a26ff868c6034672b7d1b8e9e1611cc1,1364912098000,1364928274000,LOW,0,,0,,0,0
e2d5d3a686724fed9e9701869907b043,SanGorgonio-9Peaks-130831,glazou2,public,1.9,data.version,LEGACY,version_lt_2.0,https://www.arcgis.com/home/item.html?id=e2d5d3a686724fed9e9701869907b043,1378153241000,1378168853000,HIGH,1,5a74ebd648b94ee4a7c1d4ecab561cc7,1,5a74ebd648b94ee4a7c1d4ecab561cc7,1,1
bc74453da00545f3a3b2b4b51b0e35dc,"Santa Cruz, Bolivia, 1990 and Today",StoryMaps,public,1.9,data.version,LEGACY,version_lt_2.0,https://www.arcgis.com/home/item.html?id=bc74453da00545f3a3b2b4b51b0e35dc,1383835343000,1383853344000,MEDIUM,1,6a845a5667d940d8b134461b2fd25a40,0,,0,0
e3b0ca312a18403781f503e36821f986,Santa map,StoryMaps,public,1.6,data.version,LEGACY,version_lt_2.0,https://www.arcgis.com/home/item.html?id=e3b0ca312a18403781f503e36821f986,1354225808000,1354226370000,HIGH,1,0def59006ce5465fb7dafeafa64c6702,0,,1,0
ff81fa897f234095b82bd1f44759e1a8,SCALEVIS,glazou2,public,1.9.1,data.version,LEGACY,version_lt_2.0,https://www.arcgis.com/home/item.html?id=ff81fa897f234095b82bd1f44759e1a8,1403998324000,1404012873000,LOW,0,,0,,0,0
fd84b2c8a0a64ed6b89410f4618edd09,Sears and Kmart Closings vs. Retail Spending Patterns,acarroll73,public,1.5,data.version,LEGACY,version_lt_2.0,https://www.arcgis.com/home/item.html?id=fd84b2c8a0a64ed6b89410f4618edd09,1325708084000,1346084270000,LOW,0,,0,,0,0
99923a55ab1943fab860e6f7b424694d,Secure_MapService,sabinebarrera,shared,1.9.1,data.version,LEGACY,version_lt_2.0,https://www.arcgis.com/home/item.html?id=99923a55ab1943fab860e6f7b424694d,1403221017000,1403254326000,LOW,0,,0,,0,0
12dcb330be854f0ca3533b3a57b2456f,Selfies in Paris,StoryMaps,public,1.9.1,data.version,LEGACY,version_lt_2.0,https://www.arcgis.com/home/item.html?id=12dcb330be854f0ca3533b3a57b2456f,1432308561000,1436992998000,HIGH,1,2e29169ec2a8458abc910756804feedd,1,2e29169ec2a8458abc910756804feedd,1,1
258dce0b9bd046b39d460bfc9f14e95a,"Seven Bridges in Parke County, Indiana",StoryMaps,private,1.9,data.version,LEGACY,version_lt_2.0,https://www.arcgis.com/home/item.html?id=258dce0b9bd046b39d460bfc9f14e95a,1446515246000,1447450721000,MEDIUM,1,05b343566cdf42df824b3f11d2ae2d46,1,05b343566cdf42df824b3f11d2ae2d46,0,0
678756535fac48699c366eee928497a3,"Shale basins, fracking, oil and gas wells",StoryMaps,public,1.9,data.version,LEGACY,version_lt_2.0,https://www.arcgis.com/home/item.html?id=678756535fac48699c366eee928497a3,1374698803000,1374786236000,LOW,0,,0,,0,0
04d96683d5694bd893ffcb199947c42a,"Shale basins, fracking, oil and gas wells-Copy",dasbury_storymaps,private,1.9,data.version,LEGACY,version_lt_2.0,https://www.arcgis.com/home/item.html?id=04d96683d5694bd893ffcb199947c42a,1377022001000,1377130323000,LOW,0,,0,,0,0
9571fdb0ff854073a5011acf967d9674,"Share of ""green"" and ""blue"" urban areas",StoryMaps,public,1.7,data.version,LEGACY,version_lt_2.0,https://www.arcgis.com/home/item.html?id=9571fdb0ff854073a5011acf967d9674,1346977739000,1726765513000,LOW,0,,0,,0,0
aaeeb088f21e42d6abf6204fac61aeb8,Shared Countdown Satellite Map,StoryMaps,public,1.9,data.version,LEGACY,version_lt_2.0,https://www.arcgis.com/home/item.html?id=aaeeb088f21e42d6abf6204fac61aeb8,1379605128000,1509133563000,LOW,0,,0,,0,0
b25ef78924eb4271983ca355e922601e,Shortlist test map - Shortlist builder,skitterman,private,1.9,data.version,LEGACY,version_lt_2.0,https://www.arcgis.com/home/item.html?id=b25ef78924eb4271983ca355e922601e,1478044602000,1478044602000,LOW,0,,0,,0,0
f7aadfa60e93430b83c0786fb0fc7716,Shortlist test map - Shortlist builder,skitterman,private,1.9,data.version,LEGACY,version_lt_2.0,https://www.arcgis.com/home/item.html?id=f7aadfa60e93430b83c0786fb0fc7716,1478044847000,1478045060000,LOW,0,,0,,0,0
2db887635bf64647a4b215aa3a75f674,Shortlist test map - Shortlist builder,skitterman,private,1.9,data.version,LEGACY,version_lt_2.0,https://www.arcgis.com/home/item.html?id=2db887635bf64647a4b215aa3a75f674,1478105480000,1478105480000,LOW,0,,0,,0,0
d6c2458e1e9f43c8a92389e6e217716d,Shortlist test map - Shortlist builder,skitterman,private,1.9,data.version,LEGACY,version_lt_2.0,https://www.arcgis.com/home/item.html?id=d6c2458e1e9f43c8a92389e6e217716d,1478129103000,1478129103000,LOW,0,,0,,0,0
545cb9693b57468281a6170131fab8a1,Shortlist test map - Shortlist builder,skitterman,private,1.9,data.version,LEGACY,version_lt_2.0,https://www.arcgis.com/home/item.html?id=545cb9693b57468281a6170131fab8a1,1478128341000,1478128341000,LOW,0,,0,,0,0
b5eae40443dd4d89a1222acb939c044f,Sjajajaja,skitterman,public,1.9.1,data.version,LEGACY,version_lt_2.0,https://www.arcgis.com/home/item.html?id=b5eae40443dd4d89a1222acb939c044f,1436849327000,1436849331000,HIGH,1,9eb5f715119c4d989b105f95de506b39,0,,1,0
e56581f9dbbf4dc8b9759bd72b1217d3,Slow Lorises are viewable at many U.S. zoos,StoryMaps,public,1.7,data.version,LEGACY,version_lt_2.0,https://www.arcgis.com/home/item.html?id=e56581f9dbbf4dc8b9759bd72b1217d3,1360783797000,1362021646000,LOW,0,,0,,0,0
d4bb21a72d0b45b3a363829a8e40e738,Slow Lorises are viewable at many U.S. zoos,StoryMaps,private,1.7,data.version,LEGACY,version_lt_2.0,https://www.arcgis.com/home/item.html?id=d4bb21a72d0b45b3a363829a8e40e738,1361904404000,1361904404000,LOW,0,,0,,0,0
299828004e9648c7abb2225fccd35fe5,Smith Family Heritage,dasbury_storymaps,private,1.9.1,data.version,LEGACY,version_lt_2.0,https://www.arcgis.com/home/item.html?id=299828004e9648c7abb2225fccd35fe5,1403970432000,1403985027000,LOW,0,,0,,0,0
776832cc44b3498d92d8af2eb0c27e5f,Smithsonian Folkways Holiday Music Map,StoryMaps,public,1.9.1,data.version,LEGACY,version_lt_2.0,https://www.arcgis.com/home/item.html?id=776832cc44b3498d92d8af2eb0c27e5f,1385488862000,1387327554000,LOW,0,,0,,0,0
406810b6bd484d4eb50d11df75a68c2e,Smithsonian Journeys,StoryMaps,private,1.9,data.version,LEGACY,version_lt_2.0,https://www.arcgis.com/home/item.html?id=406810b6bd484d4eb50d11df75a68c2e,1372776051000,1372896860000,LOW,0,,0,,0,0
8c559188031443adb9c61bb511da5b2c,Smithsonian Journeys: The Trans-Siberian Express,StoryMaps,org,1.9.1,data.version,LEGACY,version_lt_2.0,https://www.arcgis.com/home/item.html?id=8c559188031443adb9c61bb511da5b2c,1391006724000,1391026402000,MEDIUM,1,b45330553e8f46bda92848beea42326d,1,b45330553e8f46bda92848beea42326d,0,0
be7f34cb2f6f47799d5fec3f061ac6b9,Smithsonian's 20 Best Small Towns to Visit in 2013 (and 2012)-Embed,StoryMaps,public,1.8,data.version,LEGACY,version_lt_2.0,https://www.arcgis.com/home/item.html?id=be7f34cb2f6f47799d5fec3f061ac6b9,1364839452000,1364853959000,LOW,0,,0,,0,0
84d9d662c71e40aa9960e98a906052e5,Snap test,skitterman,public,1.9.1,data.version,LEGACY,version_lt_2.0,https://www.arcgis.com/home/item.html?id=84d9d662c71e40aa9960e98a906052e5,1436848614000,1436848620000,LOW,0,,0,,0,0
a9ff94c1aa6b4f2c843084929c431390,Snappy to Maloy,skitterman,public,1.9.1,data.version,LEGACY,version_lt_2.0,https://www.arcgis.com/home/item.html?id=a9ff94c1aa6b4f2c843084929c431390,1436848966000,1436848969000,LOW,0,,0,,0,0
f8fef190c63f405b82ed5737106c843a,Sochi Demographics,FedGISContent,org,1.9.1,data.version,LEGACY,version_lt_2.0,https://www.arcgis.com/home/item.html?id=f8fef190c63f405b82ed5737106c843a,1391807704000,1391807704000,LOW,0,,0,,0,0
7404ba166a4d47fb87fc3e6c7ac79130,Sochi Imagery Map (Content),FedGISContent,org,1.9.1,data.version,LEGACY,version_lt_2.0,https://www.arcgis.com/home/item.html?id=7404ba166a4d47fb87fc3e6c7ac79130,1392084031000,1392102691000,LOW,0,,0,,0,0
ef4d31947f8748dfba10d6181a5103b7,Sochi Sanki Sliding Center,FedGISContent,org,1.9.1,data.version,LEGACY,version_lt_2.0,https://www.arcgis.com/home/item.html?id=ef4d31947f8748dfba10d6181a5103b7,1391872721000,1391890721000,MEDIUM,1,6ea697e1023643f6a26af37251f2ce9e,0,,0,0
90098087f38048ed95362059382fc436,Sochi Winter Games: Events and Venues,StoryMaps,public,1.9.1,data.version,LEGACY,version_lt_2.0,https://www.arcgis.com/home/item.html?id=90098087f38048ed95362059382fc436,1391353309000,1391353309000,HIGH,1,807b546ae0814be48bc782b5b088ea35,0,,1,0
13da391fc4a8486885c6dcafed59939f,Social sentiment,StoryMaps,public,1.6,data.version,LEGACY,version_lt_2.0,https://www.arcgis.com/home/item.html?id=13da391fc4a8486885c6dcafed59939f,1342040210000,1348073802000,LOW,0,,0,,0,0
699d2245b743447eb29ade2736902c2c,Solutions Journalism Network's Series on Global Health,StoryMaps,public,1.9,data.version,LEGACY,version_lt_2.0,https://www.arcgis.com/home/item.html?id=699d2245b743447eb29ade2736902c2c,1385499013000,1385520498000,LOW,0,,0,,0,0
d5cfb32dda84420f8387041028279f93,South America Population,sabinebarrera,private,1.9,data.version,LEGACY,version_lt_2.0,https://www.arcgis.com/home/item.html?id=d5cfb32dda84420f8387041028279f93,1378779427000,1378794507000,LOW,0,,0,,0,0
618053b1c8194059b4e655bf73999f0b,South West Regional Climate Resilience,StoryMaps,private,1.9.1,data.version,LEGACY,version_lt_2.0,https://www.arcgis.com/home/item.html?id=618053b1c8194059b4e655bf73999f0b,1403303996000,1403541138000,LOW,0,,0,,0,0
8277454dbc514955abc7e9da8fbfebb8,Southern Cali Trails,sabinebarrera,private,1.9,data.version,LEGACY,version_lt_2.0,https://www.arcgis.com/home/item.html?id=8277454dbc514955abc7e9da8fbfebb8,1379362323000,1379386028000,LOW,0,,0,,0,0
5dd8110b590c46f29a6e6527a51f66e7,SpecialPlaces Prototype (mockup),acarroll73,private,1.2,data.version,LEGACY,version_lt_2.0,https://www.arcgis.com/home/item.html?id=5dd8110b590c46f29a6e6527a51f66e7,1304604015000,1346084242000,LOW,0,,0,,0,0
b562d2acaf1648b5868c4358e941d994,St. Croix Demo,StoryMaps,public,1.9,data.version,LEGACY,version_lt_2.0,https://www.arcgis.com/home/item.html?id=b562d2acaf1648b5868c4358e941d994,1409861672000,1409861672000,LOW,0,,0,,0,0
f7a3060696904d9c8b27231ece0668f6,St. Croix Demo Map,ssylvia_storymaps,org,1.9,data.version,LEGACY,version_lt_2.0,https://www.arcgis.com/home/item.html?id=f7a3060696904d9c8b27231ece0668f6,1372873515000,1379704233000,MEDIUM,1,d15e79aa03624a6f966a328df1c50b72,1,d15e79aa03624a6f966a328df1c50b72,0,0
c78146e76106421bbef83537184e6aea,Stamen Watercolor,StoryMaps,org,1.9,data.version,LEGACY,version_lt_2.0,https://www.arcgis.com/home/item.html?id=c78146e76106421bbef83537184e6aea,1378395603000,1453743996000,LOW,0,,0,,0,0
a28da6fcb07f45d3920ad16e42d48c3f,Starbucks Bean to Cup,StoryMaps,public,1.9.1,data.version,LEGACY,version_lt_2.0,https://www.arcgis.com/home/item.html?id=a28da6fcb07f45d3920ad16e42d48c3f,1402505894000,1402682533000,LOW,0,,0,,0,0
00abdb4e583d4cd5b1196d1905e4c4ce,Steep Declines in U.S. House Prices,acarroll73,public,1.4,data.version,LEGACY,version_lt_2.0,https://www.arcgis.com/home/item.html?id=00abdb4e583d4cd5b1196d1905e4c4ce,1319831971000,1346084222000,LOW,0,,0,,0,0
8048e290f7e042cca505cb0f071eb009,STEM schools,StoryMaps,public,1.8,data.version,LEGACY,version_lt_2.0,https://www.arcgis.com/home/item.html?id=8048e290f7e042cca505cb0f071eb009,1363038258000,1772075892000,LOW,0,,0,,0,0
891edc51821b41bf8324ec83abc615f7,Stephen Brown's Aconcagua Climb,acarroll73,public,1.5,data.version,LEGACY,version_lt_2.0,https://www.arcgis.com/home/item.html?id=891edc51821b41bf8324ec83abc615f7,1324327390000,1346084250000,LOW,0,,0,,0,0
0abf6385906348fd8c66cf84b51aabab,"Sundarbans, Bangladesh",RossDonihue,private,,missing,UNKNOWN,missing_or_unparseable_version,https://www.arcgis.com/home/item.html?id=0abf6385906348fd8c66cf84b51aabab,1547757471000,1547843028000,LOW,0,,0,,0,0
88710945d8f74d49bde12d9e9c92321a,Superstorm Sandy Before and After,StoryMaps,public,1.8,data.version,LEGACY,version_lt_2.0,https://www.arcgis.com/home/item.html?id=88710945d8f74d49bde12d9e9c92321a,1364389993000,1364504027000,LOW,0,,0,,0,0
da357146d7a34134861d5689ba616501,Swainson's hawk test map,StoryMaps,private,1.9,data.version,LEGACY,version_lt_2.0,https://www.arcgis.com/home/item.html?id=da357146d7a34134861d5689ba616501,1385062599000,1385062599000,LOW,0,,0,,0,0
644047cad4e24ff19ca459979c309718,Syria Geography and Social Media,StoryMaps,public,1.7,data.version,LEGACY,version_lt_2.0,https://www.arcgis.com/home/item.html?id=644047cad4e24ff19ca459979c309718,1355770386000,1358378802000,MEDIUM,2,17914bef3c8a4566942b786b0ed87eba;37e4c782c32646cc926c5adf1ffd81eb,0,,0,0
0eca0b2517ab4429b42d9d7eb91d548f,Tactical Location,sabinebarrera,public,1.7000000476837158,data.version,LEGACY,version_lt_2.0,https://www.arcgis.com/home/item.html?id=0eca0b2517ab4429b42d9d7eb91d548f,1359151568000,1378868832000,LOW,0,,0,,0,0
0304014f34334800b2194dfd002fc4e7,Talking Map of Endangered Languages,acarroll73,public,1.6,data.version,LEGACY,version_lt_2.0,https://www.arcgis.com/home/item.html?id=0304014f34334800b2194dfd002fc4e7,1330532131000,1347988434000,LOW,0,,0,,0,0
8c07591874864bff9fe894b628ff234e,Ten Best Geological Sites,StoryMaps,public,1.6,data.version,LEGACY,version_lt_2.0,https://www.arcgis.com/home/item.html?id=8c07591874864bff9fe894b628ff234e,1345663957000,1345665374000,LOW,0,,0,,0,0
c2c394e5632f4e29a5f07284d2ccd1bd,Ten Wealthiest and Ten Least Wealthy Zip Codes,acarroll73,public,1.5,data.version,LEGACY,version_lt_2.0,https://www.arcgis.com/home/item.html?id=c2c394e5632f4e29a5f07284d2ccd1bd,1327506255000,1346084261000,LOW,0,,0,,0,0
0ad4e1df11be40d981e55b68cc493911,Terrain Map,FedGISContent,public,1.9.1,data.version,LEGACY,version_lt_2.0,https://www.arcgis.com/home/item.html?id=0ad4e1df11be40d981e55b68cc493911,1391971471000,1391989471000,LOW,0,,0,,0,0
e28a47d405d94b408320bf7abf1c8ea1,Tert 44,glazou2,public,1.9.1,data.version,LEGACY,version_lt_2.0,https://www.arcgis.com/home/item.html?id=e28a47d405d94b408320bf7abf1c8ea1,1431459604000,1431459619000,HIGH,1,8ccd0ed43503466e84fb956dc0eeae29,1,8ccd0ed43503466e84fb956dc0eeae29,1,1
ef571972030949438f9c30eadc71e5e5,Test,glazou2,shared,1.9.1,data.version,LEGACY,version_lt_2.0,https://www.arcgis.com/home/item.html?id=ef571972030949438f9c30eadc71e5e5,1406569436000,1406569561000,LOW,0,,0,,0,0
8c5f0d646bae4f8fbe68387d79c1efa9,Test,glazou2,public,1.9.1,data.version,LEGACY,version_lt_2.0,https://www.arcgis.com/home/item.html?id=8c5f0d646bae4f8fbe68387d79c1efa9,1427302965000,1427302968000,HIGH,1,20a030c40a884ae3b0aa43ff574b1d58,1,20a030c40a884ae3b0aa43ff574b1d58,1,1
e93b4841d8494d9886a073cc4702aa6b,Test,StoryMaps,public,1.8,data.version,LEGACY,version_lt_2.0,https://www.arcgis.com/home/item.html?id=e93b4841d8494d9886a073cc4702aa6b,1366138394000,1366153244000,LOW,0,,0,,0,0
83fe1a8ee50f4ec8a221cb5ec029f555,test,StoryMaps,public,1.9,data.version,LEGACY,version_lt_2.0,https://www.arcgis.com/home/item.html?id=83fe1a8ee50f4ec8a221cb5ec029f555,1383576641000,1383594874000,LOW,0,,0,,0,0
6ca6b1857c864e17b59659933953fafc,test,glazou2,public,1.9.1,data.version,LEGACY,version_lt_2.0,https://www.arcgis.com/home/item.html?id=6ca6b1857c864e17b59659933953fafc,1404424315000,1404438719000,LOW,0,,0,,0,0
f2ae473fc6b4424f883795e066ab88ad,Test,glazou2,public,1.9.1,data.version,LEGACY,version_lt_2.0,https://www.arcgis.com/home/item.html?id=f2ae473fc6b4424f883795e066ab88ad,1427301620000,1427301623000,HIGH,1,db14be1ed93a4383a30673e8ca04cd28,1,db14be1ed93a4383a30673e8ca04cd28,1,1
18802dab9f4c4065b6093365b8918c30,Test,glazou2,public,1.9.1,data.version,LEGACY,version_lt_2.0,https://www.arcgis.com/home/item.html?id=18802dab9f4c4065b6093365b8918c30,1430325409000,1430325413000,HIGH,1,605d7844534f4003b90c41a7b9585a6f,1,605d7844534f4003b90c41a7b9585a6f,1,1
cb8e430cc67e4c4ea4a84977646cf896,Test,glazou2,shared,1.9.1,data.version,LEGACY,version_lt_2.0,https://www.arcgis.com/home/item.html?id=cb8e430cc67e4c4ea4a84977646cf896,1406569457000,1406569457000,LOW,0,,0,,0,0
ccb17383006b4f7fa897549b0ac3f6d7,Test - Project Web Map,glazou2,shared,1.9.1,data.version,LEGACY,version_lt_2.0,https://www.arcgis.com/home/item.html?id=ccb17383006b4f7fa897549b0ac3f6d7,1406569431000,1406569555000,LOW,0,,0,,0,0
bd892906bef94977a3d8b467bf4b9794,test 1,glazou2,public,1.9.1,data.version,LEGACY,version_lt_2.0,https://www.arcgis.com/home/item.html?id=bd892906bef94977a3d8b467bf4b9794,1403886499000,1404939545000,HIGH,1,c1d971c61df84d4da52899ac65ae4823,1,c1d971c61df84d4da52899ac65ae4823,1,1
16e1c70d51e7485aa0bd9730c229d5d3,"TEST Churches in Greenville, SC-Copy",dasbury_storymaps,public,1.9.1,data.version,LEGACY,version_lt_2.0,https://www.arcgis.com/home/item.html?id=16e1c70d51e7485aa0bd9730c229d5d3,1393969114000,1393988969000,MEDIUM,2,7c338aa11a654280aa853d887cfb7dfd;c1c14b9f88e2415388a8d10d6af01cc2,0,,0,0
d44a77219a6d46528cf12f591c1542b0,test greg,StoryMaps,private,1.8,data.version,LEGACY,version_lt_2.0,https://www.arcgis.com/home/item.html?id=d44a77219a6d46528cf12f591c1542b0,1367855334000,1367869850000,LOW,0,,0,,0,0
0f459927e4d4486b8d0ad18a8e136aed,Test Map,dasbury_storymaps,private,,missing,UNKNOWN,missing_or_unparseable_version,https://www.arcgis.com/home/item.html?id=0f459927e4d4486b8d0ad18a8e136aed,1621312383000,1621312399000,LOW,0,,0,,0,0
b8622dd3845c44d293ee50f579e1a777,Test map for Collector app,StoryMaps,public,1.9.1,data.version,LEGACY,version_lt_2.0,https://www.arcgis.com/home/item.html?id=b8622dd3845c44d293ee50f579e1a777,1392211956000,1392229957000,LOW,0,,0,,0,0
d084ac5b6ac348b5a4e10338ec3cfee4,Test map of Utah fracking sites,dasbury_storymaps,public,1.9.1,data.version,LEGACY,version_lt_2.0,https://www.arcgis.com/home/item.html?id=d084ac5b6ac348b5a4e10338ec3cfee4,1397003642000,1397020835000,MEDIUM,1,bd5a84df62354f72b0d1603822ef05c5,0,,0,0
6c67eda4630c4a4387567c0567c62282,Test MapBuilder Web Map,StoryMaps,public,1.6,data.version,LEGACY,version_lt_2.0,https://www.arcgis.com/home/item.html?id=6c67eda4630c4a4387567c0567c62282,1342637188000,1342637190000,LOW,0,,0,,0,0
e8302782bf1847f6bb40ba21f4288fd3,Test webmap of FL zip codes shapefile,StoryMaps,public,1.6,data.version,LEGACY,version_lt_2.0,https://www.arcgis.com/home/item.html?id=e8302782bf1847f6bb40ba21f4288fd3,1348159188000,1348230477000,LOW,0,,0,,0,0
45ccd363fcce478ba3317685e0625b84,test wms,glazou2,public,1.9.1,data.version,LEGACY,version_lt_2.0,https://www.arcgis.com/home/item.html?id=45ccd363fcce478ba3317685e0625b84,1402346369000,1402361385000,LOW,0,,0,,0,0
89d8ccaeb25f4f6aad0b855ceb9c0dd0,TEST-EXTENT-ISSUE,glazou2,public,1.9,data.version,LEGACY,version_lt_2.0,https://www.arcgis.com/home/item.html?id=89d8ccaeb25f4f6aad0b855ceb9c0dd0,1385426495000,1385444496000,LOW,0,,0,,0,0
4f4cb668d998430d87147642e3bb67a4,TEST-ISSUE-ZOOM,glazou2,public,1.9.1,data.version,LEGACY,version_lt_2.0,https://www.arcgis.com/home/item.html?id=4f4cb668d998430d87147642e3bb67a4,1393886815000,1393904980000,LOW,0,,0,,0,0
aa5bea72fc8042e6ba806498a421898b,test-photosphere-071513,glazou2,public,1.9,data.version,LEGACY,version_lt_2.0,https://www.arcgis.com/home/item.html?id=aa5bea72fc8042e6ba806498a421898b,1373927881000,1373948232000,HIGH,1,5c3f99b97634460db5b9737650423b8b,1,5c3f99b97634460db5b9737650423b8b,1,1
3f8b915a97ee48de96a5b6d376b3cf54,Test4,glazou2,public,1.9.1,data.version,LEGACY,version_lt_2.0,https://www.arcgis.com/home/item.html?id=3f8b915a97ee48de96a5b6d376b3cf54,1427303412000,1427303416000,HIGH,1,68f9cbaa5567445fbbce1b45f8943816,1,68f9cbaa5567445fbbce1b45f8943816,1,1
9199e266167248f5a0bf598bf0ac5655,testdynams,glazou2,public,1.8,data.version,LEGACY,version_lt_2.0,https://www.arcgis.com/home/item.html?id=9199e266167248f5a0bf598bf0ac5655,1365089947000,1365104513000,LOW,0,,0,,0,0
a55d71e613f64b45bbcadf27dda737d9,TestGreg_dispatchers,glazou2,shared,1.9,data.version,LEGACY,version_lt_2.0,https://www.arcgis.com/home/item.html?id=a55d71e613f64b45bbcadf27dda737d9,1456859527000,1456859527000,LOW,0,,0,,0,0
06131a1e95aa4b03b0c91891df43f98c,TestGreg_workers,glazou2,shared,1.9,data.version,LEGACY,version_lt_2.0,https://www.arcgis.com/home/item.html?id=06131a1e95aa4b03b0c91891df43f98c,1456859527000,1456859527000,LOW,0,,0,,0,0
8113e87ab81a45c5b1249be8adc4fd43,testsharing1,StoryMaps,org,1.9,data.version,LEGACY,version_lt_2.0,https://www.arcgis.com/home/item.html?id=8113e87ab81a45c5b1249be8adc4fd43,1385167437000,1385185437000,LOW,0,,0,,0,0
1fa10591b8534232a70e07ac101b7618,Tfvv,glazou2,public,1.9.1,data.version,LEGACY,version_lt_2.0,https://www.arcgis.com/home/item.html?id=1fa10591b8534232a70e07ac101b7618,1405024570000,1405038970000,HIGH,1,faf023a2d568470c9e68850bde496656,1,faf023a2d568470c9e68850bde496656,1,1
61504110b4c643a488bbcfffa46f250a,Thanksgiving,StoryMaps,public,1.9,data.version,LEGACY,version_lt_2.0,https://www.arcgis.com/home/item.html?id=61504110b4c643a488bbcfffa46f250a,1353012251000,1385102289000,HIGH,1,2e30152b96504eb796aee265d4ff0d94,0,,1,0
1ae7aa88604247db9896ca610a33e57e,Thanksgiving - Albers composite,StoryMaps,private,1.6,data.version,LEGACY,version_lt_2.0,https://www.arcgis.com/home/item.html?id=1ae7aa88604247db9896ca610a33e57e,1354230141000,1354230659000,LOW,0,,0,,0,0
f72874f3ef154bddbbb7492786259eae,Thanksgiving Cranberries,StoryMaps,public,1.6,data.version,LEGACY,version_lt_2.0,https://www.arcgis.com/home/item.html?id=f72874f3ef154bddbbb7492786259eae,1351082127000,1353006909000,LOW,0,,0,,0,0
4ab7cabf02a2421f951b39941ae16ab4,Thanksgiving Grean Beans,StoryMaps,public,1.6,data.version,LEGACY,version_lt_2.0,https://www.arcgis.com/home/item.html?id=4ab7cabf02a2421f951b39941ae16ab4,1351181582000,1353013581000,LOW,0,,0,,0,0
f959446292c14d8cae1420191f2f18be,Thanksgiving Sweet Potatoes,StoryMaps,public,1.6,data.version,LEGACY,version_lt_2.0,https://www.arcgis.com/home/item.html?id=f959446292c14d8cae1420191f2f18be,1351082098000,1353013404000,LOW,0,,0,,0,0
e9219f8415f343ff9452a7c5e4886364,The Best and Worst Counties for Adult Obesity and Diabetes-Copy,StoryMaps,shared,1.5,data.version,LEGACY,version_lt_2.0,https://www.arcgis.com/home/item.html?id=e9219f8415f343ff9452a7c5e4886364,1336073762000,1478279143000,LOW,0,,0,,0,0
bad21f9519424457b88c501af453ca9a,The Cellular Explosion,StoryMaps,public,1.5,data.version,LEGACY,version_lt_2.0,https://www.arcgis.com/home/item.html?id=bad21f9519424457b88c501af453ca9a,1329496107000,1478279144000,LOW,0,,0,,0,0
eeec219c7c8148fcb8673f6033ac7bbf,The Center of the World,StoryMaps,public,1.9.1,data.version,LEGACY,version_lt_2.0,https://www.arcgis.com/home/item.html?id=eeec219c7c8148fcb8673f6033ac7bbf,1393014416000,1393035106000,LOW,0,,0,,0,0
be6253ba32ce4258b3c06a03ae4af65d,The Great Miami Hurricane - 1926,StoryMaps,public,1.6,data.version,LEGACY,version_lt_2.0,https://www.arcgis.com/home/item.html?id=be6253ba32ce4258b3c06a03ae4af65d,1346086001000,1349209648000,LOW,0,,0,,0,0
a54162344af148dcafd0ce48e958fd6b,The Great New England Hurricane - 1938,StoryMaps,public,1.6,data.version,LEGACY,version_lt_2.0,https://www.arcgis.com/home/item.html?id=a54162344af148dcafd0ce48e958fd6b,1345995524000,1349191979000,LOW,0,,0,,0,0
daad45eed06a4482a3003b73f9257f38,The linked burdens of obesity and diabetes - duplicate,StoryMaps,private,1.9,data.version,LEGACY,version_lt_2.0,https://www.arcgis.com/home/item.html?id=daad45eed06a4482a3003b73f9257f38,1374012758000,1444927971000,LOW,0,,0,,0,0
75039404fce44f8488ace0663e4b19f5,The linked burdens of obesity and diabetes-version 1,StoryMaps,private,1.5,data.version,LEGACY,version_lt_2.0,https://www.arcgis.com/home/item.html?id=75039404fce44f8488ace0663e4b19f5,1335379239000,1478279143000,LOW,0,,0,,0,0
84bf9701b4cd43afa9d6e5e382e24dde,The Location of People Serving Life Without Parole Sentences for Nonviolent Offenses-AsburyCopy,dasbury_storymaps,org,1.9,data.version,LEGACY,version_lt_2.0,https://www.arcgis.com/home/item.html?id=84bf9701b4cd43afa9d6e5e382e24dde,1384354581000,1384372581000,MEDIUM,1,bcb1474c47504e9f9a14eb267b5e3098,1,bcb1474c47504e9f9a14eb267b5e3098,0,0
a0fbfe582234431eb32b74b60f722dc7,"The Most Beutiful Places on Earth, Pt. 1",skitterman,public,1.9,data.version,LEGACY,version_lt_2.0,https://www.arcgis.com/home/item.html?id=a0fbfe582234431eb32b74b60f722dc7,1437521331000,1438994694000,HIGH,1,c6196e3e505c440d9bb06a24d47e9f72,0,,1,0
c10d8b15b62a4849bb95b0f5d1e0fe2a,"The Most Beutiful Places on Earth, Pt. 1",skitterman,private,1.9,data.version,LEGACY,version_lt_2.0,https://www.arcgis.com/home/item.html?id=c10d8b15b62a4849bb95b0f5d1e0fe2a,1437588890000,1437588890000,LOW,0,,0,,0,0
45eaa2b3056a49169d4cc6f79bf2b4b3,The most polluted cities in America,StoryMaps,public,1.5,data.version,LEGACY,version_lt_2.0,https://www.arcgis.com/home/item.html?id=45eaa2b3056a49169d4cc6f79bf2b4b3,1335980315000,1478279137000,LOW,0,,0,,0,0
41d2d84b410e4e1db3e2c8c29f013a5d,The Nat Geo Basemap,acarroll73,org,1.5,data.version,LEGACY,version_lt_2.0,https://www.arcgis.com/home/item.html?id=41d2d84b410e4e1db3e2c8c29f013a5d,1323980858000,1346084234000,LOW,0,,0,,0,0
d1e4ce382e4840808c9f2586eb65fc40,The ocean for fun,skitterman,private,1.9,data.version,LEGACY,version_lt_2.0,https://www.arcgis.com/home/item.html?id=d1e4ce382e4840808c9f2586eb65fc40,1490900999000,1490900999000,LOW,0,,0,,0,0
bc66268444744e058d7e3a146d86f145,The Persistent Plague of Urban Unemployment,acarroll73,public,1.4,data.version,LEGACY,version_lt_2.0,https://www.arcgis.com/home/item.html?id=bc66268444744e058d7e3a146d86f145,1318596142000,1346084260000,LOW,0,,0,,0,0
40f95d64b1e64aba9215e5b524e67601,The Sochi Winter Games: Coastal Cluster,StoryMaps,public,1.9.1,data.version,LEGACY,version_lt_2.0,https://www.arcgis.com/home/item.html?id=40f95d64b1e64aba9215e5b524e67601,1391520854000,1391735080000,LOW,0,,0,,0,0
b1b18cd4a530428db1cccb0d5b3bfd6c,The Sochi Winter Games: Events and Venues,StoryMaps,org,1.9.1,data.version,LEGACY,version_lt_2.0,https://www.arcgis.com/home/item.html?id=b1b18cd4a530428db1cccb0d5b3bfd6c,1391437805000,1391628024000,LOW,0,,0,,0,0
c103265dcf1a45079892235d114545a5,The Sochi Winter Games: Locator,StoryMaps,public,1.9.1,data.version,LEGACY,version_lt_2.0,https://www.arcgis.com/home/item.html?id=c103265dcf1a45079892235d114545a5,1391522518000,1391674322000,LOW,0,,0,,0,0
8b26d58197cf49e6866275f53886f44c,The Sochi Winter Games: Mountain Cluster,StoryMaps,public,1.9.1,data.version,LEGACY,version_lt_2.0,https://www.arcgis.com/home/item.html?id=8b26d58197cf49e6866275f53886f44c,1391520908000,1391735146000,LOW,0,,0,,0,0
1aa35af098b6463d811ca27af0994357,The Sochi Winter Games: Venues by Sport,StoryMaps,public,1.9.1,data.version,LEGACY,version_lt_2.0,https://www.arcgis.com/home/item.html?id=1aa35af098b6463d811ca27af0994357,1391520597000,1391652878000,LOW,0,,0,,0,0
0ddd51561870458c832ba6348acdde21,The test,skitterman,private,1.9,data.version,LEGACY,version_lt_2.0,https://www.arcgis.com/home/item.html?id=0ddd51561870458c832ba6348acdde21,1478017778000,1478042047000,MEDIUM,1,c913ae67e9274b7481214b97c56eae5e,0,,0,0
092c48dd0c9440ab97ad4d6b183d9c4f,The UC Craze,testing_uc,private,1.9,data.version,LEGACY,version_lt_2.0,https://www.arcgis.com/home/item.html?id=092c48dd0c9440ab97ad4d6b183d9c4f,1436194592000,1436194592000,MEDIUM,1,6607057ca77c4dbcb60b868b3ddb9e07,1,6607057ca77c4dbcb60b868b3ddb9e07,0,0
43b0b373f6874139aef97c180399a21a,The United Counties of Baseball 2011 on Canvas base,acarroll73,shared,1.3,data.version,LEGACY,version_lt_2.0,https://www.arcgis.com/home/item.html?id=43b0b373f6874139aef97c180399a21a,1314276812000,1346084235000,LOW,0,,0,,0,0
32342a21738c4cf8a0426aaba5076767,The Venues at Sochi,StoryMaps,public,1.9.1,data.version,LEGACY,version_lt_2.0,https://www.arcgis.com/home/item.html?id=32342a21738c4cf8a0426aaba5076767,1391182271000,1391735394000,HIGH,1,e88045ee56ae42d090470d3ca8287543,1,e88045ee56ae42d090470d3ca8287543,1,1
3c79920ead89453d8e7153857bd91a72,The wealthy live in relative isolation from less affluent populations,StoryMaps,public,1.6,data.version,LEGACY,version_lt_2.0,https://www.arcgis.com/home/item.html?id=3c79920ead89453d8e7153857bd91a72,1342554506000,1478279137000,LOW,0,,0,,0,0
a895f596643e40c78333d4ec99bc9112,The wealthy live in relative isolation from the less affluent,StoryMaps,public,1.6,data.version,LEGACY,version_lt_2.0,https://www.arcgis.com/home/item.html?id=a895f596643e40c78333d4ec99bc9112,1340747522000,1340815357000,LOW,0,,0,,0,0
c6e90de785bb45c79328411744285f4d,The wealthy live in relative isolation from the less affluent,StoryMaps,public,1.5,data.version,LEGACY,version_lt_2.0,https://www.arcgis.com/home/item.html?id=c6e90de785bb45c79328411744285f4d,1330097994000,1478279144000,MEDIUM,1,04a936d02977490ab5a6f2d537f55500,0,,0,0
4b0b4ddc13264284b6f2438af0e37d4c,The wealthy live in relative isolation from the less affluent,acarroll73,public,1.5,data.version,LEGACY,version_lt_2.0,https://www.arcgis.com/home/item.html?id=4b0b4ddc13264284b6f2438af0e37d4c,1328110277000,1346084237000,LOW,0,,0,,0,0
c1ba743728b14c858422e501a79bf304,The wealthy live in relative isolation from the less affluent - final webmap,StoryMaps,private,1.5,data.version,LEGACY,version_lt_2.0,https://www.arcgis.com/home/item.html?id=c1ba743728b14c858422e501a79bf304,1329496975000,1478279144000,LOW,0,,0,,0,0
9a0461483a2745c794b11f3d326e4ec9,thumbnail,sabinebarrera,public,1.9,data.version,LEGACY,version_lt_2.0,https://www.arcgis.com/home/item.html?id=9a0461483a2745c794b11f3d326e4ec9,1379452706000,1379467144000,LOW,0,,0,,0,0
89b3a6e6ca964889b8e222b3f110658d,Tokyo 1680,StoryMaps,public,1.9,data.version,LEGACY,version_lt_2.0,https://www.arcgis.com/home/item.html?id=89b3a6e6ca964889b8e222b3f110658d,1379525574000,1379539974000,LOW,0,,0,,0,0
4ac50a36511a4884b75bde89e6234730,Top Fifty Shopping Malls in the U.S.,StoryMaps,public,1.6,data.version,LEGACY,version_lt_2.0,https://www.arcgis.com/home/item.html?id=4ac50a36511a4884b75bde89e6234730,1350335284000,1353965680000,LOW,0,,0,,0,0
6791a41d5d7b488d86ad40a909e0cbb0,Top Ten Spenders,StoryMaps,public,1.6,data.version,LEGACY,version_lt_2.0,https://www.arcgis.com/home/item.html?id=6791a41d5d7b488d86ad40a909e0cbb0,1345639366000,1345645610000,LOW,0,,0,,0,0
3c2cbd3e28874914969a03519e9a03d3,Topo - PUG Demo - test,StoryMaps,private,1.8,data.version,LEGACY,version_lt_2.0,https://www.arcgis.com/home/item.html?id=3c2cbd3e28874914969a03519e9a03d3,1368113597000,1368137561000,LOW,0,,0,,0,0
73139fc6357646af855867a29ee99690,Tour of Washington DC,StoryMaps,public,1.9.1,data.version,LEGACY,version_lt_2.0,https://www.arcgis.com/home/item.html?id=73139fc6357646af855867a29ee99690,1394626101000,1394626101000,LOW,0,,0,,0,0
b7db5b96a77a4c6b920b5c27eb5fba35,Touring the MIT Campus,StoryMaps,public,1.9.1,data.version,LEGACY,version_lt_2.0,https://www.arcgis.com/home/item.html?id=b7db5b96a77a4c6b920b5c27eb5fba35,1394635500000,1394670770000,HIGH,1,8ff52fd40c7941d39fb623573ebacb11,1,8ff52fd40c7941d39fb623573ebacb11,1,1
03599fa6c418430d9149e1b68c10191e,Touring the World's Densest Cities,StoryMaps,public,1.9,data.version,LEGACY,version_lt_2.0,https://www.arcgis.com/home/item.html?id=03599fa6c418430d9149e1b68c10191e,1384447093000,1384469569000,HIGH,1,7d2715d1baca480a94bd954228552f9b,0,,1,0
a08963f7f4df4d2c85b249b35f441b1c,Toward a National GIS,acarroll73,public,1.2,data.version,LEGACY,version_lt_2.0,https://www.arcgis.com/home/item.html?id=a08963f7f4df4d2c85b249b35f441b1c,1308742404000,1346084255000,LOW,0,,0,,0,0
97ba62587c7e4a6b8b805b9952e72cef,Traffic with Refresh-Copy,dwright_storymaps,private,1.9,data.version,LEGACY,version_lt_2.0,https://www.arcgis.com/home/item.html?id=97ba62587c7e4a6b8b805b9952e72cef,1379863612000,1379878012000,LOW,0,,0,,0,0
37a9713379c44157aa8a4f7a6ac29072,"Traveling through a multi-layered land - a visit to Israel and Palestine
",dasbury_storymaps,private,1.9,data.version,LEGACY,version_lt_2.0,https://www.arcgis.com/home/item.html?id=37a9713379c44157aa8a4f7a6ac29072,1426029920000,1459192491000,MEDIUM,1,10a0cb8b6c6b4fbabdd0f5a0c2ddb337,1,10a0cb8b6c6b4fbabdd0f5a0c2ddb337,0,0
b616fe5978ec4d7ea714acbad946331a,"Travels by President Obama and Vice President Biden, 2014",StoryMaps,public,1.9,data.version,LEGACY,version_lt_2.0,https://www.arcgis.com/home/item.html?id=b616fe5978ec4d7ea714acbad946331a,1389364000000,1389394908000,LOW,0,,0,,0,0
6c20af1c626b4e82a81f85001066dd19,Travels of President Obama and the First Lady,StoryMaps,public,1.5,data.version,LEGACY,version_lt_2.0,https://www.arcgis.com/home/item.html?id=6c20af1c626b4e82a81f85001066dd19,1331331563000,1478279140000,LOW,0,,0,,0,0
bdbac6c23b0e49a196854b8c9051b544,Treasure Hunt: Cities,StoryMaps,public,1.6,data.version,LEGACY,version_lt_2.0,https://www.arcgis.com/home/item.html?id=bdbac6c23b0e49a196854b8c9051b544,1352129088000,1352477263000,LOW,0,,0,,0,0
762f7be4243f4505b0291f8e8adfd281,Treasure Hunt: Mountains,StoryMaps,public,1.6,data.version,LEGACY,version_lt_2.0,https://www.arcgis.com/home/item.html?id=762f7be4243f4505b0291f8e8adfd281,1352141109000,1352817451000,LOW,0,,0,,0,0
54019e66f2914d1e98b5610d2d2246f3,Trends in Urban Unemployment: 2006-2010,acarroll73,public,1.4,data.version,LEGACY,version_lt_2.0,https://www.arcgis.com/home/item.html?id=54019e66f2914d1e98b5610d2d2246f3,1318529253000,1346084240000,LOW,0,,0,,0,0
e258584ac0fb4cf7a0984727a1613596,Trip map mockup,acarroll73,private,1.5,data.version,LEGACY,version_lt_2.0,https://www.arcgis.com/home/item.html?id=e258584ac0fb4cf7a0984727a1613596,1327791314000,1346084266000,LOW,0,,0,,0,0
3f06e32942874490975fad1b4019e2dc,Trips to South America,sabinebarrera,org,1.8,data.version,LEGACY,version_lt_2.0,https://www.arcgis.com/home/item.html?id=3f06e32942874490975fad1b4019e2dc,1359148166000,1386650384000,LOW,0,,0,,0,0
f806d84a541a4cbd82162971bf7f68d8,ttest,StoryMaps,private,1.8,data.version,LEGACY,version_lt_2.0,https://www.arcgis.com/home/item.html?id=f806d84a541a4cbd82162971bf7f68d8,1368057269000,1368071670000,LOW,0,,0,,0,0
68ab028395d0450493b4e178e690a015,Turkeys per county,StoryMaps,org,1.9,data.version,LEGACY,version_lt_2.0,https://www.arcgis.com/home/item.html?id=68ab028395d0450493b4e178e690a015,1385097917000,1385116927000,LOW,0,,0,,0,0
05ee19e61ceb4188b298a5890d2a3a31,Turkeys per farm,StoryMaps,org,1.9,data.version,LEGACY,version_lt_2.0,https://www.arcgis.com/home/item.html?id=05ee19e61ceb4188b298a5890d2a3a31,1385096140000,1385116996000,MEDIUM,1,d7572ab19dd347a590e679e7d95bbf62,0,,0,0
e26e40e5157448f08b6146312d2a0c8d,Typhoon Haiyan Post-Event Imagery Story Map,StoryMaps,private,1.9,data.version,LEGACY,version_lt_2.0,https://www.arcgis.com/home/item.html?id=e26e40e5157448f08b6146312d2a0c8d,1399392292000,1399392292000,LOW,0,,0,,0,0
05a7288bb9a9403383fd13f89a15bd67,U.S. Container Port Depths,StoryMaps,public,1.9,data.version,LEGACY,version_lt_2.0,https://www.arcgis.com/home/item.html?id=05a7288bb9a9403383fd13f89a15bd67,1382620254000,1382746143000,LOW,0,,0,,0,0
7a46a107060649d59fd75324fb526839,U.S. Container Port Depths-Copy,StoryMaps,private,1.9,data.version,LEGACY,version_lt_2.0,https://www.arcgis.com/home/item.html?id=7a46a107060649d59fd75324fb526839,1382800018000,1382800018000,LOW,0,,0,,0,0
b58c8609e6aa4644aaa1456a32a2cc48,U.S. Diabetes Rates,StoryMaps,private,1.5,data.version,LEGACY,version_lt_2.0,https://www.arcgis.com/home/item.html?id=b58c8609e6aa4644aaa1456a32a2cc48,1335102686000,1478279140000,LOW,0,,0,,0,0
455578813992434ea207092b32081534,U.S. Protected Areas,StoryMaps,public,1.9,data.version,LEGACY,version_lt_2.0,https://www.arcgis.com/home/item.html?id=455578813992434ea207092b32081534,1381492632000,1381508565000,LOW,0,,0,,0,0
992cf95c3dde4ca39fc5782230f5f561,"U.S. Unemployment, 2010",acarroll73,public,1.4,data.version,LEGACY,version_lt_2.0,https://www.arcgis.com/home/item.html?id=992cf95c3dde4ca39fc5782230f5f561,1317907104000,1346084253000,LOW,0,,0,,0,0
9d5e1037a3ce40628bd30f4907747545,UK Destinations,StoryMaps,public,1.9,data.version,LEGACY,version_lt_2.0,https://www.arcgis.com/home/item.html?id=9d5e1037a3ce40628bd30f4907747545,1375712762000,1375735176000,LOW,0,,0,,0,0
4913bdeaeae34948a9bea6f7c967179d,Ukraine: Russians in the east and south,StoryMaps,public,1.9.1,data.version,LEGACY,version_lt_2.0,https://www.arcgis.com/home/item.html?id=4913bdeaeae34948a9bea6f7c967179d,1393873724000,1394069854000,LOW,0,,0,,0,0
f827f500664342b6a980aad16434b05a,Ukrainians in Crimea-Copy,StoryMaps,private,1.9.1,data.version,LEGACY,version_lt_2.0,https://www.arcgis.com/home/item.html?id=f827f500664342b6a980aad16434b05a,1393701612000,1393701612000,LOW,0,,0,,0,0
0cbec29dea974b809f9f9d00a2f20a34,Unemployment 2010,acarroll73,public,1.5,data.version,LEGACY,version_lt_2.0,https://www.arcgis.com/home/item.html?id=0cbec29dea974b809f9f9d00a2f20a34,1328541948000,1346084225000,LOW,0,,0,,0,0
9667b78b900e43dd9b640c8cbd531e7c,Unemployment and Population Change,acarroll73,public,1.5,data.version,LEGACY,version_lt_2.0,https://www.arcgis.com/home/item.html?id=9667b78b900e43dd9b640c8cbd531e7c,1328539319000,1346084252000,LOW,0,,0,,0,0
9b0d52d2a93e4eeca7bbcd825e6e49f2,Unemployment rate: 2010-Copy,acarroll73,private,1.6,data.version,LEGACY,version_lt_2.0,https://www.arcgis.com/home/item.html?id=9b0d52d2a93e4eeca7bbcd825e6e49f2,1340796026000,1346084253000,LOW,0,,0,,0,0
9aae75bf5d2c4ce7ad8341e3c291f724,UNESCO World Heritage Sites,acarroll73,public,1.4,data.version,LEGACY,version_lt_2.0,https://www.arcgis.com/home/item.html?id=9aae75bf5d2c4ce7ad8341e3c291f724,1317756134000,1346084253000,LOW,0,,0,,0,0
2d9680b53ea94377b4d66826a186038f,UNESCO World Heritage Sites - Satellite Imagery,acarroll73,public,1.4,data.version,LEGACY,version_lt_2.0,https://www.arcgis.com/home/item.html?id=2d9680b53ea94377b4d66826a186038f,1317313364000,1346084232000,LOW,0,,0,,0,0
8c376ac8b9024943afb92c212d894a78,UNESCO World Heritage Sites - World Topo Basemap,acarroll73,public,1.4,data.version,LEGACY,version_lt_2.0,https://www.arcgis.com/home/item.html?id=8c376ac8b9024943afb92c212d894a78,1317313964000,1346084251000,LOW,0,,0,,0,0
d59ab5dc42f944d38bf6755ef5f821c5,UNESCO World Heritage Sites on National Geographic basemap,acarroll73,public,1.5,data.version,LEGACY,version_lt_2.0,https://www.arcgis.com/home/item.html?id=d59ab5dc42f944d38bf6755ef5f821c5,1323962502000,1346084264000,LOW,0,,0,,0,0
3f1fc9027a3d4711b4bb3cd3cdf506fd,United Kingdom 2010,acarroll73,private,1.2,data.version,LEGACY,version_lt_2.0,https://www.arcgis.com/home/item.html?id=3f1fc9027a3d4711b4bb3cd3cdf506fd,1308597855000,1346084234000,LOW,0,,0,,0,0
b9006707a281425bb82efacd4e56519f,United Kingdom Vacation 2010,acarroll73,private,1.2,data.version,LEGACY,version_lt_2.0,https://www.arcgis.com/home/item.html?id=b9006707a281425bb82efacd4e56519f,1308065985000,1346084259000,LOW,0,,0,,0,0
f27d5f7f5db142c89dcd13db6e65764d,Urban Observatory: City Footprints,StoryMaps,public,1.9,data.version,LEGACY,version_lt_2.0,https://www.arcgis.com/home/item.html?id=f27d5f7f5db142c89dcd13db6e65764d,1378473268000,1381466475000,LOW,0,,0,,0,0
872931f799a049f1bbe5fcf2b8a0c0e8,US Demographics and Life Styles,FedGISContent,private,1.9.1,data.version,LEGACY,version_lt_2.0,https://www.arcgis.com/home/item.html?id=872931f799a049f1bbe5fcf2b8a0c0e8,1391198348000,1391234038000,LOW,0,,0,,0,0
d587ef0692384268bdfaa4d8f29e8131,US Demographics and Life Styles - Median HH Income,FedGISContent,private,1.9.1,data.version,LEGACY,version_lt_2.0,https://www.arcgis.com/home/item.html?id=d587ef0692384268bdfaa4d8f29e8131,1391596959000,1391615058000,LOW,0,,0,,0,0
2ad0e56ecec344559e140497433b2ba8,US Demographics and Life Styles - Pop Growth,FedGISContent,private,1.9.1,data.version,LEGACY,version_lt_2.0,https://www.arcgis.com/home/item.html?id=2ad0e56ecec344559e140497433b2ba8,1391596879000,1391615537000,LOW,0,,0,,0,0
c92f11583b8d4faf9b9923ef1cf4f433,US Demographics and Life Styles -View1,FedGISContent,private,1.9.1,data.version,LEGACY,version_lt_2.0,https://www.arcgis.com/home/item.html?id=c92f11583b8d4faf9b9923ef1cf4f433,1391550594000,1391571959000,LOW,0,,0,,0,0
d9f1c99f868247b281a3243f53e1fc0f,US Health Resources-Copy,acarroll73,private,1.4,data.version,LEGACY,version_lt_2.0,https://www.arcgis.com/home/item.html?id=d9f1c99f868247b281a3243f53e1fc0f,1322689603000,1346084264000,LOW,0,,0,,0,0
7b2a6080f55446f8bb4916318c70cb22,US Northwest 1879 copy,StoryMaps,public,1.5,data.version,LEGACY,version_lt_2.0,https://www.arcgis.com/home/item.html?id=7b2a6080f55446f8bb4916318c70cb22,1331582204000,1478279140000,LOW,0,,0,,0,0
0595365c8e4a4d96986a594c5752c20c,US Nuclear Power and Population,acarroll73,public,1.3,data.version,LEGACY,version_lt_2.0,https://www.arcgis.com/home/item.html?id=0595365c8e4a4d96986a594c5752c20c,1310053187000,1346084223000,LOW,0,,0,,0,0
53635e1368834d7d8a481da2dc06498f,US Olympic Team,StoryMaps,private,1.6,data.version,LEGACY,version_lt_2.0,https://www.arcgis.com/home/item.html?id=53635e1368834d7d8a481da2dc06498f,1339513599000,1478279140000,LOW,0,,0,,0,0
106344de93ab4e85880ba580a2c6ea65,USA Hazards Map,acarroll73,public,1.1,data.version,LEGACY,version_lt_2.0,https://www.arcgis.com/home/item.html?id=106344de93ab4e85880ba580a2c6ea65,1295030195000,1346084226000,LOW,0,,0,,0,0
664b89d5279d4d618ac5fd4c3d24fd18,USA Historical Hurricanes-Copy,StoryMaps,public,1.5,data.version,LEGACY,version_lt_2.0,https://www.arcgis.com/home/item.html?id=664b89d5279d4d618ac5fd4c3d24fd18,1336061140000,1478279140000,LOW,0,,0,,0,0
43aff95d90174f5fb576dc6fa125606a,USA Household Income,acarroll73,public,1.4,data.version,LEGACY,version_lt_2.0,https://www.arcgis.com/home/item.html?id=43aff95d90174f5fb576dc6fa125606a,1317907085000,1346084235000,LOW,0,,0,,0,0
9c90766ea11848a190fd99bf778e3989,USA Poverty Rates,acarroll73,private,1.4,data.version,LEGACY,version_lt_2.0,https://www.arcgis.com/home/item.html?id=9c90766ea11848a190fd99bf778e3989,1317907095000,1346084254000,LOW,0,,0,,0,0
24e1779461844c33b14dc9220566d117,USA Soil Survey - SD,FedGISContent,private,1.9.1,data.version,LEGACY,version_lt_2.0,https://www.arcgis.com/home/item.html?id=24e1779461844c33b14dc9220566d117,1391738220000,1391794437000,LOW,0,,0,,0,0
a95d91e8e8394c7db6850534c04de288,USDA Farmers Markets,StoryMaps,private,1.9.1,data.version,LEGACY,version_lt_2.0,https://www.arcgis.com/home/item.html?id=a95d91e8e8394c7db6850534c04de288,1399918166000,1399918166000,LOW,0,,0,,0,0
44317e50f7a54c268ff0a357fc38100c,USGS Historical Map and Faults,FedGISContent,private,1.9.1,data.version,LEGACY,version_lt_2.0,https://www.arcgis.com/home/item.html?id=44317e50f7a54c268ff0a357fc38100c,1391778551000,1391796552000,LOW,0,,0,,0,0
c0b0754e00064c62a36e52a7321e446a,USGS Shale Gas Basins and Plays-Copy,glazou2,public,1.6,data.version,LEGACY,version_lt_2.0,https://www.arcgis.com/home/item.html?id=c0b0754e00064c62a36e52a7321e446a,1343244746000,1361609877000,LOW,0,,0,,0,0
024ca75eb4c74742807f8690dd80c9cb,"Vacancy Rates for Owned Homes: U.S. States and Metropolitan Areas, 1995 - 2011",StoryMaps,public,1.5,data.version,LEGACY,version_lt_2.0,https://www.arcgis.com/home/item.html?id=024ca75eb4c74742807f8690dd80c9cb,1331823079000,1478279145000,LOW,0,,0,,0,0
3b532924c8094fd9aca038fdc423e76c,"Vacancy Rates for Owned Homes: U.S. States and Metropolitan Areas, 1995 - 2011 - Revised",StoryMaps,public,1.5,data.version,LEGACY,version_lt_2.0,https://www.arcgis.com/home/item.html?id=3b532924c8094fd9aca038fdc423e76c,1335905940000,1478279145000,LOW,0,,0,,0,0
c7e015e30f6c42e39a0106d0bf540d7a,"Vacancy Rates for Rented Homes: U.S. States and Metropolitan Areas, 1995 - 2011",StoryMaps,public,1.5,data.version,LEGACY,version_lt_2.0,https://www.arcgis.com/home/item.html?id=c7e015e30f6c42e39a0106d0bf540d7a,1331823075000,1478279145000,LOW,0,,0,,0,0
025c2e64ffdb4e81a63297807994755b,"Vacancy Rates for Rented Homes: U.S. States and Metropolitan Areas, 1995 - 2011 - Revised",StoryMaps,public,1.5,data.version,LEGACY,version_lt_2.0,https://www.arcgis.com/home/item.html?id=025c2e64ffdb4e81a63297807994755b,1335906842000,1478279145000,LOW,0,,0,,0,0
40fb22d1a24946d1b29b77c892c8f55e,Vancouver - Buildings,sabinebarrera,shared,1.9.1,data.version,LEGACY,version_lt_2.0,https://www.arcgis.com/home/item.html?id=40fb22d1a24946d1b29b77c892c8f55e,1400860676000,1400901721000,LOW,0,,0,,0,0
ff536e8f80964f14b1468e0cf38d93de,Vancouver - Buildings - No Address,sabinebarrera,shared,1.9.1,data.version,LEGACY,version_lt_2.0,https://www.arcgis.com/home/item.html?id=ff536e8f80964f14b1468e0cf38d93de,1400861015000,1400901701000,LOW,0,,0,,0,0
075a80b8d8bb4236b850a02959f191f6,Vancouver - Water Main,sabinebarrera,private,1.9.1,data.version,LEGACY,version_lt_2.0,https://www.arcgis.com/home/item.html?id=075a80b8d8bb4236b850a02959f191f6,1400884027000,1401400229000,LOW,0,,0,,0,0
a334a48e2ed74c968b94b65785060350,Vancouver Assessments,sabinebarrera,private,1.9.1,data.version,LEGACY,version_lt_2.0,https://www.arcgis.com/home/item.html?id=a334a48e2ed74c968b94b65785060350,1400961033000,1400961033000,LOW,0,,0,,0,0
088d8d78fc524ef8bd8734fdd3da81aa,Vancouver_MS,sabinebarrera,private,1.9.1,data.version,LEGACY,version_lt_2.0,https://www.arcgis.com/home/item.html?id=088d8d78fc524ef8bd8734fdd3da81aa,1402091851000,1402106253000,LOW,0,,0,,0,0
efa30725bcf945d8922a6affd961b624,Various places,StoryMaps,public,1.9.1,data.version,LEGACY,version_lt_2.0,https://www.arcgis.com/home/item.html?id=efa30725bcf945d8922a6affd961b624,1432208719000,1432208732000,HIGH,1,e5c5870d9ed14ce496863ac7c7df5986,1,e5c5870d9ed14ce496863ac7c7df5986,1,1
20c6e65ab2444be89759b8819c6e2421,veeeedio tour,skitterman,public,1.9,data.version,LEGACY,version_lt_2.0,https://www.arcgis.com/home/item.html?id=20c6e65ab2444be89759b8819c6e2421,1478302883000,1478302922000,HIGH,3,3e21aeee89a540d0bf2f9eac8a1a80e2;9994871cfbe74b5a9bf83e2a69c0d9cb;9d6db4ba1245441f934943802586b045,1,9d6db4ba1245441f934943802586b045,1,0
3ccbc48772aa4122b16389ce18d2eae7,Venues by Sport Map,StoryMaps,private,1.9.1,data.version,LEGACY,version_lt_2.0,https://www.arcgis.com/home/item.html?id=3ccbc48772aa4122b16389ce18d2eae7,1391467329000,1391558163000,LOW,0,,0,,0,0
096e0e1b53774eed8f1ce45c380e0988,Vermont Farmers Markets,StoryMaps,private,1.9,data.version,LEGACY,version_lt_2.0,https://www.arcgis.com/home/item.html?id=096e0e1b53774eed8f1ce45c380e0988,1380046816000,1380046816000,LOW,0,,0,,0,0
ffa8d0c3bc2044938977efbeb8c2c3d9,Veterans Day 2014,StoryMaps,public,1.9,data.version,LEGACY,version_lt_2.0,https://www.arcgis.com/home/item.html?id=ffa8d0c3bc2044938977efbeb8c2c3d9,1415797008000,1415840193000,HIGH,1,bf7540f427e046ac894a54a3205f07ca,1,bf7540f427e046ac894a54a3205f07ca,1,1
cd21938cc0934903815bbc31853b01fd,video tour,skitterman,public,1.9,data.version,LEGACY,version_lt_2.0,https://www.arcgis.com/home/item.html?id=cd21938cc0934903815bbc31853b01fd,1478299290000,1478299401000,MEDIUM,1,468c207478db4bc9b5c3d6fb0290b0c9,1,468c207478db4bc9b5c3d6fb0290b0c9,0,0
c0006f89c2d4478198aed93422f63475,View 5 - Faults of Yucaipa,FedGISContent,public,1.9.1,data.version,LEGACY,version_lt_2.0,https://www.arcgis.com/home/item.html?id=c0006f89c2d4478198aed93422f63475,1391193844000,1391751243000,LOW,0,,0,,0,0
8a52ef5cdd2d452aa0e607a3db8d558b,View 6 - Global Faults,FedGISContent,org,1.9.1,data.version,LEGACY,version_lt_2.0,https://www.arcgis.com/home/item.html?id=8a52ef5cdd2d452aa0e607a3db8d558b,1391211606000,1391236738000,LOW,0,,0,,0,0
66883999f2ac40a485d7c6ad430ccf41,"View 7 - GAP Landcover, Columbia, South Carolina",FedGISContent,private,1.9.1,data.version,LEGACY,version_lt_2.0,https://www.arcgis.com/home/item.html?id=66883999f2ac40a485d7c6ad430ccf41,1391212100000,1391467485000,LOW,0,,0,,0,0
6bcb82f2f65a43d7b954721b2d015d34,View 8 - The Sand Seas of the Namib Desert,FedGISContent,private,1.9.1,data.version,LEGACY,version_lt_2.0,https://www.arcgis.com/home/item.html?id=6bcb82f2f65a43d7b954721b2d015d34,1391207823000,1391229703000,LOW,0,,0,,0,0
4eafcf40f3da42fb8075030388a1dc06,"Visiting Rice University, March 2017",StoryMaps,private,1.9,data.version,LEGACY,version_lt_2.0,https://www.arcgis.com/home/item.html?id=4eafcf40f3da42fb8075030388a1dc06,1488581579000,1488581724000,LOW,0,,0,,0,0
b33fcf9c36c949f88cf15b6eb9b0f247,Voyage of the St. Louis,acarroll73,public,1.2,data.version,LEGACY,version_lt_2.0,https://www.arcgis.com/home/item.html?id=b33fcf9c36c949f88cf15b6eb9b0f247,1308056657000,1346084257000,LOW,0,,0,,0,0
7ee09d25dd7846e5844e7f43e6caab49,Walking Tour of the National Mall,acarroll73,private,1.5,data.version,LEGACY,version_lt_2.0,https://www.arcgis.com/home/item.html?id=7ee09d25dd7846e5844e7f43e6caab49,1326744030000,1346084248000,LOW,0,,0,,0,0
8bd973c5a09f437995427b9be34e4ac1,"Walks in Cornwall: Camel River, Padstow",StoryMaps,public,1.9,data.version,LEGACY,version_lt_2.0,https://www.arcgis.com/home/item.html?id=8bd973c5a09f437995427b9be34e4ac1,1378425174000,1380600430000,HIGH,1,00ebf11eb29c437b82d307677c125529,1,00ebf11eb29c437b82d307677c125529,1,1
c1188b516df44faea16c53108adcc2f1,Walks in Cornwall: Highlands near the Fowey Estuary,StoryMaps,public,1.9.1,data.version,LEGACY,version_lt_2.0,https://www.arcgis.com/home/item.html?id=c1188b516df44faea16c53108adcc2f1,1380830741000,1399057768000,HIGH,1,9f65bbec300244e9957e6e8e811df99e,1,9f65bbec300244e9957e6e8e811df99e,1,1
e0f3d25505f14357a55b90fda715e5dc,Washington DC 1851 and Today,StoryMaps,public,1.5,data.version,LEGACY,version_lt_2.0,https://www.arcgis.com/home/item.html?id=e0f3d25505f14357a55b90fda715e5dc,1331582295000,1478279144000,LOW,0,,0,,0,0
7076dcc3049c44c68ef7afc36b754e87,Washington DC Today and 1851,StoryMaps,public,1.9,data.version,LEGACY,version_lt_2.0,https://www.arcgis.com/home/item.html?id=7076dcc3049c44c68ef7afc36b754e87,1374667533000,1374682131000,HIGH,2,459ff1719f5f427180cd8b793894052b;7fbc5a076d3943fe9de39b3fca00f12c,0,,2,0
78cb4cd92ce84dfca4354f2a57c1cef2,"Washington, DC Pop Change",FedGISContent,org,1.9.1,data.version,LEGACY,version_lt_2.0,https://www.arcgis.com/home/item.html?id=78cb4cd92ce84dfca4354f2a57c1cef2,1391882621000,1391882621000,LOW,0,,0,,0,0
11b568b59ad84fe8804af8a1e0adad80,Water Management,StoryMaps,public,1.9.1,data.version,LEGACY,version_lt_2.0,https://www.arcgis.com/home/item.html?id=11b568b59ad84fe8804af8a1e0adad80,1403799073000,1403813503000,LOW,0,,0,,0,0
5e3625c219924889b49b6591084fab8d,Water Use Efficiency,acarroll_storymaps,public,1.6,data.version,LEGACY,version_lt_2.0,https://www.arcgis.com/home/item.html?id=5e3625c219924889b49b6591084fab8d,1340036090000,1340043731000,LOW,0,,0,,0,0
e12f664a022944bd82cd01e55c758225,Watersheds and imperiled species,StoryMaps,private,1.5,data.version,LEGACY,version_lt_2.0,https://www.arcgis.com/home/item.html?id=e12f664a022944bd82cd01e55c758225,1331825010000,1478279145000,LOW,0,,0,,0,0
8b027a306e154770986a3298c855cb1c,WATS Projects,sabinebarrera,shared,1.8,data.version,LEGACY,version_lt_2.0,https://www.arcgis.com/home/item.html?id=8b027a306e154770986a3298c855cb1c,1380668913000,1386193839000,LOW,0,,0,,0,0
d93dda0c88b746ee9ee466681063fd3d,WCS range map,StoryMaps,private,1.8,data.version,LEGACY,version_lt_2.0,https://www.arcgis.com/home/item.html?id=d93dda0c88b746ee9ee466681063fd3d,1383331822000,1383331822000,LOW,0,,0,,0,0
50a6957ba915484588d21a653038f60d,WCS range map,StoryMaps,private,1.8,data.version,LEGACY,version_lt_2.0,https://www.arcgis.com/home/item.html?id=50a6957ba915484588d21a653038f60d,1383331726000,1383346127000,LOW,0,,0,,0,0
fe11057a9f274ca28d9966b6cf49fe72,WCS range map,StoryMaps,public,1.9,data.version,LEGACY,version_lt_2.0,https://www.arcgis.com/home/item.html?id=fe11057a9f274ca28d9966b6cf49fe72,1380319926000,1384307651000,LOW,0,,0,,0,0
a78e9e3f4407447d8e73607bcd4fc744,WCS range map,StoryMaps,private,1.8,data.version,LEGACY,version_lt_2.0,https://www.arcgis.com/home/item.html?id=a78e9e3f4407447d8e73607bcd4fc744,1383331636000,1383331636000,LOW,0,,0,,0,0
a3896a45851548a090712a89be6ae223,Web Map for Editing Malls,StoryMaps,org,1.6,data.version,LEGACY,version_lt_2.0,https://www.arcgis.com/home/item.html?id=a3896a45851548a090712a89be6ae223,1353965727000,1353965729000,LOW,0,,0,,0,0
37c7f5cff7a04d908ac2b79a0dd18ba7,Wesleyan University,StoryMaps,public,1.9,data.version,LEGACY,version_lt_2.0,https://www.arcgis.com/home/item.html?id=37c7f5cff7a04d908ac2b79a0dd18ba7,1383575048000,1383619193000,MEDIUM,1,a5f4ff84f56b4b7d8e99976d668b983f,1,a5f4ff84f56b4b7d8e99976d668b983f,0,0
4493d90316d14f58a4db1f96c969f148,West Falmouth to Woods Hole,StoryMaps,public,1.9.1,data.version,LEGACY,version_lt_2.0,https://www.arcgis.com/home/item.html?id=4493d90316d14f58a4db1f96c969f148,1431955684000,1431955697000,HIGH,1,8ec95810e2fb45b8823cc454610f4809,1,8ec95810e2fb45b8823cc454610f4809,1,1
10c64edff010407aa767a8c799c8af1c,Where do People Live?,acarroll73,public,1.4,data.version,LEGACY,version_lt_2.0,https://www.arcgis.com/home/item.html?id=10c64edff010407aa767a8c799c8af1c,1319742248000,1346084226000,LOW,0,,0,,0,0
1e2784f61e604ae8b83627e57084cbbe,White House Maker Faire Honored Makers,StoryMaps,private,1.9.1,data.version,LEGACY,version_lt_2.0,https://www.arcgis.com/home/item.html?id=1e2784f61e604ae8b83627e57084cbbe,1402937150000,1402952875000,LOW,0,,0,,0,0
beb7ad903eb8459c92165f1916c5375d,White House Maker Faire: Exhibitors and Honored Makers,StoryMaps,public,1.9.1,data.version,LEGACY,version_lt_2.0,https://www.arcgis.com/home/item.html?id=beb7ad903eb8459c92165f1916c5375d,1402842808000,1403106330000,LOW,0,,0,,0,0
dd4c5d6628b74bb49ea4700c1e18f024,White House Maker Faire: Participating Libraries,StoryMaps,public,1.9.1,data.version,LEGACY,version_lt_2.0,https://www.arcgis.com/home/item.html?id=dd4c5d6628b74bb49ea4700c1e18f024,1402938673000,1403106554000,LOW,0,,0,,0,0
f6dbfaddf0cf481caa4099f48caeec6f,White House Maker Faire: Participating Universities,StoryMaps,public,1.9.1,data.version,LEGACY,version_lt_2.0,https://www.arcgis.com/home/item.html?id=f6dbfaddf0cf481caa4099f48caeec6f,1402937263000,1403106470000,LOW,0,,0,,0,0
32f8a118f03d41b8a3a527cee3d902e1,White House on the Move: President Obama's Travels in 2013,StoryMaps,public,1.9,data.version,LEGACY,version_lt_2.0,https://www.arcgis.com/home/item.html?id=32f8a118f03d41b8a3a527cee3d902e1,1389473870000,1389496034000,HIGH,1,d858c9256cc344d9b6fe8607fb2066cd,1,d858c9256cc344d9b6fe8607fb2066cd,1,1
7ede27c9d37e4fc0bab65c627ffd663d,White House Travels in 2013,StoryMaps,public,1.9.1,data.version,LEGACY,version_lt_2.0,https://www.arcgis.com/home/item.html?id=7ede27c9d37e4fc0bab65c627ffd663d,1388173579000,1388191579000,MEDIUM,1,5a9165fe9d2e4e96981ac4053ef7dc31,0,,0,0
71d610c325aa46ffade52b58c337409a,White Nose Syndrome-Copy,StoryMaps,private,1.9.1,data.version,LEGACY,version_lt_2.0,https://www.arcgis.com/home/item.html?id=71d610c325aa46ffade52b58c337409a,1398723105000,1398723105000,LOW,0,,0,,0,0
95e2ee025f3f404295bd9bbbdfad9906,Why I Like the Northeasst,StoryMaps,public,1.9,data.version,LEGACY,version_lt_2.0,https://www.arcgis.com/home/item.html?id=95e2ee025f3f404295bd9bbbdfad9906,1476290750000,1476703412000,HIGH,1,fa32f6c6800c4d0abeb2e85573308f05,1,fa32f6c6800c4d0abeb2e85573308f05,1,1
8a95f0a385a6499fae91393c5309f62f,Wild and Scenic Rivers of the United States,acarroll73,public,1.5,data.version,LEGACY,version_lt_2.0,https://www.arcgis.com/home/item.html?id=8a95f0a385a6499fae91393c5309f62f,1331172483000,1346084251000,LOW,0,,0,,0,0
79a7568bb38d4ee1adf5dacca438696f,Wild_Zoo Babies AGOL (final),StoryMaps,public,1.9.1,data.version,LEGACY,version_lt_2.0,https://www.arcgis.com/home/item.html?id=79a7568bb38d4ee1adf5dacca438696f,1399475579000,1554484669000,LOW,0,,0,,0,0
d9eb0944bf1241b3b26c08ded81132a4,Wilderness Area Photo Contest Prototype 1,StoryMaps,public,1.9.1,data.version,LEGACY,version_lt_2.0,https://www.arcgis.com/home/item.html?id=d9eb0944bf1241b3b26c08ded81132a4,1386957682000,1386978130000,LOW,0,,0,,0,0
c5543a52d0d0465ca4ae703d43bf6390,Wilderness areas,StoryMaps,private,1.6,data.version,LEGACY,version_lt_2.0,https://www.arcgis.com/home/item.html?id=c5543a52d0d0465ca4ae703d43bf6390,1351703573000,1351714642000,LOW,0,,0,,0,0
453fb85b4da9463786b2712bb6ee7e36,Wilderness Areas and no 3G Services,StoryMaps,private,1.9.1,data.version,LEGACY,version_lt_2.0,https://www.arcgis.com/home/item.html?id=453fb85b4da9463786b2712bb6ee7e36,1399993662000,1400010070000,LOW,0,,0,,0,0
d21aa1083521494b8fcb23d35e166a8a,Wilderness thematic map selection,StoryMaps,private,1.9.1,data.version,LEGACY,version_lt_2.0,https://www.arcgis.com/home/item.html?id=d21aa1083521494b8fcb23d35e166a8a,1398460365000,1398723449000,LOW,0,,0,,0,0
94061b5021a043248ac6d4ec627fe7ae,Wildflower Inn and Vermont's Northeast Kingdom,StoryMaps,public,1.9,data.version,LEGACY,version_lt_2.0,https://www.arcgis.com/home/item.html?id=94061b5021a043248ac6d4ec627fe7ae,1375544720000,1375986128000,HIGH,1,972de5515db147239f67f1c8d88cfde2,1,972de5515db147239f67f1c8d88cfde2,1,1
9b8af56da418495b90019b4f65ba31ba,Wiley Post's Round-the-World Flight,StoryMaps,public,1.8,data.version,LEGACY,version_lt_2.0,https://www.arcgis.com/home/item.html?id=9b8af56da418495b90019b4f65ba31ba,1370960959000,1372008385000,LOW,0,,0,,0,0
7f0ef89a31fe4734aee8bce374b37655,Wind Resource Potential and Wind Farm Locations,acarroll73,public,1.4,data.version,LEGACY,version_lt_2.0,https://www.arcgis.com/home/item.html?id=7f0ef89a31fe4734aee8bce374b37655,1322763028000,1346084248000,LOW,0,,0,,0,0
3fdf2ac8f4434573bd68f0f44f4b36bc,WMS - Example,StoryMaps,public,1.9.1,data.version,LEGACY,version_lt_2.0,https://www.arcgis.com/home/item.html?id=3fdf2ac8f4434573bd68f0f44f4b36bc,1390931105000,1390949196000,LOW,0,,0,,0,0
004d2a6abf5348758a22d15cebddd660,WMS with Legend,sabinebarrera,public,1.9.1,data.version,LEGACY,version_lt_2.0,https://www.arcgis.com/home/item.html?id=004d2a6abf5348758a22d15cebddd660,1398978113000,1398992656000,LOW,0,,0,,0,0
a5408221cc60490281b9dea1c4d4245d,WMS with Legend 3,sabinebarrera,public,1.9.1,data.version,LEGACY,version_lt_2.0,https://www.arcgis.com/home/item.html?id=a5408221cc60490281b9dea1c4d4245d,1398978964000,1398993369000,LOW,0,,0,,0,0
8a07ed6a7a6745a0a6b0fb46ae3a0a42,Women's Marches Around the World,StoryMaps,public,1.9,data.version,LEGACY,version_lt_2.0,https://www.arcgis.com/home/item.html?id=8a07ed6a7a6745a0a6b0fb46ae3a0a42,1485099778000,1485547356000,HIGH,1,696773302edc49e58d978728b9515d2f,1,696773302edc49e58d978728b9515d2f,1,1
ed6e6412c5484c9d9f7853ef5497fc33,World Bank Gross Domestic Product,acarroll73,private,1.3,data.version,LEGACY,version_lt_2.0,https://www.arcgis.com/home/item.html?id=ed6e6412c5484c9d9f7853ef5497fc33,1314023803000,1346084267000,LOW,0,,0,,0,0
53ab42ed2a3c4fd7bdb726a76ecac702,World Bank Headquarters and neighborhood,acarroll73,public,1.1,data.version,LEGACY,version_lt_2.0,https://www.arcgis.com/home/item.html?id=53ab42ed2a3c4fd7bdb726a76ecac702,1299119061000,1346084240000,LOW,0,,0,,0,0
237312eb41a445459760874f556780f5,World Bank Life Expectancy,acarroll73,public,1.7,data.version,LEGACY,version_lt_2.0,https://www.arcgis.com/home/item.html?id=237312eb41a445459760874f556780f5,1314046218000,1363718225000,LOW,0,,0,,0,0
71e7c3b3dcc542d289269f7cbdd820fd,World Bank Per Capita Gross Domestic Product,acarroll73,private,1.3,data.version,LEGACY,version_lt_2.0,https://www.arcgis.com/home/item.html?id=71e7c3b3dcc542d289269f7cbdd820fd,1313781180000,1346084246000,LOW,0,,0,,0,0
baaa8917407642a985c8698cd82239ac,World Bank Percent Rural Population,acarroll73,private,1.3,data.version,LEGACY,version_lt_2.0,https://www.arcgis.com/home/item.html?id=baaa8917407642a985c8698cd82239ac,1314046355000,1346084260000,LOW,0,,0,,0,0
246036023db1407daa8331316a843336,World Bank Population Growth,acarroll73,private,1.3,data.version,LEGACY,version_lt_2.0,https://www.arcgis.com/home/item.html?id=246036023db1407daa8331316a843336,1314023722000,1346084230000,LOW,0,,0,,0,0
648992fba6cd404b940d303b62502d0c,World Bank Projects in Georgia,acarroll73,public,1.4,data.version,LEGACY,version_lt_2.0,https://www.arcgis.com/home/item.html?id=648992fba6cd404b940d303b62502d0c,1319489013000,1346084244000,LOW,0,,0,,0,0
9ed8b097771d4a5693f2c7af2645827f,World Bank Projects in Georgia-Copy,StoryMaps,public,1.5,data.version,LEGACY,version_lt_2.0,https://www.arcgis.com/home/item.html?id=9ed8b097771d4a5693f2c7af2645827f,1335547314000,1478279142000,LOW,0,,0,,0,0
acffde24baf741dcb952b7c632f1002c,World Bank Projects Map,StoryMaps,public,1.5,data.version,LEGACY,version_lt_2.0,https://www.arcgis.com/home/item.html?id=acffde24baf741dcb952b7c632f1002c,1335545252000,1478279142000,LOW,0,,0,,0,0
469c60741d544580b3d4e23f16fe7105,World Ecoregions,acarroll73,private,1.3,data.version,LEGACY,version_lt_2.0,https://www.arcgis.com/home/item.html?id=469c60741d544580b3d4e23f16fe7105,1315423263000,1346084236000,LOW,0,,0,,0,0
a535b220350142df83f54615060f617a,World Energy Consumption,StoryMaps,public,1.8,data.version,LEGACY,version_lt_2.0,https://www.arcgis.com/home/item.html?id=a535b220350142df83f54615060f617a,1367939534000,1367939534000,LOW,0,,0,,0,0
4d3d9fdb60954c22b694fc0e89995365,World Heritage Demo,acarroll73,public,1.5,data.version,LEGACY,version_lt_2.0,https://www.arcgis.com/home/item.html?id=4d3d9fdb60954c22b694fc0e89995365,1323371451000,1346084238000,LOW,0,,0,,0,0
fd695d28daf44af2acde4e0ee7cd7f14,World Heritage Test,acarroll73,public,1.5,data.version,LEGACY,version_lt_2.0,https://www.arcgis.com/home/item.html?id=fd695d28daf44af2acde4e0ee7cd7f14,1323307152000,1346084270000,LOW,0,,0,,0,0
efa21fc460a245889b02e7fae70fbab8,World Population and Growth Rates,StoryMaps,public,1.7,data.version,LEGACY,version_lt_2.0,https://www.arcgis.com/home/item.html?id=efa21fc460a245889b02e7fae70fbab8,1363014833000,1363721018000,LOW,0,,0,,0,0
554a3701c11945ca93675daa9b3cb645,World's Busiest Airports,acarroll_storymaps,public,1.6,data.version,LEGACY,version_lt_2.0,https://www.arcgis.com/home/item.html?id=554a3701c11945ca93675daa9b3cb645,1340151621000,1340152498000,MEDIUM,1,f8a4839be93248e987606c7ed74fcecb,0,,0,0
930979c835f44746b67538b9cd4d2d04,World's Fifty Largest Container Ports (publish),StoryMaps,public,1.9,data.version,LEGACY,version_lt_2.0,https://www.arcgis.com/home/item.html?id=930979c835f44746b67538b9cd4d2d04,1367358618000,1375491015000,LOW,0,,0,,0,0
4d7c3ee928664035bc8161eedadaa827,World's Largest Buildings,acarroll73,private,1.4,data.version,LEGACY,version_lt_2.0,https://www.arcgis.com/home/item.html?id=4d7c3ee928664035bc8161eedadaa827,1322676013000,1346084238000,LOW,0,,0,,0,0
65457a36ce4948b6815c998144f1aee9,World's Tallest Buildings,StoryMaps,private,1.9,data.version,LEGACY,version_lt_2.0,https://www.arcgis.com/home/item.html?id=65457a36ce4948b6815c998144f1aee9,1374525392000,1374712063000,LOW,0,,0,,0,0
6594b48292dc429ca2284ea9f4e3f4f1,World's Thirty Largest Cities,StoryMaps,private,1.7,data.version,LEGACY,version_lt_2.0,https://www.arcgis.com/home/item.html?id=6594b48292dc429ca2284ea9f4e3f4f1,1358950854000,1363720525000,LOW,0,,0,,0,0
3fbc691cd5ca48baaa58598dbda77b11,xAfrica Ecoregions,StoryMaps,private,1.9,data.version,LEGACY,version_lt_2.0,https://www.arcgis.com/home/item.html?id=3fbc691cd5ca48baaa58598dbda77b11,1380806992000,1381707041000,LOW,0,,0,,0,0
cd9e8998885943efa09e0a8c27ff82f5,xAll Eight Species of Slow Loris are threatened with extinction-Copy,StoryMaps,private,1.7,data.version,LEGACY,version_lt_2.0,https://www.arcgis.com/home/item.html?id=cd9e8998885943efa09e0a8c27ff82f5,1361548542000,1361775222000,LOW,0,,0,,0,0
d8adf7c02f654c9facf4e75ce6aaba15,xBlue Ribbon Panel of the 2013 Sustainable Oceans Summit,StoryMaps,org,1.8,data.version,LEGACY,version_lt_2.0,https://www.arcgis.com/home/item.html?id=d8adf7c02f654c9facf4e75ce6aaba15,1366651728000,1368063397000,HIGH,1,9fed333527a94eeb9d340dc29ec4d8eb,1,9fed333527a94eeb9d340dc29ec4d8eb,1,1
c65580ac979149a4a1d220de8a12ceee,xComparing Metro and Micro Area Population Change 2012-2013 (Not used - right map),StoryMaps_services,org,1.9.1,data.version,LEGACY,version_lt_2.0,https://www.arcgis.com/home/item.html?id=c65580ac979149a4a1d220de8a12ceee,1395184247000,1397522912000,LOW,0,,0,,0,0
c37459141f694a22a7c43ca3558dc7b8,xCounty population growth between 2012 and 2013 (right map),StoryMaps_services,public,1.9.1,data.version,LEGACY,version_lt_2.0,https://www.arcgis.com/home/item.html?id=c37459141f694a22a7c43ca3558dc7b8,1396391412000,1397614524000,LOW,0,,0,,0,0
030c6b1b251a4816bf7d4c053e972814,xDzanga Bai imagery,StoryMaps,public,1.9,data.version,LEGACY,version_lt_2.0,https://www.arcgis.com/home/item.html?id=030c6b1b251a4816bf7d4c053e972814,1380743957000,1380936297000,LOW,0,,0,,0,0
25169d1b9128448d9573fcea9c242354,xFunding,StoryMaps,org,1.7,data.version,LEGACY,version_lt_2.0,https://www.arcgis.com/home/item.html?id=25169d1b9128448d9573fcea9c242354,1363108050000,1365797821000,LOW,0,,0,,0,0
166dcd4c8563476590d42ff0e5b32853,xMetro and micropolitan statistical area population growth 2002-2003 (old),StoryMaps_services,org,1.9.1,data.version,LEGACY,version_lt_2.0,https://www.arcgis.com/home/item.html?id=166dcd4c8563476590d42ff0e5b32853,1395186431000,1397518380000,LOW,0,,0,,0,0
51c9a56fb43c493fa6e9362a7f24c1d7,xRescue Centers strive to interrupt the illegal transport of Slow Lorises-Copy,StoryMaps,private,1.7,data.version,LEGACY,version_lt_2.0,https://www.arcgis.com/home/item.html?id=51c9a56fb43c493fa6e9362a7f24c1d7,1361548574000,1361775253000,LOW,0,,0,,0,0
9ea9ffeecfba44088899e8283390d0f9,xSlow Lorises are viewable at many U.S. zoos-Copy,StoryMaps,private,1.7,data.version,LEGACY,version_lt_2.0,https://www.arcgis.com/home/item.html?id=9ea9ffeecfba44088899e8283390d0f9,1361548601000,1361817921000,LOW,0,,0,,0,0
d58da9a80a0449c18420f87d8e17e1d5,xTolerance,StoryMaps,public,1.6,data.version,LEGACY,version_lt_2.0,https://www.arcgis.com/home/item.html?id=d58da9a80a0449c18420f87d8e17e1d5,1342040757000,1348057212000,LOW,0,,0,,0,0
fa88fce5d5cf44019684728df8c189a1,yar har har,skitterman,private,1.9,data.version,LEGACY,version_lt_2.0,https://www.arcgis.com/home/item.html?id=fa88fce5d5cf44019684728df8c189a1,1478197855000,1478199578000,MEDIUM,1,ee1358673cae4f29a3c3ade598f2ae03,0,,0,0
d23736a2e12541e489d44e7e2f2c2f0e,yar har har - Shortlist builder,skitterman,private,1.9,data.version,LEGACY,version_lt_2.0,https://www.arcgis.com/home/item.html?id=d23736a2e12541e489d44e7e2f2c2f0e,1478197922000,1478197922000,MEDIUM,1,d23e58c1d16d41a0b1addfd8deb16cce,0,,0,0
3fc55f2f66084096a9aa23768b0a8e9f,yar har har - Shortlist builder,skitterman,private,1.9,data.version,LEGACY,version_lt_2.0,https://www.arcgis.com/home/item.html?id=3fc55f2f66084096a9aa23768b0a8e9f,1478197991000,1478197991000,LOW,0,,0,,0,0
f26a847c003c41e6b226fb0adc204cc3,yar har har - Shortlist builder,skitterman,private,1.9,data.version,LEGACY,version_lt_2.0,https://www.arcgis.com/home/item.html?id=f26a847c003c41e6b226fb0adc204cc3,1478198352000,1478198352000,LOW,0,,0,,0,0
9754c7aa49604663af7ca516e253a054,yar har har - Shortlist builder,skitterman,private,1.9,data.version,LEGACY,version_lt_2.0,https://www.arcgis.com/home/item.html?id=9754c7aa49604663af7ca516e253a054,1478198030000,1478198030000,LOW,0,,0,,0,0
36cc1e5e3ecf4c748900c10938cfcdfd,yar har har - Shortlist builder,skitterman,private,1.9,data.version,LEGACY,version_lt_2.0,https://www.arcgis.com/home/item.html?id=36cc1e5e3ecf4c748900c10938cfcdfd,1478198989000,1478198989000,LOW,0,,0,,0,0
0c052f6442bd43baa404fe480d997135,yar har har - Shortlist builder,skitterman,private,1.9,data.version,LEGACY,version_lt_2.0,https://www.arcgis.com/home/item.html?id=0c052f6442bd43baa404fe480d997135,1478199646000,1478301448000,LOW,0,,0,,0,0
b6bec0af7f734dfaa0b9cf08faedecb7,Yellowstone Backcountry,StoryMaps,public,1.9.1,data.version,LEGACY,version_lt_2.0,https://www.arcgis.com/home/item.html?id=b6bec0af7f734dfaa0b9cf08faedecb7,1401297502000,1401312045000,LOW,0,,0,,0,0
2c918ce820dd4d2bb99c5a0df77ab5fa,"Yellowstone Calderas, Faults, and Earthquakes",StoryMaps,public,1.9.1,data.version,LEGACY,version_lt_2.0,https://www.arcgis.com/home/item.html?id=2c918ce820dd4d2bb99c5a0df77ab5fa,1401297658000,1401402549000,LOW,0,,0,,0,0
4afedd99978f497ab0c6878c40995b7f,Yellowstone Trails,mystories,private,1.9.1,data.version,LEGACY,version_lt_2.0,https://www.arcgis.com/home/item.html?id=4afedd99978f497ab0c6878c40995b7f,1425586130000,1425586131000,LOW,0,,0,,0,0
48bbdbcbdce640249154cafb45194469,Yellowstone Trails,StoryMaps,public,1.9.1,data.version,LEGACY,version_lt_2.0,https://www.arcgis.com/home/item.html?id=48bbdbcbdce640249154cafb45194469,1401380129000,1401394569000,HIGH,1,e7f06e9b169b4a26a380007c8a4e15fc,0,,1,0
190dd14164c34fd2a3ad47e696655905,Yosemite 1833 copy,StoryMaps,public,1.5,data.version,LEGACY,version_lt_2.0,https://www.arcgis.com/home/item.html?id=190dd14164c34fd2a3ad47e696655905,1331581869000,1478279140000,LOW,0,,0,,0,0
1b87eaa6987c45af8cee24efa10ac829,Yosemite remoteness analysis layer,StoryMaps_services,private,1.9.1,data.version,LEGACY,version_lt_2.0,https://www.arcgis.com/home/item.html?id=1b87eaa6987c45af8cee24efa10ac829,1402168808000,1402352230000,LOW,0,,0,,0,0
ef8c4377b99d417bba523d74bf01f7f0,Young Voices for the Planet,StoryMaps,public,1.9,data.version,LEGACY,version_lt_2.0,https://www.arcgis.com/home/item.html?id=ef8c4377b99d417bba523d74bf01f7f0,1381150143000,1381190590000,LOW,0,,0,,0,0
da977ae6d7a64f3e861141e927b43919,Yucca Flat,StoryMaps,public,1.9.1,data.version,LEGACY,version_lt_2.0,https://www.arcgis.com/home/item.html?id=da977ae6d7a64f3e861141e927b43919,1383664464000,1390370309000,LOW,0,,0,,0,0
d922cfdf990b434cb62d691561ff0271,Yucca Flat-Copy,StoryMaps,private,1.9,data.version,LEGACY,version_lt_2.0,https://www.arcgis.com/home/item.html?id=d922cfdf990b434cb62d691561ff0271,1383677169000,1383695194000,LOW,0,,0,,0,0
3a90385d73c84962adf664a40537d0f9,Zip code test,acarroll73,shared,1.5,data.version,LEGACY,version_lt_2.0,https://www.arcgis.com/home/item.html?id=3a90385d73c84962adf664a40537d0f9,1329402927000,1346084234000,LOW,0,,0,,0,0
6062139d42a24ed7841fe42363a841ca,Zoo Babies,StoryMaps,public,1.9.1,data.version,LEGACY,version_lt_2.0,https://www.arcgis.com/home/item.html?id=6062139d42a24ed7841fe42363a841ca,1396885716000,1399411889000,LOW,0,,0,,0,0
aa68671d9c5d4797a57e4bc419ecbf8c,Zoo Baby Example,StoryMaps,private,1.9.1,data.version,LEGACY,version_lt_2.0,https://www.arcgis.com/home/item.html?id=aa68671d9c5d4797a57e4bc419ecbf8c,1395952565000,1554396948000,LOW,0,,0,,0,0
705c481ee1b542199d341ba31eb72f68,Zoo Points,StoryMaps,public,1.9.1,data.version,LEGACY,version_lt_2.0,https://www.arcgis.com/home/item.html?id=705c481ee1b542199d341ba31eb72f68,1397154168000,1400086100000,MEDIUM,1,86ea1a25d56e4276bdbbe8cff74cd14f,0,,0,0
dfb3b9806fb149a786e94e003f6882e2,Zoo_Zoo Babies AGOL (final),StoryMaps,public,1.9.1,data.version,LEGACY,version_lt_2.0,https://www.arcgis.com/home/item.html?id=dfb3b9806fb149a786e94e003f6882e2,1399476535000,1554411599000,LOW,0,,0,,0,0
